candidate_id	status	file	line	qkey	statement	value	unit	markers	notes
CAND-0001	UNREVIEWED	ch-0-1-credit-cycle.txt	15		• Banking stocks constitute approximately 60–70% of NEPSE market capitalisation.	70%		percent|score_band|nepse	auto-extracted; assign qkey + status in triage (03)
CAND-0002	UNREVIEWED	ch-0-1-credit-cycle.txt	30		Early expansion15–20%Flat to mild uptrend0–3 months	20%		percent	auto-extracted; assign qkey + status in triage (03)
CAND-0003	UNREVIEWED	ch-0-1-credit-cycle.txt	31		Peak expansion20–30%+Strong bull run3–9 months	30%		percent	auto-extracted; assign qkey + status in triage (03)
CAND-0004	UNREVIEWED	ch-0-1-credit-cycle.txt	32		Credit deceleration10–15%Market stalls, rotation beginsContemporaneous	15%		percent	auto-extracted; assign qkey + status in triage (03)
CAND-0005	UNREVIEWED	ch-0-1-credit-cycle.txt	33		Credit tighteningBelow 10%Correction begins0–6 months	10%		percent	auto-extracted; assign qkey + status in triage (03)
CAND-0006	UNREVIEWED	ch-0-1-credit-cycle.txt	35		Credit re-expansion10–15% (recovering)Base formation, early recovery3–12 months	15%		percent	auto-extracted; assign qkey + status in triage (03)
CAND-0007	UNREVIEWED	ch-0-1-credit-cycle.txt	36		Table 0.1.1 — Credit Growth and NEPSE Index Relationship (Illustrative Pattern Based on Historical Cycles)			nepse	auto-extracted; assign qkey + status in triage (03)
CAND-0008	UNREVIEWED	ch-0-1-credit-cycle.txt	47		This data is free, public, and consistently predictive of NEPSE direction 3–12 months forward.	3–12		score_band|nepse	auto-extracted; assign qkey + status in triage (03)
CAND-0009	UNREVIEWED	ch-0-1-credit-cycle.txt	51		Nepal receives remittances equivalent to approximately 25–30% of GDP annually — one of the highest ratios in the world.	30%		percent|score_band	auto-extracted; assign qkey + status in triage (03)
CAND-0010	UNREVIEWED	ch-0-1-credit-cycle.txt	58		The simplified mechanics: If the CRR is 4% and SLR is 12%, a bank receiving NPR 100 in fresh deposits can lend approximately NPR 80–84.	4%		percent|amount|score_band	auto-extracted; assign qkey + status in triage (03)
CAND-0011	UNREVIEWED	ch-0-1-credit-cycle.txt	58		That NPR 80–84 will eventually be redeposited in the banking system, creating further lending capacity.	NPR 80		amount|score_band	auto-extracted; assign qkey + status in triage (03)
CAND-0012	UNREVIEWED	ch-0-1-credit-cycle.txt	60		Annual remittance inflowsNPR 1.0–1.2 trillion+Primary driver of deposit growth	NPR 1.0		amount|score_band	auto-extracted; assign qkey + status in triage (03)
CAND-0013	UNREVIEWED	ch-0-1-credit-cycle.txt	61		Remittances as % of GDP25–30%External dependency and fragility	30%		percent	auto-extracted; assign qkey + status in triage (03)
CAND-0014	UNREVIEWED	ch-0-1-credit-cycle.txt	63		CRR (Cash Reserve Ratio)\~4% (NRB-set)Changes directly alter loanable funds	4%		percent	auto-extracted; assign qkey + status in triage (03)
CAND-0015	UNREVIEWED	ch-0-1-credit-cycle.txt	64		SLR (Statutory Liquidity Ratio)\~12% (NRB-set)Changes constrain credit capacity	12%		percent	auto-extracted; assign qkey + status in triage (03)
CAND-0016	UNREVIEWED	ch-0-1-credit-cycle.txt	65		Practical lending ratio per deposit NPR\~0.78–0.82 NPRBasis of credit multiplier calculation	0.82 NPR		amount|score_band	auto-extracted; assign qkey + status in triage (03)
CAND-0017	UNREVIEWED	ch-0-1-credit-cycle.txt	77		Watch: Gulf Cooperation Council (GCC) employment announcements, Qatar and UAE construction sector activity, Malaysia manufacturing employment — these are leading indicators for Nepal's remittance cycle 3–6 months forward.	3–6		score_band	auto-extracted; assign qkey + status in triage (03)
CAND-0018	UNREVIEWED	ch-0-1-credit-cycle.txt	82		Loan disbursement to first interest receipt (\~1–3 months): When a bank increases lending, it takes time for new loans to be fully disbursed and for the first interest payments to be received.	1–3		score_band	auto-extracted; assign qkey + status in triage (03)
CAND-0019	UNREVIEWED	ch-0-1-credit-cycle.txt	83		Quarterly reporting delay (\~3 months): NEPSE-listed banks report quarterly.			nepse	auto-extracted; assign qkey + status in triage (03)
CAND-0020	UNREVIEWED	ch-0-1-credit-cycle.txt	84		NIM realisation lag (\~3–6 months): Net Interest Margin improvement from higher lending volumes takes time to accumulate in the income statement.	3–6		score_band	auto-extracted; assign qkey + status in triage (03)
CAND-0021	UNREVIEWED	ch-0-1-credit-cycle.txt	84		Banks fund much of their lending with time deposits (fixed deposits with 3–6 month terms).	3–6		score_band	auto-extracted; assign qkey + status in triage (03)
CAND-0022	UNREVIEWED	ch-0-1-credit-cycle.txt	87		Policy rate cut1–3 months2–5 months3–6 monthsPartial front-running; full in 6–9 months	6–9		score_band	auto-extracted; assign qkey + status in triage (03)
CAND-0023	UNREVIEWED	ch-0-1-credit-cycle.txt	90		Policy rate hike2–4 months3–6 months4–8 monthsPartial immediate; full in 6–12 months	6–12		score_band	auto-extracted; assign qkey + status in triage (03)
CAND-0024	UNREVIEWED	ch-0-1-credit-cycle.txt	97		• Step 2: Monitor monthly NRB credit data for 2–3 months to confirm credit growth is accelerating	2–3		score_band	auto-extracted; assign qkey + status in triage (03)
CAND-0025	UNREVIEWED	ch-0-1-credit-cycle.txt	99		• Step 4: Hold through the first 1–2 quarterly reports that begin to show NIM and EPS improvement	1–2		score_band	auto-extracted; assign qkey + status in triage (03)
CAND-0026	UNREVIEWED	ch-0-1-credit-cycle.txt	110		Projects that were viable with 15% credit growth slow sharply when credit contracts to 5–8%.	15%		percent|score_band	auto-extracted; assign qkey + status in triage (03)
CAND-0027	UNREVIEWED	ch-0-1-credit-cycle.txt	110		The NPL ratio rises with a 2–4 quarter lag to the credit contraction.	2–4		score_band	auto-extracted; assign qkey + status in triage (03)
CAND-0028	UNREVIEWED	ch-0-1-credit-cycle.txt	115		The key quantitative relationship: Every 1 percentage point increase in the banking sector NPL ratio requires approximately 0.25–0.50 percentage points of additional provisioning as a percentage of total loans (depending on the mix of NPL categories and existing provision coverage).	1 percent		percent|score_band	auto-extracted; assign qkey + status in triage (03)
CAND-0029	UNREVIEWED	ch-0-1-credit-cycle.txt	115		For a bank with a net interest margin of 3–4%, a sudden 3–4 percentage point NPL spike can consume a full year's NIM — eliminating all net profit.	4%		percent|score_band	auto-extracted; assign qkey + status in triage (03)
CAND-0030	UNREVIEWED	ch-0-1-credit-cycle.txt	117		The 2022 NEPSE correction is the cleanest recent example of this cycle in operation.			nepse	auto-extracted; assign qkey + status in triage (03)
CAND-0031	UNREVIEWED	ch-0-1-credit-cycle.txt	117		By late 2021, credit growth had exceeded 25% year-on-year.	25%		percent	auto-extracted; assign qkey + status in triage (03)
CAND-0032	UNREVIEWED	ch-0-1-credit-cycle.txt	118		By mid-2022, the NEPSE index had fallen more than 40% from its peak.	40%		percent|nepse	auto-extracted; assign qkey + status in triage (03)
CAND-0033	UNREVIEWED	ch-0-1-credit-cycle.txt	118		Banks began reporting NPL increases in Q3 and Q4 2022 quarterly reports — exactly 2–4 quarters after the credit tightening began, consistent with the lag structure described above.	2–4		score_band	auto-extracted; assign qkey + status in triage (03)
CAND-0034	UNREVIEWED	ch-0-1-credit-cycle.txt	119		An investor who had read the credit data in late 2021 — and understood that 25% credit growth with a near-binding CD ratio was an unsustainable terminal condition — had between 3 and 6 months of warning before the worst of the correction materialised.	25%		percent	auto-extracted; assign qkey + status in triage (03)
CAND-0035	UNREVIEWED	ch-0-1-credit-cycle.txt	121		When NEPSE credit growth exceeds 20% YoY for two consecutive quarters AND the system-wide CD ratio is above 85% of the NRB ceiling AND margin loan balances are growing faster than the loan book: reduce equity exposure regardless of short-term price momentum.	20%		percent|nepse	auto-extracted; assign qkey + status in triage (03)
CAND-0036	UNREVIEWED	ch-0-1-credit-cycle.txt	135		Above 20%: expansion phase.	20%		percent	auto-extracted; assign qkey + status in triage (03)
CAND-0037	UNREVIEWED	ch-0-1-credit-cycle.txt	135		10–20%: neutral.	20%		percent|score_band	auto-extracted; assign qkey + status in triage (03)
CAND-0038	UNREVIEWED	ch-0-1-credit-cycle.txt	135		Below 10%: tightening phase.	10%		percent	auto-extracted; assign qkey + status in triage (03)
CAND-0039	UNREVIEWED	ch-0-1-credit-cycle.txt	136		CD ratio (system-wide average, %) — proximity to NRB ceiling (\~90%).	90%		percent	auto-extracted; assign qkey + status in triage (03)
CAND-0040	UNREVIEWED	ch-0-1-credit-cycle.txt	136		Above 88%: binding constraint approaching.	88%		percent	auto-extracted; assign qkey + status in triage (03)
CAND-0041	UNREVIEWED	ch-0-1-credit-cycle.txt	136		Below 80%: capacity available.	80%		percent	auto-extracted; assign qkey + status in triage (03)
CAND-0042	UNREVIEWED	ch-0-1-credit-cycle.txt	140		Credit growth \>20%, CD ratio \<85%, interbank rate lowPeak expansion — late stageReduce exposure.	20%		percent	auto-extracted; assign qkey + status in triage (03)
CAND-0043	UNREVIEWED	ch-0-1-credit-cycle.txt	141		Credit growth 15–20%, CD ratio 80–85%, interbank stableMid-expansion — healthyMaintain or modestly increase banking exposure.	20%		percent|score_band	auto-extracted; assign qkey + status in triage (03)
CAND-0044	UNREVIEWED	ch-0-1-credit-cycle.txt	142		Credit growth 10–15%, CD ratio \<80%, NRB easingEarly expansion / recoveryBuild positions.	15%		percent|score_band	auto-extracted; assign qkey + status in triage (03)
CAND-0045	UNREVIEWED	ch-0-1-credit-cycle.txt	144		Credit growth \<10%, NPL reports rising, provisioning upCompression / repair phaseDefensive stance.	10%		percent	auto-extracted; assign qkey + status in triage (03)
CAND-0046	UNREVIEWED	ch-0-2-nrb-transmission.txt	21		Interest Rate ChannelPolicy rate, bank rateCost of capital changes → NIM → bank EPSNIM, lending ratesMedium (3–6 months)	3–6		score_band	auto-extracted; assign qkey + status in triage (03)
CAND-0047	UNREVIEWED	ch-0-2-nrb-transmission.txt	22		Credit ChannelCD ratio, credit growth targetLending capacity changes → corporate borrowing → earningsCD ratio, credit growth %Medium (2–5 months)	2–5		score_band	auto-extracted; assign qkey + status in triage (03)
CAND-0048	UNREVIEWED	ch-0-2-nrb-transmission.txt	23		Margin Loan ChannelMargin lending cap, collateral rulesEquity purchasing power → NEPSE demand → priceMargin loan balancesFast (weeks to 2 months)			nepse	auto-extracted; assign qkey + status in triage (03)
CAND-0049	UNREVIEWED	ch-0-2-nrb-transmission.txt	24		Project Finance ChannelLong-term lending rates, sector mandatesInfrastructure project economics → Hydro COD → earningsBank long-term loan bookSlow (6–24 months)	6–24		score_band	auto-extracted; assign qkey + status in triage (03)
CAND-0050	UNREVIEWED	ch-0-2-nrb-transmission.txt	37		This creates a transition period — typically 2–5 quarters — during which NIM moves in counter-intuitive ways:	2–5		score_band	auto-extracted; assign qkey + status in triage (03)
CAND-0051	UNREVIEWED	ch-0-2-nrb-transmission.txt	38		But the loan book reprices more slowly, because many loans are fixed-rate for 1–3 year terms.	1–3		score_band	auto-extracted; assign qkey + status in triage (03)
CAND-0052	UNREVIEWED	ch-0-2-nrb-transmission.txt	40		When NRB cuts rates, investors who understand deposit repricing dynamics will know that the NIM expansion benefit will materialise over 3–6 quarters — not immediately.	3–6		score_band	auto-extracted; assign qkey + status in triage (03)
CAND-0053	UNREVIEWED	ch-0-2-nrb-transmission.txt	42		For Nepal's commercial banks, net interest income represents approximately 70–80% of total operating income.	80%		percent|score_band	auto-extracted; assign qkey + status in triage (03)
CAND-0054	UNREVIEWED	ch-0-2-nrb-transmission.txt	42		A 10 basis point change in NIM, maintained over four quarters, translates to approximately a 3–5% change in pre-provision operating profit, depending on the bank's cost-to-income ratio.	5%		percent|score_band	auto-extracted; assign qkey + status in triage (03)
CAND-0055	UNREVIEWED	ch-0-2-nrb-transmission.txt	43		This means: a 50 basis point NIM compression sustained over two years can reduce EPS by 15–25% in a highly efficient bank.	25%		percent|score_band	auto-extracted; assign qkey + status in triage (03)
CAND-0056	UNREVIEWED	ch-0-2-nrb-transmission.txt	43		At an unchanged P/E multiple, this translates directly into a 15–25% share price decline.	25%		percent|score_band	auto-extracted; assign qkey + status in triage (03)
CAND-0057	UNREVIEWED	ch-0-2-nrb-transmission.txt	43		If the market also re-rates the P/E downward (which happens when earnings are declining), the price impact can be 30–40%.	40%		percent|score_band	auto-extracted; assign qkey + status in triage (03)
CAND-0058	UNREVIEWED	ch-0-2-nrb-transmission.txt	49		The ceiling (currently \~90%, with periodic adjustments) defines the maximum fraction of deposits that banks may deploy as loans.	90%		percent	auto-extracted; assign qkey + status in triage (03)
CAND-0059	UNREVIEWED	ch-0-2-nrb-transmission.txt	51		System-wide average CD ratio approaching 85–87% means the most aggressive lenders are already constrained.	87%		percent|score_band	auto-extracted; assign qkey + status in triage (03)
CAND-0060	UNREVIEWED	ch-0-2-nrb-transmission.txt	63		Table 0.2.3 — Credit Channel Impact by NEPSE Sector			nepse	auto-extracted; assign qkey + status in triage (03)
CAND-0061	UNREVIEWED	ch-0-2-nrb-transmission.txt	98		• Debt: 60–75% of total project cost	75%		percent|score_band	auto-extracted; assign qkey + status in triage (03)
CAND-0062	UNREVIEWED	ch-0-2-nrb-transmission.txt	99		• Equity: 25–40% of total project cost (from promoters and public shareholders)	40%		percent|score_band	auto-extracted; assign qkey + status in triage (03)
CAND-0063	UNREVIEWED	ch-0-2-nrb-transmission.txt	110		A one-year delay typically reduces the NAV of a hydropower project by 8–15% due to the combined effect of lost revenue, higher interest capitalisation, and time value of money on delayed dividends.	15%		percent|score_band	auto-extracted; assign qkey + status in triage (03)
CAND-0064	UNREVIEWED	ch-0-2-nrb-transmission.txt	122		The investor who waits for confirmation of all four conditions will miss the first 10–15% of the recovery — but will avoid the serious risk of re-entering while the feedback loop is still operating.	15%		percent|score_band	auto-extracted; assign qkey + status in triage (03)
CAND-0065	UNREVIEWED	ch-0-2-nrb-transmission.txt	124		Do not call a market bottom until: (1) NRB has eased at least one instrument, (2) system CD ratio is below 83%, (3) monthly credit growth data shows a second consecutive improvement, (4) interbank rates are declining.	83%		percent	auto-extracted; assign qkey + status in triage (03)
CAND-0066	UNREVIEWED	ch-0-2-nrb-transmission.txt	130		CD ratio ceiling (reduction)2–6 weeksBank lending capacity constrainsCredit slowdown beginsSlow (quarters)	2–6		score_band	auto-extracted; assign qkey + status in triage (03)
CAND-0067	UNREVIEWED	ch-0-2-nrb-transmission.txt	131		Policy rate change1–3 months to full banking system effectCost of funds repricingNIM, then EPS, then priceMedium (2–4 quarters)	2–4		score_band	auto-extracted; assign qkey + status in triage (03)
CAND-0068	UNREVIEWED	ch-0-2-nrb-transmission.txt	136		Table 0.2.7 — NRB Instrument Transmission Speed to NEPSE			nepse	auto-extracted; assign qkey + status in triage (03)
CAND-0069	UNREVIEWED	ch-0-2-nrb-transmission.txt	137		The hierarchy for investor response: margin loan announcements require immediate action; CD ratio changes require positioning within weeks; policy rate changes require portfolio adjustment within 1–3 months; capital requirement and priority sector changes require strategic recalibration over quarters.	1–3		score_band	auto-extracted; assign qkey + status in triage (03)
CAND-0070	UNREVIEWED	ch-0-3-liquidity-regimes.txt	12		The investor who behaves identically across all four regimes will be correct only 25% of the time in the most important dimension of their decision-making.	25%		percent	auto-extracted; assign qkey + status in triage (03)
CAND-0071	UNREVIEWED	ch-0-3-liquidity-regimes.txt	18		There are transition periods of 2–4 months when the regime is ambiguous.	2–4		score_band	auto-extracted; assign qkey + status in triage (03)
CAND-0072	UNREVIEWED	ch-0-3-liquidity-regimes.txt	30		Private sector credit growth (YoY)\>15%, often reaching 20–30%+Active credit expansion underway	15%		percent|score_band	auto-extracted; assign qkey + status in triage (03)
CAND-0073	UNREVIEWED	ch-0-3-liquidity-regimes.txt	31		System-wide CD ratio\<85% (ample capacity)Banks have room to grow loan books	85%		percent	auto-extracted; assign qkey + status in triage (03)
CAND-0074	UNREVIEWED	ch-0-3-liquidity-regimes.txt	33		Banking system deposit growthStrong (\>15% YoY)Remittance inflows healthy	15%		percent	auto-extracted; assign qkey + status in triage (03)
CAND-0075	UNREVIEWED	ch-0-3-liquidity-regimes.txt	44		• Credit growth exceeds 20% for two or more consecutive quarters — lending standards are deteriorating	20%		percent	auto-extracted; assign qkey + status in triage (03)
CAND-0076	UNREVIEWED	ch-0-3-liquidity-regimes.txt	45		• CD ratio approaches 85–88% — the system is approaching maximum capacity	88%		percent|score_band	auto-extracted; assign qkey + status in triage (03)
CAND-0077	UNREVIEWED	ch-0-3-liquidity-regimes.txt	47		• NEPSE price-to-book for the banking sector exceeds 2.5–3.0x — historical valuation ceiling approaching	5–3		score_band|nepse	auto-extracted; assign qkey + status in triage (03)
CAND-0078	UNREVIEWED	ch-0-3-liquidity-regimes.txt	52		Equity allocation: 70–85% (overweight relative to strategic baseline)	85%		percent|score_band	auto-extracted; assign qkey + status in triage (03)
CAND-0079	UNREVIEWED	ch-0-3-liquidity-regimes.txt	56		Cash: Minimum (10–15%) maintained for opportunistic additions and liquidity buffer.	15%		percent|score_band	auto-extracted; assign qkey + status in triage (03)
CAND-0080	UNREVIEWED	ch-0-3-liquidity-regimes.txt	57		Late-phase trigger (reduce equity): Credit growth \>20% for 2+ quarters AND CD ratio \>87%.	20%		percent	auto-extracted; assign qkey + status in triage (03)
CAND-0081	UNREVIEWED	ch-0-3-liquidity-regimes.txt	62		Private sector credit growth (YoY)Decelerating from peak; often 10–15% and fallingCredit expansion slowing or stopping	15%		percent|score_band	auto-extracted; assign qkey + status in triage (03)
CAND-0082	UNREVIEWED	ch-0-3-liquidity-regimes.txt	63		System-wide CD ratio\>87%, some banks at ceilingBinding constraint on lending	87%		percent	auto-extracted; assign qkey + status in triage (03)
CAND-0083	UNREVIEWED	ch-0-3-liquidity-regimes.txt	77		Equity allocation: 30–50% (underweight; decline begins before earnings data confirms)	50%		percent|score_band	auto-extracted; assign qkey + status in triage (03)
CAND-0084	UNREVIEWED	ch-0-3-liquidity-regimes.txt	83		Cash: Build to 40–60%.	60%		percent|score_band	auto-extracted; assign qkey + status in triage (03)
CAND-0085	UNREVIEWED	ch-0-3-liquidity-regimes.txt	90		NPL ratio (system-wide)Rising — often 3–8%+ in severe cyclesLoan quality deteriorating; legacy of Phase 1 over-lending	8%		percent|score_band	auto-extracted; assign qkey + status in triage (03)
CAND-0086	UNREVIEWED	ch-0-3-liquidity-regimes.txt	92		Credit growthLow (5–10%) but stabilisingBanks not tightening further — but not expanding	10%		percent|score_band	auto-extracted; assign qkey + status in triage (03)
CAND-0087	UNREVIEWED	ch-0-3-liquidity-regimes.txt	100		By Phase 3, banking stocks may be trading at P/B ratios of 0.8–1.2x — below historical averages.	8–1		score_band	auto-extracted; assign qkey + status in triage (03)
CAND-0088	UNREVIEWED	ch-0-3-liquidity-regimes.txt	104		Equity allocation: 30–45% (low; begin building selectively toward the end of Phase 3)	45%		percent|score_band	auto-extracted; assign qkey + status in triage (03)
CAND-0089	UNREVIEWED	ch-0-3-liquidity-regimes.txt	108		Cash: 45–60%.	60%		percent|score_band	auto-extracted; assign qkey + status in triage (03)
CAND-0090	UNREVIEWED	ch-0-3-liquidity-regimes.txt	118		Credit growthBeginning to recover — 8–12% and risingCredit channel reopening	12%		percent|score_band	auto-extracted; assign qkey + status in triage (03)
CAND-0091	UNREVIEWED	ch-0-3-liquidity-regimes.txt	119		CD ratioBelow 83% — capacity availableBanks can expand lending again	83%		percent	auto-extracted; assign qkey + status in triage (03)
CAND-0092	UNREVIEWED	ch-0-3-liquidity-regimes.txt	126		The investor who waited for three consecutive months of rising NEPSE prices before buying will be entering at 15–25% higher prices than the early Phase 4 entrant.	25%		percent|score_band|nepse	auto-extracted; assign qkey + status in triage (03)
CAND-0093	UNREVIEWED	ch-0-3-liquidity-regimes.txt	126		The investor who read NRB data and identified the NPL trough and policy pivot 2–3 months before consensus recognition is the one who captures the most powerful part of the re-rating.	2–3		score_band	auto-extracted; assign qkey + status in triage (03)
CAND-0094	UNREVIEWED	ch-0-3-liquidity-regimes.txt	130		Equity allocation: 65–80% (build aggressively as Phase 4 signals accumulate)	80%		percent|score_band	auto-extracted; assign qkey + status in triage (03)
CAND-0095	UNREVIEWED	ch-0-3-liquidity-regimes.txt	136		Cash: Reduce to 15–25% strategically.	25%		percent|score_band	auto-extracted; assign qkey + status in triage (03)
CAND-0096	UNREVIEWED	ch-0-3-liquidity-regimes.txt	137		Phase 4 → Phase 1 transition: Credit growth exceeds 15% for two consecutive quarters = Phase 1 confirmed.	15%		percent	auto-extracted; assign qkey + status in triage (03)
CAND-0097	UNREVIEWED	ch-0-3-liquidity-regimes.txt	158		\>20%: Phase 1 late / approaching Phase 2	20%		percent	auto-extracted; assign qkey + status in triage (03)
CAND-0098	UNREVIEWED	ch-0-3-liquidity-regimes.txt	159		15–20%: Phase 1 mid	20%		percent|score_band	auto-extracted; assign qkey + status in triage (03)
CAND-0099	UNREVIEWED	ch-0-3-liquidity-regimes.txt	160		10–15%: Phase 1 early / Phase 4 late	15%		percent|score_band	auto-extracted; assign qkey + status in triage (03)
CAND-0100	UNREVIEWED	ch-0-3-liquidity-regimes.txt	161		5–10%: Phase 2 / Phase 3	10%		percent|score_band	auto-extracted; assign qkey + status in triage (03)
CAND-0101	UNREVIEWED	ch-0-3-liquidity-regimes.txt	162		\<5%: Phase 3 / Phase 2 extreme	5%		percent	auto-extracted; assign qkey + status in triage (03)
CAND-0102	UNREVIEWED	ch-0-3-liquidity-regimes.txt	164		\<80%: Phase 1 early / Phase 4 — ample capacity	80%		percent	auto-extracted; assign qkey + status in triage (03)
CAND-0103	UNREVIEWED	ch-0-3-liquidity-regimes.txt	165		80–85%: Phase 1 mid — moderate	85%		percent|score_band	auto-extracted; assign qkey + status in triage (03)
CAND-0104	UNREVIEWED	ch-0-3-liquidity-regimes.txt	166		85–90%: Phase 1 late / Phase 2 beginning — constrained	90%		percent|score_band	auto-extracted; assign qkey + status in triage (03)
CAND-0105	UNREVIEWED	ch-0-3-liquidity-regimes.txt	167		\>90%: Phase 2 active — binding	90%		percent	auto-extracted; assign qkey + status in triage (03)
CAND-0106	UNREVIEWED	ch-0-3-liquidity-regimes.txt	170		1–2% above floor: Neutral to mildly tight	2%		percent|score_band	auto-extracted; assign qkey + status in triage (03)
CAND-0107	UNREVIEWED	ch-0-3-liquidity-regimes.txt	171		\>2% above floor sustained: Tightening / Phase 2	2%		percent	auto-extracted; assign qkey + status in triage (03)
CAND-0108	UNREVIEWED	ch-0-3-liquidity-regimes.txt	190		Total equity allocation70–85%30–50%30–45%65–80%	85%		percent|score_band	auto-extracted; assign qkey + status in triage (03)
CAND-0109	UNREVIEWED	ch-0-3-liquidity-regimes.txt	191		Cash & near-cash (FD)10–15%40–60%45–60%15–25%	15%		percent|score_band	auto-extracted; assign qkey + status in triage (03)
CAND-0110	UNREVIEWED	ch-0-3-liquidity-regimes.txt	192		Commercial banksOverweight (25–35%)Underweight (8–15%)Selective (10–15%)Overweight (25–35%)	35%		percent|score_band	auto-extracted; assign qkey + status in triage (03)
CAND-0111	UNREVIEWED	ch-0-3-liquidity-regimes.txt	193		Development banksModerate (5–10%)Exit or minimal (0–3%)Minimal (0–5%)Moderate (5–8%)	10%		percent|score_band	auto-extracted; assign qkey + status in triage (03)
CAND-0112	UNREVIEWED	ch-0-3-liquidity-regimes.txt	194		Finance companiesMinimal (0–3%)Exit (0%)Exit (0%)Re-enter selectively (0–3%)	3%		percent|score_band	auto-extracted; assign qkey + status in triage (03)
CAND-0113	UNREVIEWED	ch-0-3-liquidity-regimes.txt	195		Microfinance (MFI)Moderate / selective (5–10%)Reduce / exit (0–3%)Avoid (0%)Selective re-entry (3–7%)	10%		percent|score_band	auto-extracted; assign qkey + status in triage (03)
CAND-0114	UNREVIEWED	ch-0-3-liquidity-regimes.txt	196		Hydro — post CODModerate (10–15%)Moderate / reduce (7–12%)Accumulate (10–15%)Overweight (12–18%)	15%		percent|score_band	auto-extracted; assign qkey + status in triage (03)
CAND-0115	UNREVIEWED	ch-0-3-liquidity-regimes.txt	197		Hydro — under constructionSmall / selective (3–7%)Exit or minimal (0–3%)Minimal (0–3%)Build selectively (3–7%)	7%		percent|score_band	auto-extracted; assign qkey + status in triage (03)
CAND-0116	UNREVIEWED	ch-0-3-liquidity-regimes.txt	198		InsuranceModerate (5–8%)Reduce (3–5%)Hold (4–6%)Moderate (5–8%)	8%		percent|score_band	auto-extracted; assign qkey + status in triage (03)
CAND-0117	UNREVIEWED	ch-0-3-liquidity-regimes.txt	199		Manufacturing / TradingSelective (2–5%)Minimal (0–2%)Minimal (0–2%)Selective (2–4%)	5%		percent|score_band	auto-extracted; assign qkey + status in triage (03)
CAND-0118	UNREVIEWED	ch-0-3-liquidity-regimes.txt	205		Transition over 4–8 weeks for Phase 1 to Phase 2 (where speed matters), and over 8–16 weeks for Phase 3 to Phase 4 (where confirmation accumulates slowly).	4–8		score_band	auto-extracted; assign qkey + status in triage (03)
CAND-0119	UNREVIEWED	ch-01-nrb-monetary-policy.txt	16		For FY 2025/26, NRB set an economic growth assumption of 6 percent and an inflation ceiling of 5 percent, with broad money supply projected to expand around 13 percent and private sector credit growth projected around 12 percent — figures that mark a deliberate easing relative to the contractionary stance NRB had held through FY 2022/23, when the growth target stood at 8 percent but the credit gro	6 percent		percent|fraction	auto-extracted; assign qkey + status in triage (03)
CAND-0120	UNREVIEWED	ch-01-nrb-monetary-policy.txt	17		NRB's monetary policy has, since FY 2022/23, moved through a clearly identifiable easing cycle: rates were raised sharply to defend the currency peg and rebuild reserves during the 2022 external-sector crisis, held tight through FY 2023/24 as inflation was brought down from above 8 percent toward the mid-single digits, and then progressively eased across FY 2024/25 and FY 2025/26 as reserves rebui	8 percent		percent|fraction	auto-extracted; assign qkey + status in triage (03)
CAND-0121	UNREVIEWED	ch-01-nrb-monetary-policy.txt	17		The correct analytical habit is always to compare the new statement against the prior year's actual outturns, not merely against its stated targets — NRB, like most central banks, frequently revises its in-year stance through a formal mid-year review (typically released around mid-Poush, in January) and, increasingly in recent cycles, through additional off-cycle reviews when conditions warrant, a	4.50 percent		percent|fraction	auto-extracted; assign qkey + status in triage (03)
CAND-0122	UNREVIEWED	ch-01-nrb-monetary-policy.txt	21		Since February 2024, NRB has operated a fully implemented Interest Rate Corridor (IRC) system, which replaced an earlier, looser framework with a cleaner three-rate architecture that any NEPSE investor needs to be able to recite from memory.	February 2024		word_date|nepse	auto-extracted; assign qkey + status in triage (03)
CAND-0123	UNREVIEWED	ch-01-nrb-monetary-policy.txt	22		In FY 2022/23, the policy rate stood at 7.00 percent, with the bank rate at 8.50 percent and the deposit collection rate at 5.50 percent — a wide corridor reflecting both the tightening stance and the system's immaturity in managing liquidity within a narrow band.	7.00 percent		percent|fraction	auto-extracted; assign qkey + status in triage (03)
CAND-0124	UNREVIEWED	ch-01-nrb-monetary-policy.txt	22		By FY 2023/24 the policy rate had eased to 6.50 percent, the bank rate to 7.50 percent, and the deposit collection rate to 4.50 percent.	6.50 percent		percent|fraction	auto-extracted; assign qkey + status in triage (03)
CAND-0125	UNREVIEWED	ch-01-nrb-monetary-policy.txt	22		FY 2024/25 brought the policy rate down to 5.00 percent, the bank rate to 6.50 percent, and the deposit collection rate to 3.00 percent.	5.00 percent		percent|fraction	auto-extracted; assign qkey + status in triage (03)
CAND-0126	UNREVIEWED	ch-01-nrb-monetary-policy.txt	22		The monetary policy statement for FY 2025/26 cut further, setting the policy rate at 4.50 percent, the bank rate at 6.00 percent, and the deposit collection rate at 2.75 percent, and the subsequent mid-year review compressed the corridor again, taking the policy rate to 4.25 percent and the bank rate (SLF) down to 5.75 percent while holding the deposit floor at 2.75 percent.	4.50 percent		percent|fraction	auto-extracted; assign qkey + status in triage (03)
CAND-0127	UNREVIEWED	ch-01-nrb-monetary-policy.txt	25		FY 2022/237.00%8.50%5.50%300 bps	237.00%		percent|fraction	auto-extracted; assign qkey + status in triage (03)
CAND-0128	UNREVIEWED	ch-01-nrb-monetary-policy.txt	26		FY 2023/246.50%7.50%4.50%300 bps	246.50%		percent|fraction	auto-extracted; assign qkey + status in triage (03)
CAND-0129	UNREVIEWED	ch-01-nrb-monetary-policy.txt	27		FY 2024/255.00%6.50%3.00%350 bps	255.00%		percent|fraction	auto-extracted; assign qkey + status in triage (03)
CAND-0130	UNREVIEWED	ch-01-nrb-monetary-policy.txt	28		FY 2025/26 (initial, mid-July 2025)4.50%6.00%2.75%325 bps	4.50%		percent|fraction|word_date	auto-extracted; assign qkey + status in triage (03)
CAND-0131	UNREVIEWED	ch-01-nrb-monetary-policy.txt	29		FY 2025/26 (mid-year review, Dec 2025)4.25%5.75%2.75%300 bps	4.25%		percent|fraction|word_date	auto-extracted; assign qkey + status in triage (03)
CAND-0132	UNREVIEWED	ch-01-nrb-monetary-policy.txt	30		The 2021/22 tightening cycle coincided with a severe correction in the index as bank lending capacity collapsed and margin-lending books were forcibly deleveraged; the subsequent easing cycle from FY 2023/24 onward has coincided with a gradual recovery in system liquidity, a fall in fixed deposit rates that made equities relatively more attractive to yield-seeking savers, and a broad-based re-rati	2021/22		fraction	auto-extracted; assign qkey + status in triage (03)
CAND-0133	UNREVIEWED	ch-01-nrb-monetary-policy.txt	32		During the 2021/22 liquidity crisis, the interbank rate spiked well outside any orderly band — reported at points to have swung between roughly 0.2 percent and 8.5 percent before the corridor system was fully implemented — as banks scrambled for overnight funds.	0.2 percent		percent|fraction	auto-extracted; assign qkey + status in triage (03)
CAND-0134	UNREVIEWED	ch-01-nrb-monetary-policy.txt	32		Credit-to-deposit ratios pushed against regulatory ceilings, banks froze new lending including margin loans against shares, and NEPSE fell sharply from its 2021 highs.			nepse	auto-extracted; assign qkey + status in triage (03)
CAND-0135	UNREVIEWED	ch-01-nrb-monetary-policy.txt	36		"NRB raised the CRR from 3 percent to 4 percent as part of its tightening response entering FY 2022/23, and it has held that 4 percent requirement unchanged through the subsequent easing cycle, including in the FY 2025/26 statement and its mid-year review, both of which explicitly continued ""existing arrangements"" for CRR without alteration."	3 percent		percent|fraction	auto-extracted; assign qkey + status in triage (03)
CAND-0136	UNREVIEWED	ch-01-nrb-monetary-policy.txt	37		The SLR has stood at 12 percent for commercial (Class A) banks and 10 percent for development banks and finance companies across the recent cycle, a differential that reflects NRB's judgment that smaller deposit-taking institutions warrant a somewhat lighter mandatory liquidity buffer relative to their balance sheet scale, though in practice it also means commercial banks — which dominate system-w	12 percent		percent	auto-extracted; assign qkey + status in triage (03)
CAND-0137	UNREVIEWED	ch-01-nrb-monetary-policy.txt	38		Together, CRR and SLR effectively ring-fence roughly 16 percent of a commercial bank's deposit base (4 percent CRR plus 12 percent SLR) from ever reaching the loan book, before a single rupee of capital adequacy buffer, provisioning requirement, or the bank's own liquidity risk appetite is considered.	16 percent		percent	auto-extracted; assign qkey + status in triage (03)
CAND-0138	UNREVIEWED	ch-01-nrb-monetary-policy.txt	40		Subtract the CRR (currently 4 percent) and SLR (12 percent for commercial banks) from projected deposit growth to estimate the maximum loanable increment, then cross-check against the bank's credit-to-deposit (CD) ratio relative to NRB's regulatory ceiling — commonly cited at 90 percent — since a bank already near the ceiling cannot expand lending materially even with ample fresh deposits.	4 percent		percent	auto-extracted; assign qkey + status in triage (03)
CAND-0139	UNREVIEWED	ch-01-nrb-monetary-policy.txt	41		NRB caps the proportion of core deposits (plus certain qualifying borrowings) that a bank may deploy as credit, conventionally around 90 percent, precisely to prevent banks from over-lending against an unstable deposit base and to preserve a liquidity cushion for depositor withdrawals.	90 percent		percent	auto-extracted; assign qkey + status in triage (03)
CAND-0140	UNREVIEWED	ch-01-nrb-monetary-policy.txt	41		During the 2021/22 credit boom, system-wide CD ratios pushed hard against this ceiling, which is exactly why the liquidity crisis manifested as a lending freeze rather than merely higher rates — banks were not simply reluctant to lend at prevailing rates, many were regulatorily unable to lend more at any rate.	2021/22		fraction	auto-extracted; assign qkey + status in triage (03)
CAND-0141	UNREVIEWED	ch-01-nrb-monetary-policy.txt	41		As of recent reporting, the system-wide CD ratio has eased to roughly the mid-70s percent range against the 90 percent ceiling, indicating meaningful headroom for credit expansion — a condition consistent with, and partly explanatory of, the liquidity surplus and falling deposit rates that have characterised the FY 2024/25–2025/26 period.	90 percent		percent|fraction	auto-extracted; assign qkey + status in triage (03)
CAND-0142	UNREVIEWED	ch-01-nrb-monetary-policy.txt	47		As of recent data, the interbank rate has traded around 2.75 percent, below the 4.25 percent policy rate and comfortably above the SDF floor, which is itself diagnostic: an interbank rate persistently below the policy rate (rather than clustering near it) indicates the system is running a liquidity surplus, with banks more eager to lend to each other overnight than to bid for scarce funds — consis	2.75 percent		percent	auto-extracted; assign qkey + status in triage (03)
CAND-0143	UNREVIEWED	ch-01-nrb-monetary-policy.txt	54		As money market rates fall and NRB's deposit collection/SDF rate compresses, banks face less competitive pressure to offer high fixed deposit rates to attract savers, and deposit rates across the system begin to decline — a process NRB's easing cycle has visibly driven, with average system deposit rates recently reported near 3.5 percent, down substantially from the double-digit deposit rates bank	3.5 percent		percent	auto-extracted; assign qkey + status in triage (03)
CAND-0144	UNREVIEWED	ch-01-nrb-monetary-policy.txt	55		Nepali banks price loans using a base rate methodology prescribed by NRB, built substantially from the bank's cost of funds (heavily influenced by deposit rates) plus a spread; as deposit costs fall, base rates fall, and average lending rates follow — recently reported around 7.0 percent system-wide, down sharply from the 12–13 percent-plus levels seen at the peak of the 2022 tightening cycle.	7.0 percent		percent|score_band	auto-extracted; assign qkey + status in triage (03)
CAND-0145	UNREVIEWED	ch-01-nrb-monetary-policy.txt	57		As deposit rates fall, savers who had parked money in fixed deposits during the high-rate 2022–23 period face a shrinking incentive to keep renewing them, and a portion of that capital rotates toward alternative stores of value — NEPSE prominent among them for Nepali households, alongside real estate and, for some, remittance-funded consumption.			nepse	auto-extracted; assign qkey + status in triage (03)
CAND-0146	UNREVIEWED	ch-01-nrb-monetary-policy.txt	57		This is precisely the mechanism that made the interest rate collapse of FY 2024/25–2025/26 coincide with a broad-based NEPSE recovery: falling deposit rates pushed savers toward equities at the same time that falling borrowing costs and ample bank liquidity made margin financing cheaper and more available, a genuinely reflexive dynamic investors should recognise rather than mistake for a pure earn	2024/25		fraction|nepse	auto-extracted; assign qkey + status in triage (03)
CAND-0147	UNREVIEWED	ch-01-nrb-monetary-policy.txt	60		An investor should therefore watch remittance growth data and the monthly forex reserve position published by NRB not as a standalone macro curiosity, but as a leading indicator of how much room NRB has to continue easing, or how soon it might need to reverse course, exactly as it was forced to do entering FY 2022/23.	2022/23		fraction	auto-extracted; assign qkey + status in triage (03)
CAND-0148	UNREVIEWED	ch-01-nrb-monetary-policy.txt	65		The interest rate corridor, fully implemented since February 2024, has compressed and moved sharply lower across the recent easing cycle — from a 7.00 percent policy rate and an 8.50/5.50 percent corridor in FY 2022/23 down to a 4.25 percent policy rate and a 5.75/2.75 percent corridor by the FY 2025/26 mid-year review — and this trajectory maps closely onto NEPSE's own arc from the 2021/22 liquid	7.00 percent		percent|fraction|word_date|nepse	auto-extracted; assign qkey + status in triage (03)
CAND-0149	UNREVIEWED	ch-01-nrb-monetary-policy.txt	66		CRR (held at 4 percent) and SLR (12 percent for commercial banks, 10 percent for development banks and finance companies) sterilize roughly a sixth of system deposits from ever reaching the loan book regardless of the interest rate stance, while the credit-to-deposit ratio ceiling, conventionally near 90 percent, frequently becomes the more binding practical constraint on lending capacity — meanin	4 percent		percent	auto-extracted; assign qkey + status in triage (03)
CAND-0150	UNREVIEWED	ch-01-nrb-monetary-policy.txt	67		Open market operations, the Standing Liquidity Facility, and the Standing Deposit Facility are the daily plumbing that keeps the interbank rate trading within the corridor, and the interbank rate itself — freely observable, reported continuously, and currently sitting near the corridor floor around 2.75 percent — is one of the fastest, most underused leading indicators of system liquidity conditio	2.75 percent		percent	auto-extracted; assign qkey + status in triage (03)
CAND-0151	UNREVIEWED	ch-02-credit-policy-impact.txt	13		Nepal Rastra Bank research covering the period from 1990 to 2025 places the long-run average ratio of domestic credit to GDP at roughly 45 percent, with a recorded low near 11 percent in the early liberalization years and a recorded high just above 95 percent in 2022.	45 percent		percent	auto-extracted; assign qkey + status in triage (03)
CAND-0152	UNREVIEWED	ch-02-credit-policy-impact.txt	13		The World Bank's most recent published figure, for calendar year 2024, puts domestic credit to the private sector at 92.11 percent of GDP, among the higher ratios in South Asia and strikingly high for a country at Nepal's income level.	92.11 percent		percent	auto-extracted; assign qkey + status in triage (03)
CAND-0153	UNREVIEWED	ch-02-credit-policy-impact.txt	13		A credit-to-GDP ratio in the neighbourhood of 90 to 95 percent is not, by itself, alarming for a mature financial system, but for an economy with Nepal's shallow capital markets, narrow export base, and heavy reliance on remittance-financed consumption, it signals a financial system that has grown faster than the real economy's capacity to productively absorb that credit.	95 percent		percent	auto-extracted; assign qkey + status in triage (03)
CAND-0154	UNREVIEWED	ch-02-credit-policy-impact.txt	15		In Nepal this ratio moved from roughly 75 percent in 2019 to just above 95 percent in 2022, the fastest three-year expansion the modern financial system has recorded, and NEPSE's all-time high arrived squarely inside that window.	75 percent		percent|nepse	auto-extracted; assign qkey + status in triage (03)
CAND-0155	UNREVIEWED	ch-02-credit-policy-impact.txt	18		Nepali monetary history since financial liberalization in the early 1990s divides cleanly into three credit boom-and-bust episodes, and each one left a visible fingerprint on NEPSE.			nepse	auto-extracted; assign qkey + status in triage (03)
CAND-0156	UNREVIEWED	ch-02-credit-policy-impact.txt	19		NRB research identifies credit-to-GDP growth rates of 20.9 percent in 1994, 29.2 percent in 1995, and 16.4 percent in 1996, an extraordinary pace of financial deepening for an economy that had, only a few years earlier, operated under near-total state control of credit allocation.	20.9 percent		percent	auto-extracted; assign qkey + status in triage (03)
CAND-0157	UNREVIEWED	ch-02-credit-policy-impact.txt	19		NEPSE itself was in its infancy during this period, having only begun operations in 1994, so the equity-market echo of this first boom is harder to document with index data, but the same institutional over-extension that characterised this period, undercapitalized new entrants competing aggressively for loan volume, later showed up as a nonperforming loan problem across the sector by the end of th			nepse	auto-extracted; assign qkey + status in triage (03)
CAND-0158	UNREVIEWED	ch-02-credit-policy-impact.txt	20		The second boom, running from roughly 2007 through 2010, is the one every Nepali investor over the age of forty still remembers, because it centred on real estate and housing finance in a way that directly entangled bank balance sheets, land prices, and NEPSE.			nepse	auto-extracted; assign qkey + status in triage (03)
CAND-0159	UNREVIEWED	ch-02-credit-policy-impact.txt	20		Credit-to-GDP rose from about 43.5 percent in 2007 to roughly 56 percent by 2009, an increase driven overwhelmingly by real estate and housing lending as banks, flush with post-conflict-era liquidity and remittance-driven deposit growth, competed to finance land purchases and residential construction in the Kathmandu Valley and other urban centres.	43.5 percent		percent	auto-extracted; assign qkey + status in triage (03)
CAND-0160	UNREVIEWED	ch-02-credit-policy-impact.txt	20		NEPSE, still a shallow market at the time, participated in the same speculative logic: bank and finance company shares, which were also the primary vehicles through which retail investors could gain leveraged exposure to the credit boom, rose sharply through 2008 into early 2010.			nepse	auto-extracted; assign qkey + status in triage (03)
CAND-0161	UNREVIEWED	ch-02-credit-policy-impact.txt	20		Credit-to-GDP fell back to roughly 45.8 percent by 2012, several finance companies and a few development banks failed outright or were merged under regulatory pressure, and NEPSE entered a multi-year bear market that did not find a durable bottom until the low 300s in index terms in 2011, a fall of well over half from its pre-crisis level.	45.8 percent		percent|nepse	auto-extracted; assign qkey + status in triage (03)
CAND-0162	UNREVIEWED	ch-02-credit-policy-impact.txt	21		Credit-to-GDP surged from 75.3 percent in 2019 to a record 95.03 percent in 2022, the sharpest three-year expansion in the dataset.	75.3 percent		percent	auto-extracted; assign qkey + status in triage (03)
CAND-0163	UNREVIEWED	ch-02-credit-policy-impact.txt	21		The index, which had traded near 1,184 points as recently as mid-2018, and had touched a low of roughly 1,189 points in June 2020 during the initial pandemic shock, then rose in an almost uninterrupted climb to an all-time closing high of 3,198.60 on 18 August 2021, a gain of roughly 170 percent from its 2018 level and close to 270 percent from its pandemic low, achieved in barely fourteen months.	170 percent		percent|word_date	auto-extracted; assign qkey + status in triage (03)
CAND-0164	UNREVIEWED	ch-02-credit-policy-impact.txt	23		Between June 2020 and August 2021, NEPSE rose from roughly 1,189 to an all-time high of 3,198.60, an increase of nearly 270 percent in fourteen months, coinciding almost exactly with the period in which Nepal's credit-to-GDP ratio expanded from the high 70s to the low 90s (percent of GDP).	270 percent		percent|word_date|nepse	auto-extracted; assign qkey + status in triage (03)
CAND-0165	UNREVIEWED	ch-02-credit-policy-impact.txt	23		By mid-2022 the credit-to-deposit ratio had breached NRB's 90 percent regulatory ceiling, banks stopped disbursing fresh credit, the weighted average lending rate rose from roughly 6.84 percent to 8.98 percent within a year, and the interbank rate spiked to 6.56 percent, consistently above its intended corridor.	90 percent		percent	auto-extracted; assign qkey + status in triage (03)
CAND-0166	UNREVIEWED	ch-02-credit-policy-impact.txt	23		NEPSE fell by more than a third from its peak within months, and margin-loan borrowers who had pledged shares near the top were forced to liquidate into a falling market, an example of the forced-selling cascade discussed in Lesson 2.6.			nepse	auto-extracted; assign qkey + status in triage (03)
CAND-0167	UNREVIEWED	ch-02-credit-policy-impact.txt	24		As the credit-to-deposit ratio approached and then breached the regulatory ceiling of 90 percent in 2022, banks simply stopped extending fresh loans of any kind, including margin loans, regardless of a borrower's creditworthiness or collateral quality, because the constraint was systemic liquidity, not individual risk assessment.	90 percent		percent	auto-extracted; assign qkey + status in triage (03)
CAND-0168	UNREVIEWED	ch-02-credit-policy-impact.txt	24		Deposit growth of only about 4.1 percent against credit growth of 10.5 percent over the same period pushed the sector into a structural funding gap.	4.1 percent		percent	auto-extracted; assign qkey + status in triage (03)
CAND-0169	UNREVIEWED	ch-02-credit-policy-impact.txt	30		The Loan-to-Value ceiling, the percentage of a pledged share's price a bank may lend against, has been raised twice in six years: from 50 percent to 65 percent in December 2018, from 65 percent to 70 percent in the 2020-21 easing cycle, and most recently, under NRB's Unified Directives issued in mid-July 2026, to as high as 80 percent for shares of companies that meet a formal internal scoring sta	50 percent		percent|word_date	auto-extracted; assign qkey + status in triage (03)
CAND-0170	UNREVIEWED	ch-02-credit-policy-impact.txt	33		Pre-December 201850% of price25%10% of core capital per company150%	201850%		percent	auto-extracted; assign qkey + status in triage (03)
CAND-0171	UNREVIEWED	ch-02-credit-policy-impact.txt	34		December 2018 circular65% of 180-day average or latest price, whichever lower40%10% of core capital per company100%	65%		percent|word_date	auto-extracted; assign qkey + status in triage (03)
CAND-0172	UNREVIEWED	ch-02-credit-policy-impact.txt	35		2020-21 easing cycle70%40%Rs 4 crore per BFI (introduced 2021-22)100%	70%		percent|amount	auto-extracted; assign qkey + status in triage (03)
CAND-0173	UNREVIEWED	ch-02-credit-policy-impact.txt	36		FY 2024/25 onward70%40%Raised to Rs 15 crore, then Rs 25 crore per customerReduced further, to roughly 100% by August 2025	70%		percent|fraction|amount|word_date	auto-extracted; assign qkey + status in triage (03)
CAND-0174	UNREVIEWED	ch-02-credit-policy-impact.txt	37		October 2025 (Asoj 2082)70%40% (unchanged)Removed entirely; only the 40%-of-core-capital aggregate ceiling binds100%	70%		percent|word_date	auto-extracted; assign qkey + status in triage (03)
CAND-0175	UNREVIEWED	ch-02-credit-policy-impact.txt	38		"July 2026 (Unified Directives 2083)Up to 80% for scored ""strong"" companies; 70% for others40%No individual ceiling100%"	80%		percent|word_date	auto-extracted; assign qkey + status in triage (03)
CAND-0176	UNREVIEWED	ch-02-credit-policy-impact.txt	39		The direction of every single one of these six revisions has been toward greater system-wide leverage capacity, a pattern that is itself diagnostic: Nepal's regulator has used margin lending policy as a lever to stimulate secondary market activity and, indirectly, primary issuance appetite, during periods when it judged the broader credit cycle to need support, most visibly through 2024 and 2025 a			nepse	auto-extracted; assign qkey + status in triage (03)
CAND-0177	UNREVIEWED	ch-02-credit-policy-impact.txt	40		The practical consequence of the October 2025 removal of the single-customer limit deserves particular emphasis, because it materially changed the concentration risk profile of the margin loan market.	October 2025		word_date	auto-extracted; assign qkey + status in triage (03)
CAND-0178	UNREVIEWED	ch-02-credit-policy-impact.txt	40		Prior to removal, a wealthy investor's capacity to leverage into shares through any single bank was capped in absolute rupee terms (the ceiling had risen from an initial Rs 4 crore per institution in 2021-22 to Rs 25 crore, or Rs 250 million, by the FY2025/26 monetary policy), which meant large investors had to spread margin borrowing across multiple institutions to fully leverage a large equity p	Rs 4		amount	auto-extracted; assign qkey + status in triage (03)
CAND-0179	UNREVIEWED	ch-02-credit-policy-impact.txt	40		With that ceiling removed, a bank's aggregate 40 percent of core capital limit is now the only binding constraint, and because the combined core capital of the twenty-odd commercial banks was estimated at roughly Rs 600 billion in mid-2025 (against which roughly Rs 120 billion of margin lending capacity had already been drawn, and a further Rs 120 billion of the total roughly Rs 240 billion system	40 percent		percent|amount	auto-extracted; assign qkey + status in triage (03)
CAND-0180	UNREVIEWED	ch-02-credit-policy-impact.txt	42		Total margin lending outstanding across the banking system stood at roughly Rs 76.5 billion in mid-July 2023 and had grown to approximately Rs 162.9 billion by mid-June 2026, an increase of over 110 percent in three years and a rise of about 16 percent in the final eleven months alone.	110 percent		percent|amount|word_date	auto-extracted; assign qkey + status in triage (03)
CAND-0181	UNREVIEWED	ch-02-credit-policy-impact.txt	42		Margin lending nonetheless still represents only about 2.7 percent of total bank credit outstanding, which sounds modest, but concentration matters more than the aggregate share: because margin lending is disbursed almost entirely against a narrow set of large-cap, liquid NEPSE counters, its marginal impact on those specific share prices, and on index-level sentiment, is far larger than its 2.7 pe	2.7 percent		percent|nepse	auto-extracted; assign qkey + status in triage (03)
CAND-0182	UNREVIEWED	ch-02-credit-policy-impact.txt	43		This is precisely the mechanism that amplified NEPSE's decline after the August 2021 peak, and it is the mechanism that Nepali financial commentary, including a widely discussed Kathmandu Post opinion column in mid-2026, has warned will recur with even greater force given the scale of margin lending liberalization enacted between 2024 and 2026.	August 2021		word_date|nepse	auto-extracted; assign qkey + status in triage (03)
CAND-0183	UNREVIEWED	ch-02-credit-policy-impact.txt	47		Under the monetary policy for FY 2025/26, NRB raised the maximum housing loan amount eligible for the more favourable regulatory treatment from Rs 20 million to Rs 30 million, and set loan-to-value ratios at 80 percent for first-time homebuyers and 70 percent for other borrowers, an explicit loosening intended to stimulate a construction and real estate sector that had been in a multi-year slump f	80 percent		percent|fraction|amount	auto-extracted; assign qkey + status in triage (03)
CAND-0184	UNREVIEWED	ch-02-credit-policy-impact.txt	47		Simultaneously, and in the same September 2025 unified directive that removed the margin lending single-customer limit, NRB also eliminated the long-standing Single Obligor Limit, which had previously capped total credit exposure, across all loan categories, not merely margin loans, to any single borrower or group of related parties at Rs 25 crore (Rs 250 million).	Rs 25		amount|word_date	auto-extracted; assign qkey + status in triage (03)
CAND-0185	UNREVIEWED	ch-02-credit-policy-impact.txt	49		The Single Obligor Limit, which had capped total credit exposure to any one borrower or related group at Rs 25 crore (Rs 250 million) across all loan types, was abolished entirely under NRB's Unified Directives 2082, effective from Asoj (September-October) 2025.	Rs 25		amount	auto-extracted; assign qkey + status in triage (03)
CAND-0186	UNREVIEWED	ch-02-credit-policy-impact.txt	50		As of the most recent published breakdown for the first half of FY 2025/26, real estate-backed loans (including land and building pledged as collateral for loans that may be nominally classified under other purposes, such as working capital or margin lending) accounted for 63.9 percent of total outstanding bank credit, with current assets, covering both agricultural and non-agricultural working ca	63.9 percent		percent|fraction	auto-extracted; assign qkey + status in triage (03)
CAND-0187	UNREVIEWED	ch-02-credit-policy-impact.txt	52		Loan or Sector CategoryGrowth Rate (H1 FY 2025/26)	2025/26		fraction	auto-extracted; assign qkey + status in triage (03)
CAND-0188	UNREVIEWED	ch-02-credit-policy-impact.txt	53		Consumption-related lending9.1%	9.1%		percent	auto-extracted; assign qkey + status in triage (03)
CAND-0189	UNREVIEWED	ch-02-credit-policy-impact.txt	54		Margin lending (share-collateral)8.3%	8.3%		percent	auto-extracted; assign qkey + status in triage (03)
CAND-0190	UNREVIEWED	ch-02-credit-policy-impact.txt	55		Import-related trust receipt loans7.8%	7.8%		percent	auto-extracted; assign qkey + status in triage (03)
CAND-0191	UNREVIEWED	ch-02-credit-policy-impact.txt	56		Hire-purchase loans7.3%	7.3%		percent	auto-extracted; assign qkey + status in triage (03)
CAND-0192	UNREVIEWED	ch-02-credit-policy-impact.txt	57		Construction sector7.2%	7.2%		percent	auto-extracted; assign qkey + status in triage (03)
CAND-0193	UNREVIEWED	ch-02-credit-policy-impact.txt	58		Transportation, communication, public services6.2%	6.2%		percent	auto-extracted; assign qkey + status in triage (03)
CAND-0194	UNREVIEWED	ch-02-credit-policy-impact.txt	59		Industrial production4.4%	4.4%		percent	auto-extracted; assign qkey + status in triage (03)
CAND-0195	UNREVIEWED	ch-02-credit-policy-impact.txt	60		Overdraft lending-3.3% (contraction)	3.3%		percent	auto-extracted; assign qkey + status in triage (03)
CAND-0196	UNREVIEWED	ch-02-credit-policy-impact.txt	61		Agriculture-1.1% (contraction)	1.1%		percent	auto-extracted; assign qkey + status in triage (03)
CAND-0197	UNREVIEWED	ch-02-credit-policy-impact.txt	62		This table, drawn from NRB's own first-half FY 2025/26 macroeconomic release, is worth studying category by category, because it shows precisely where the marginal rupee of new credit was going during the period under review, and margin lending's 8.3 percent growth rate, more than double the 4.4 percent industrial production growth rate, and running well ahead of the 3.6 percent half-year growth r	8.3 percent		percent|fraction	auto-extracted; assign qkey + status in triage (03)
CAND-0198	UNREVIEWED	ch-02-credit-policy-impact.txt	65		The most recent half-year data available as this chapter is written, covering the first six months of FY 2025/26 (mid-July 2025 to mid-January 2026), illustrates both the value and the limits of this data as a leading indicator.	2025/26		fraction|word_date	auto-extracted; assign qkey + status in triage (03)
CAND-0199	UNREVIEWED	ch-02-credit-policy-impact.txt	65		Private-sector credit grew by 3.6 percent over the six-month period, translating to roughly Rs 197.47 billion in new credit disbursed, against total outstanding credit of Rs 5,695.17 billion.	3.6 percent		percent|amount	auto-extracted; assign qkey + status in triage (03)
CAND-0200	UNREVIEWED	ch-02-credit-policy-impact.txt	65		On an annual point-to-point basis, credit growth stood at 6.7 percent, comfortably below the 12.0 percent full-year growth target set out in NRB's monetary policy for FY 2025/26, and also well below the roughly Rs 265.56 billion disbursed over the equivalent period one year earlier.	6.7 percent		percent|fraction|amount	auto-extracted; assign qkey + status in triage (03)
CAND-0201	UNREVIEWED	ch-02-credit-policy-impact.txt	65		Commercial banks grew their books by 3.7 percent over the half-year, development banks by 2.9 percent, and finance companies by only 1.2 percent, a hierarchy that itself tells a story: the smaller, higher-cost-of-funds institutions are the first to feel a credit slowdown and the first to see their growth compress when systemic liquidity tightens, making finance-company credit growth a useful early	3.7 percent		percent	auto-extracted; assign qkey + status in triage (03)
CAND-0202	UNREVIEWED	ch-02-credit-policy-impact.txt	67		Cross-reference the credit-to-deposit ratio reported there against the regulatory ceiling (approximately 90 percent) each time it is published; a ratio approaching that ceiling has, in both 2011 and 2022, preceded a NEPSE correction of significant magnitude within two to four quarters.	90 percent		percent|nepse	auto-extracted; assign qkey + status in triage (03)
CAND-0203	UNREVIEWED	ch-02-credit-policy-impact.txt	68		As of the same H1 FY 2025/26 release, non-financial institutions (essentially corporate borrowers, including real estate developers, trading houses, and industrial concerns) accounted for 62.7 percent of outstanding credit, while individuals and households accounted for 37.3 percent.	62.7 percent		percent|fraction	auto-extracted; assign qkey + status in triage (03)
CAND-0204	UNREVIEWED	ch-02-credit-policy-impact.txt	68		A rising household share of incremental credit growth, driven disproportionately by consumption lending (9.1 percent growth in this period, the fastest of any category) and margin lending (8.3 percent), rather than by productive corporate investment, is a signal that credit expansion is increasingly financing consumption and asset speculation rather than capacity expansion, a pattern that historic	9.1 percent		percent	auto-extracted; assign qkey + status in triage (03)
CAND-0205	UNREVIEWED	ch-02-credit-policy-impact.txt	69		The investor's practical workflow should combine three data points, checked each time NRB releases updated figures, typically quarterly at minimum: the point-to-point private-sector credit growth rate relative to its own monetary policy target (a rate running persistently below target, as in the 6.7 percent actual against a 12.0 percent target seen in early FY 2025/26, signals a still-cautious len	6.7 percent		percent|fraction|nepse	auto-extracted; assign qkey + status in triage (03)
CAND-0206	UNREVIEWED	ch-02-credit-policy-impact.txt	71		The 2009-2010 real estate tightening and the 2022 credit-to-deposit-ratio-driven lending freeze were both delivered with comparatively little lead time relative to the severity of their market impact, and in each case, investors who had built leveraged NEPSE positions on the assumption that regulatory conditions would remain stable were the ones who suffered the largest losses.			nepse	auto-extracted; assign qkey + status in triage (03)
CAND-0207	UNREVIEWED	ch-02-credit-policy-impact.txt	72		As of mid-2026, the regulatory trend has been unambiguously toward liberalization: the loan-to-value ceiling for margin lending has been raised to as high as 80 percent for scored companies, the single-customer limit on margin loans has been abolished, the economy-wide Single Obligor Limit has been abolished, risk weights on margin lending have been progressively reduced, and housing finance eligi	80 percent		percent	auto-extracted; assign qkey + status in triage (03)
CAND-0208	UNREVIEWED	ch-02-credit-policy-impact.txt	72		Total margin lending outstanding of roughly Rs 162.9 billion as of mid-2026, though still only 2.7 percent of the total loan book, has grown over 110 percent in three years, and NEPSE itself, after peaking at 2,970 points in late March 2026 and falling to a low of 2,469 points in October 2025, was trading in the high 2,600s in July 2026, a level still well below the August 2021 all-time high but s	2.7 percent		percent|amount|word_date|nepse	auto-extracted; assign qkey + status in triage (03)
CAND-0209	UNREVIEWED	ch-02-credit-policy-impact.txt	72		Total system-wide bank loans of roughly Rs 5,915 billion against deposits of roughly Rs 8,268 billion as of July 2026 imply a credit-to-deposit ratio still comfortably below the approximately 90 percent regulatory ceiling, which is itself informative: the current liberalization cycle has room to run further before it encounters the same systemic constraint that ended the 2021 boom, but that same f	90 percent		percent|amount|word_date	auto-extracted; assign qkey + status in triage (03)
CAND-0210	UNREVIEWED	ch-02-credit-policy-impact.txt	75		Fourth, recognise that a bank-dominated, real-estate-collateralized financial system of Nepal's structure will continue to produce credit cycles of comparable amplitude to 1994-96, 2008-10, and 2020-22 for the foreseeable future, and that NEPSE will continue to trade as a levered proxy on that cycle rather than as an independent reflection of corporate fundamentals, until the market's sectoral com			nepse	auto-extracted; assign qkey + status in triage (03)
CAND-0211	UNREVIEWED	ch-02-credit-policy-impact.txt	79		Nepal's credit-to-GDP ratio has moved through three distinct boom-bust cycles since financial liberalization, from the 1994-96 post-liberalization expansion, through the 2008-10 real estate-driven boom that pushed the ratio from roughly 43.5 percent to 56 percent before a multi-year contraction, to the 2020-22 pandemic-era surge that took the ratio from 75.3 percent to a record 95.03 percent and c	43.5 percent		percent|nepse	auto-extracted; assign qkey + status in triage (03)
CAND-0212	UNREVIEWED	ch-02-credit-policy-impact.txt	80		Margin lending, the mechanism through which bank credit converts most directly into NEPSE buying power, is governed by four regulatory levers, the loan-to-value ceiling, the aggregate exposure limit as a percentage of core capital, the (now-abolished) single-customer limit, and the risk weight applied for capital adequacy purposes, and every one of these levers has been loosened repeatedly since 2	80 percent		percent|word_date|nepse	auto-extracted; assign qkey + status in triage (03)
CAND-0213	UNREVIEWED	ch-02-credit-policy-impact.txt	81		Real estate exposure and margin lending are financed from the same pool of bank credit and have historically moved together, and the concentration is structural rather than incidental: real estate-backed collateral underpinned 63.9 percent of all outstanding bank credit as of the most recent published breakdown, meaning the banking system, and therefore NEPSE, remains acutely sensitive to property	63.9 percent		percent|nepse	auto-extracted; assign qkey + status in triage (03)
CAND-0214	UNREVIEWED	ch-02-credit-policy-impact.txt	83		The current regulatory environment as of mid-2026 is firmly in a liberalization phase, with margin lending outstanding having grown past Rs 162.9 billion, more than double its mid-2023 level, even though margin loans still represent only about 2.7 percent of total system credit, and this combination of rapid growth from a low base with progressively loosened regulatory limits is the same pattern t	2.7 percent		percent|amount	auto-extracted; assign qkey + status in triage (03)
CAND-0215	UNREVIEWED	ch-03-nrb-policy-transmission.txt	9		Lesson 3 opens on the floor of Nepal Rastra Bank's mid-July policy calendar, the single most anticipated ritual in the Nepali investment year, and it is worth beginning there because so much retail behaviour in NEPSE is organised around an event that, in truth, changes almost nothing on the day it happens.			nepse	auto-extracted; assign qkey + status in triage (03)
CAND-0216	UNREVIEWED	ch-03-nrb-policy-transmission.txt	26		Theory is only useful if it survives contact with NEPSE's actual history, so this lesson works through five real episodes, each illustrating a different transmission pattern: a multi-year credit-driven boom and bust, a pandemic-era liquidity flood, a margin-lending tightening that preceded a crash, a rate-hiking cycle that dominated a simultaneous relaxation, and a 2025-26 easing cycle that shows 			nepse	auto-extracted; assign qkey + status in triage (03)
CAND-0217	UNREVIEWED	ch-03-nrb-policy-transmission.txt	27		Combined with a post-earthquake reconstruction narrative and generally loose liquidity, this directive fed a sustained rally that carried the NEPSE index to an all-time high around 1,881 points on 27 July 2016 — a rally that built over roughly eighteen to twenty-four months from the directive's initial announcement.	27 July		word_date|nepse	auto-extracted; assign qkey + status in triage (03)
CAND-0218	UNREVIEWED	ch-03-nrb-policy-transmission.txt	27		The reversal was equally slow: as the flood of new shares from bonus issues and mergers expanded the market's float faster than genuine demand could absorb, the index gave back the entire gain and more, falling to roughly 1,103 points by March 2019, a decline of about forty percent that took nearly three years to complete.	March 2019		word_date	auto-extracted; assign qkey + status in triage (03)
CAND-0219	UNREVIEWED	ch-03-nrb-policy-transmission.txt	28		The FY2020/21 Monetary Policy, issued in the shadow of the COVID-19 lockdowns, was aggressively accommodative: refinance facilities were expanded, interest rates were pushed to historic lows, and the margin lending loan-to-value ratio was raised from 65 percent to 70 percent of a share's collateral value, directly expanding the amount of credit available for share purchases against existing holdin	65 percent		percent	auto-extracted; assign qkey + status in triage (03)
CAND-0220	UNREVIEWED	ch-03-nrb-policy-transmission.txt	28		Combined with a captive retail investor base — many with reduced income-earning opportunities during lockdowns and easy access to online trading through the pandemic-accelerated adoption of the TMS trading system — this easing fed one of the sharpest bull runs in NEPSE's history, carrying the index from roughly the 1,400s in mid-2020 to an all-time high near 3,227 points around mid-2021.			nepse	auto-extracted; assign qkey + status in triage (03)
CAND-0221	UNREVIEWED	ch-03-nrb-policy-transmission.txt	29		Even as the FY2020/21 accommodation was still working its way through the market, NRB's subsequent FY2021/22 Monetary Policy moved to cap the credit channel that had fuelled the boom, limiting individual margin borrowing to forty million rupees per bank or financial institution and seventy — later widely referenced as a combined ceiling of 120 million rupees — across all institutions combined, the	4/12		fraction	auto-extracted; assign qkey + status in triage (03)
CAND-0222	UNREVIEWED	ch-03-nrb-policy-transmission.txt	29		This directive, combined with a broader liquidity crunch as deposit growth slowed and the credit-to-deposit ratio across the banking sector pushed against its regulatory ceiling, is widely cited by market commentators as the proximate trigger for NEPSE's correction from its 2021 peak, with the index falling from the 3,227 high to below 1,900 points over the following year — a decline that unfolded			nepse	auto-extracted; assign qkey + status in triage (03)
CAND-0223	UNREVIEWED	ch-03-nrb-policy-transmission.txt	30		The FY2022/23 Monetary Policy, announced on 25 July 2022 against a backdrop of a national balance-of-payments crisis and import-driven pressure on foreign exchange reserves, raised the policy repo rate from 5.5 percent to 7 percent, lifted the CRR from 3 percent to 4 percent, and raised the bank rate from 7 percent to 8.5 percent — one of the sharpest single-year tightening moves in NRB's modern h	5.5 percent		percent|word_date	auto-extracted; assign qkey + status in triage (03)
CAND-0224	UNREVIEWED	ch-03-nrb-policy-transmission.txt	30		In practice, NEPSE continued to decline through the following year, reaching a low of roughly 1,615 points in 2023, demonstrating unambiguously that a targeted relaxation of the margin lending channel could not offset the broader tightening effect of higher policy rates and a higher CRR working through the general cost of credit across the economy.			nepse	auto-extracted; assign qkey + status in triage (03)
CAND-0225	UNREVIEWED	ch-03-nrb-policy-transmission.txt	31		The October 2023 margin lending directive.	October 2023		word_date	auto-extracted; assign qkey + status in triage (03)
CAND-0226	UNREVIEWED	ch-03-nrb-policy-transmission.txt	31		On 19 October 2023, NRB issued a detailed directive governing margin lending conditions, capping loans at 70 percent of the lower of the 180-day average market price or the last traded price, limiting tenure to one year, restricting re-evaluation of collateral for additional lending, and requiring banks to apply fundamental screening criteria such as price-earnings ratios and dividend history befo	70 percent		percent|word_date	auto-extracted; assign qkey + status in triage (03)
CAND-0227	UNREVIEWED	ch-03-nrb-policy-transmission.txt	32		Through 2025, NRB progressively eased the regulatory treatment of share-backed lending: in August 2025 it reduced the risk weight applied to share-backed loans from 125 percent to 100 percent, freeing bank capital for further margin lending; in October 2025 it eliminated the previous 250 million rupee ceiling on combined margin borrowing entirely; and its December 2025 first-quarter review of the 	125 percent		percent|word_date	auto-extracted; assign qkey + status in triage (03)
CAND-0228	UNREVIEWED	ch-03-nrb-policy-transmission.txt	32		NEPSE, which had bottomed near 2,469 points on 26 October 2025, rallied through the following months, accelerating further around a March 2026 change of government, to a local peak near 2,970 points by 25 March 2026 before retreating.	26 October		word_date|nepse	auto-extracted; assign qkey + status in triage (03)
CAND-0229	UNREVIEWED	ch-03-nrb-policy-transmission.txt	32		Then, on 15 July 2026, NRB published a unified directive permitting discretionary increases to an 80 percent loan-to-value ratio on margin loans for qualifying companies with strong dividend and compliance histories.	80 percent		percent|word_date	auto-extracted; assign qkey + status in triage (03)
CAND-0230	UNREVIEWED	ch-03-nrb-policy-transmission.txt	32		The index had fallen to a local low of 2,547 points the day before this directive, on 14 July 2026, and had recovered to roughly 2,697 points by 28 July 2026 — a rise of close to six percent within two weeks of the directive's publication, one of the more compressed and clearly attributable transmission lags in the recent record, plausibly reflecting a market that, after two years of episodic marg	14 July		word_date	auto-extracted; assign qkey + status in triage (03)
CAND-0231	UNREVIEWED	ch-03-nrb-policy-transmission.txt	34		Between the NRB unified directive of 15 July 2026 permitting up to 80 percent loan-to-value margin lending for qualifying companies and NEPSE's recovery from a local low of 2,547 to roughly 2,697 by 28 July 2026, the observable lag was on the order of two weeks — one of the fastest documented transmission episodes in recent NEPSE history, and a useful benchmark against which to judge how quickly a	80 percent		percent|word_date|nepse	auto-extracted; assign qkey + status in triage (03)
CAND-0232	UNREVIEWED	ch-03-nrb-policy-transmission.txt	37		~2015, effective mid-2017Commercial bank paid-up capital raised roughly 4x, to ~Rs 8 billionIndex rallies to all-time high of 1,881.45 (27 Jul 2016), then falls to 1,102.64 (5 Mar 2019)~18–24 months to peak; ~30 months peak-to-trough	Rs 8		amount|word_date|score_band	auto-extracted; assign qkey + status in triage (03)
CAND-0233	UNREVIEWED	ch-03-nrb-policy-transmission.txt	38		Sep 2020 (FY2020/21 policy)Accommodative rates; margin LTV raised 65% → 70%Index rallies from ~1,400s to all-time high ~3,227 (mid-2021)~9–11 months to peak	65%		percent|word_date|score_band	auto-extracted; assign qkey + status in triage (03)
CAND-0234	UNREVIEWED	ch-03-nrb-policy-transmission.txt	39		"Jul 2021 (FY2021/22 policy)Margin borrowing capped at Rs 40m/BFI, ~Rs 120m combined (""4/12"" rule)Index corrects from ~3,227 to below 1,900 over following year~12–14 months, gradual"	4/12		fraction|amount|word_date|score_band	auto-extracted; assign qkey + status in triage (03)
CAND-0235	UNREVIEWED	ch-03-nrb-policy-transmission.txt	40		25 Jul 2022 (FY2022/23 policy)Repo rate 5.5%→7%; CRR 3%→4%; bank rate 7%→8.5%; margin cap simultaneously eased to Rs 120m combinedIndex continues falling to ~1,615 low (2023) despite the margin relaxation12+ months; tightening dominated easing	5.5%		percent|amount|word_date	auto-extracted; assign qkey + status in triage (03)
CAND-0236	UNREVIEWED	ch-03-nrb-policy-transmission.txt	41		19 Oct 2023Margin lending directive: 70% LTV cap, 1-year tenure, fundamental screening requiredNo single sharp move; gradual portfolio adjustment by banksDiffuse, no clean date-to-date lag	70%		percent|word_date	auto-extracted; assign qkey + status in triage (03)
CAND-0237	UNREVIEWED	ch-03-nrb-policy-transmission.txt	42		Aug–Oct 2025Risk weight on share-backed loans cut 125%→100%; Rs 250m margin ceiling eliminatedIndex bottoms near 2,469 (26 Oct 2025), then ralliesWeeks to a few months	125%		percent|amount|word_date	auto-extracted; assign qkey + status in triage (03)
CAND-0238	UNREVIEWED	ch-03-nrb-policy-transmission.txt	43		15 Jul 2026Unified directive allowing discretionary 80% LTV margin lendingIndex rises from 2,547 (14 Jul) to ~2,697 (28 Jul)~2 weeks	80%		percent|word_date	auto-extracted; assign qkey + status in triage (03)
CAND-0239	UNREVIEWED	ch-03-nrb-policy-transmission.txt	49		Each institution proceeds at its own pace, some updating loan books within days and others taking two to three months, which spreads what was a single announcement into a diffuse series of small credit adjustments arriving over an extended window — precisely why episodes like the October 2023 directive show no clean, datable index reaction even though the policy itself was unambiguous and specific	October 2023		word_date	auto-extracted; assign qkey + status in triage (03)
CAND-0240	UNREVIEWED	ch-03-nrb-policy-transmission.txt	61		Benchmark the observed lag against the historical range documented in Table 3.1 — roughly two weeks at the fast end (the July 2026 margin directive) to over a year at the slow end (the 2015-16 capital mandate and its unwind) — rather than assuming any single, fixed lag applies uniformly across all policy types; margin-specific directives acting on an already-primed, already-leveraged market tend t	July 2026		word_date	auto-extracted; assign qkey + status in triage (03)
CAND-0241	UNREVIEWED	ch-03-nrb-policy-transmission.txt	67		Because the gap between an NRB directive and its actual availability at the brokerage counter can run to several weeks, investors who take on margin debt in anticipation of a relaxation that has been announced but not yet operationalised, or who assume a discretionary provision such as the July 2026 directive's 80 percent loan-to-value ceiling applies uniformly and immediately to their own holding	80 percent		percent|word_date	auto-extracted; assign qkey + status in triage (03)
CAND-0242	UNREVIEWED	ch-03-nrb-policy-transmission.txt	69		"A discretionary or conditional NRB provision — such as the 2026 unified directive's 80 percent loan-to-value ceiling for ""qualifying"" companies — is not a blanket entitlement."	80 percent		percent	auto-extracted; assign qkey + status in triage (03)
CAND-0243	UNREVIEWED	ch-03-nrb-policy-transmission.txt	73		Historical episodes documented in this chapter show transmission lags ranging from roughly two weeks, in the case of the July 2026 margin lending liberalisation, to well over a year, in the case of the 2015-16 capital mandate and the 2021-22 boom-bust cycle, meaning no single fixed lag can be assumed and each policy type must be benchmarked against its own historical precedent.	July 2026		word_date	auto-extracted; assign qkey + status in triage (03)
CAND-0244	UNREVIEWED	ch-03-nrb-policy-transmission.txt	74		A single NRB policy statement frequently contains both a rate-corridor component, covering the repo rate, CRR, and the standing facilities, and a sector-directive component governing margin lending specifically, and these two components can point in opposite directions within the same announcement, as the July 2022 policy demonstrated when a sharp tightening in rates coincided with an explicit rel	July 2022		word_date	auto-extracted; assign qkey + status in triage (03)
CAND-0245	UNREVIEWED	ch-04-external-sector.txt	9		This chapter builds the external-sector half of the analytical toolkit: the balance of payments, remittance inflows, foreign exchange reserves, and the import-cover discipline that ties them together, and then traces — with the actual data from Nepal's 2022 reserve crisis and its subsequent recovery through 2025/26 — exactly how a balance-of-payments squeeze becomes a NEPSE correction.	2025/26		fraction|nepse	auto-extracted; assign qkey + status in triage (03)
CAND-0246	UNREVIEWED	ch-04-external-sector.txt	12		In the eleven-month period of fiscal year 2025/26 the merchandise trade deficit ran near Rs 1.78 trillion — imports of roughly Rs 2.096 trillion against exports of only about Rs 315 billion, an export-to-import coverage ratio under 15 percent — and yet remittance inflows across the same window totalled roughly Rs 2,120.80 billion, large enough on their own to swing the current account into an over	15 percent		percent|fraction|amount	auto-extracted; assign qkey + status in triage (03)
CAND-0247	UNREVIEWED	ch-04-external-sector.txt	17		A second architectural point deserves emphasis before moving on: Nepal operates a pegged exchange rate regime, with the Nepali rupee fixed to the Indian rupee at a ratio of 1.60 NPR per 1 INR, and the NPR floats against other currencies only insofar as the INR floats against them.	1.60 NPR		amount	auto-extracted; assign qkey + status in triage (03)
CAND-0248	UNREVIEWED	ch-04-external-sector.txt	20		Both channels compress when remittance growth stalls, and both channels expand when remittance growth accelerates, which is exactly the dynamic that played out in reverse and then in recovery across the 2022 crisis and the 2025/26 rebound examined later in this chapter.	2025/26		fraction	auto-extracted; assign qkey + status in triage (03)
CAND-0249	UNREVIEWED	ch-04-external-sector.txt	21		In the eight months of fiscal year 2025/26 ending mid-March 2026, remittance inflows reached roughly Rs 1,449.65 billion, up 37.7 percent in rupee terms and about 31 percent in US dollar terms over the same period a year earlier — an exceptionally strong pace by any historical standard for Nepal.	37.7 percent		percent|fraction|amount|word_date	auto-extracted; assign qkey + status in triage (03)
CAND-0250	UNREVIEWED	ch-04-external-sector.txt	21		By the eleven-month mark of the same fiscal year, cumulative inflows had reached approximately Rs 2,120.80 billion, growth of roughly 38.2 percent year on year.	38.2 percent		percent|amount	auto-extracted; assign qkey + status in triage (03)
CAND-0251	UNREVIEWED	ch-04-external-sector.txt	24		Because remittances are the single largest offset to Nepal's chronic trade deficit, any sustained slowdown in inflows translates mechanically into current account deterioration, reserve pressure, and — following the transmission chain built out in Lesson 4.4 — eventual credit tightening that hits NEPSE.			nepse	auto-extracted; assign qkey + status in triage (03)
CAND-0252	UNREVIEWED	ch-04-external-sector.txt	29		Mid-July 2022 (FY2021/22, full year)~1,176~9.66.6~897 (annual)+3.7%	3.7%		percent|word_date	auto-extracted; assign qkey + status in triage (03)
CAND-0253	UNREVIEWED	ch-04-external-sector.txt	30		Mid-April 2024 (FY2023/24, ~10 months)~1,912~14.415.0——	April 2024		word_date	auto-extracted; assign qkey + status in triage (03)
CAND-0254	UNREVIEWED	ch-04-external-sector.txt	31		Mid-March 2026 (FY2025/26, 8 months)~3,414~23.118.5~1,449.65 (8-month cumulative)+37.7%	37.7%		percent|word_date	auto-extracted; assign qkey + status in triage (03)
CAND-0255	UNREVIEWED	ch-04-external-sector.txt	32		Mid-May/June 2026 (FY2025/26, 11 months)~3,756~24.722.5~2,120.80 (11-month cumulative)+38.2%	38.2%		percent|word_date	auto-extracted; assign qkey + status in triage (03)
CAND-0256	UNREVIEWED	ch-04-external-sector.txt	33		The arc in that table is the single most important chart a NEPSE investor can hold in memory: from a reserve position covering barely 6.6 months of imports — well under the internationally accepted minimum comfort threshold — to a position covering over 22 months, in the space of under four years.			nepse	auto-extracted; assign qkey + status in triage (03)
CAND-0257	UNREVIEWED	ch-04-external-sector.txt	40		Nepal's reserve position at the end of fiscal year 2021/22 fell to approximately Rs 1,176 billion, equivalent to only about 6.6 months of import cover — a record low at the time and a figure that sat below the seven-month comfort threshold NRB itself references.	2021/22		fraction|amount	auto-extracted; assign qkey + status in triage (03)
CAND-0258	UNREVIEWED	ch-04-external-sector.txt	40		That decline was driven by a combination of forces on both sides of the ledger: on the outflow side, the trade deficit surged roughly 25 percent year on year, driven by a spike in global commodity prices (petroleum product costs alone rose by roughly 89 percent compared to the prior fiscal year, a shock transmitted through the Russia-Ukraine war's effect on energy markets) and a strengthening US d	25 percent		percent|amount	auto-extracted; assign qkey + status in triage (03)
CAND-0259	UNREVIEWED	ch-04-external-sector.txt	41		By contrast, the reserve position by the eight- and eleven-month marks of fiscal year 2025/26 had rebuilt to roughly 18.5 and 22.5 months of import cover respectively — a buffer more than three times the comfort threshold, and among the strongest external positions Nepal has recorded in recent memory.	2025/26		fraction	auto-extracted; assign qkey + status in triage (03)
CAND-0260	UNREVIEWED	ch-04-external-sector.txt	41		The composition of that recovery is instructive: it was driven overwhelmingly by the remittance surge documented in Lesson 4.2, not by any dramatic change in Nepal's export base or a narrowing of the underlying trade deficit, which in fact widened further in absolute terms over the same period (to roughly Rs 1.78 trillion for the fiscal year).	Rs 1.78		amount	auto-extracted; assign qkey + status in triage (03)
CAND-0261	UNREVIEWED	ch-04-external-sector.txt	47		As detailed in Lesson 4.3, the trade deficit widened sharply in FY2021/22 on the back of a global commodity price shock (petroleum costs up roughly 89 percent year on year) at the same time remittance growth stalled to under 4 percent and grant inflows collapsed.	89 percent		percent	auto-extracted; assign qkey + status in triage (03)
CAND-0262	UNREVIEWED	ch-04-external-sector.txt	48		On the monetary front, NRB's monetary policy for FY2022/23 raised its policy rate corridor sharply: the repo rate was lifted from 5.5 percent to 7 percent and the bank rate from 7 percent to 8.5 percent, a full 150 basis point tightening, and the cash reserve ratio banks were required to hold against deposits was raised from 3 percent to 4 percent, mechanically shrinking the pool of deposits avail	5.5 percent		percent	auto-extracted; assign qkey + status in triage (03)
CAND-0263	UNREVIEWED	ch-04-external-sector.txt	48		Private sector credit growth targets were slashed from roughly 19 percent to 12.6 percent for the year, a deliberate policy choice to choke off the domestic demand — including import-financing demand — that was draining reserves.	19 percent		percent	auto-extracted; assign qkey + status in triage (03)
CAND-0264	UNREVIEWED	ch-04-external-sector.txt	49		The result, well documented in NEPSE's own trading history, was a decline from an index peak near 3,200 points in 2021 to a trough near 1,615 in 2023 — a fall of roughly 50 percent — with market commentary at the time and in retrospective analysis attributing the crash primarily to NRB's monetary tightening rather than to any deterioration in listed companies' underlying earnings.	50 percent		percent|nepse	auto-extracted; assign qkey + status in triage (03)
CAND-0265	UNREVIEWED	ch-04-external-sector.txt	49		Corporate fundamentals, in fact, had not collapsed anywhere near proportionally; what collapsed was the liquidity and credit available to hold and finance equity positions, precisely the credit-cycle mechanism that Chapters 0.1 and 0.2 identify as the dominant driver of NEPSE cycles.			nepse	auto-extracted; assign qkey + status in triage (03)
CAND-0266	UNREVIEWED	ch-04-external-sector.txt	51		Nepal's 2022 reserve crisis produced a textbook illustration of the BOP-to-NEPSE transmission chain: import cover falling to 6.6 months triggered a 150 basis point policy rate hike, a CRR increase from 3% to 4%, and a private credit growth target cut from 19% to 12.6% — and NEPSE fell roughly 50% peak to trough over the following period, a decline driven overwhelmingly by credit and liquidity cond	3%		percent|nepse	auto-extracted; assign qkey + status in triage (03)
CAND-0267	UNREVIEWED	ch-04-external-sector.txt	52		It is worth noting, as a point of nuance that a careful investor should retain, that not every element of NRB's 2022 policy package was purely contractionary toward the equity market specifically — the same monetary policy statement that raised rates and CRR also relaxed the margin lending loan-to-value framework (the so-called 4/12 rule, referring to loan bands and rules governing margin loan siz	4/12		fraction	auto-extracted; assign qkey + status in triage (03)
CAND-0268	UNREVIEWED	ch-04-external-sector.txt	54		"Nepal's margin lending framework for share-backed loans is periodically revised by NRB, historically expressed as ratios (for example, a ""4/12"" or ""12/12"" structure governing the relationship between a borrower's own equity contribution and the loan amount extended against share collateral)."	4/12		fraction	auto-extracted; assign qkey + status in triage (03)
CAND-0269	UNREVIEWED	ch-04-external-sector.txt	55		NEPSE's recovery from its 2023 trough tracked this loosening with a lag, consistent with the credit-cycle timing patterns documented elsewhere in this book: monetary easing shows up in bank lending capacity and interbank rates within a quarter or two, but it takes longer — often two to four quarters — to show up as sustained NEPSE turnover and index gains, because investor risk appetite and margin			nepse	auto-extracted; assign qkey + status in triage (03)
CAND-0270	UNREVIEWED	ch-04-external-sector.txt	60		A widening trade deficit is tolerable, even benign for reserve purposes, so long as remittance growth is outpacing it, as has been the case through 2025/26.	2025/26		fraction	auto-extracted; assign qkey + status in triage (03)
CAND-0271	UNREVIEWED	ch-04-external-sector.txt	69		Foreign exchange reserves have climbed past Rs 3.7 trillion, equivalent to somewhere in the range of 18 to over 22 months of import cover depending on the precise reporting period, remittance inflows have grown at rates approaching 38 percent year on year in rupee terms, and the current account has posted a substantial surplus (roughly Rs 802 billion over the eleven-month period of FY2025/26) desp	38 percent		percent|amount	auto-extracted; assign qkey + status in triage (03)
CAND-0272	UNREVIEWED	ch-04-external-sector.txt	69		Taken together, this combination has allowed NRB considerable room to maintain an accommodative credit stance relative to the acute tightening of 2022, and NEPSE's multi-year recovery since its 2023 trough has broadly tracked that accommodative backdrop, consistent with the credit-cycle logic of this chapter and of Chapters 0.1 and 0.2.			nepse	auto-extracted; assign qkey + status in triage (03)
CAND-0273	UNREVIEWED	ch-04-external-sector.txt	71		A moderation in Gulf construction activity, a shift toward greater automation or toward labor sourced from lower-cost sending countries, or an outright policy tightening on foreign labor quotas in any of Nepal's top two or three destination markets would show up first in the remittance growth rate and, per the framework in Lesson 4.5, would be an early warning worth acting on well before it shows 			nepse	auto-extracted; assign qkey + status in triage (03)
CAND-0274	UNREVIEWED	ch-04-external-sector.txt	73		Nepal imports the great majority of its petroleum needs, and the 2022 crisis demonstrated concretely how a global energy price shock (petroleum costs up 89 percent year on year in that episode) can widen the trade deficit fast enough to overwhelm even a functioning remittance inflow.	89 percent		percent	auto-extracted; assign qkey + status in triage (03)
CAND-0275	UNREVIEWED	ch-04-external-sector.txt	76		The current comfortable reserve position (18 to 22-plus months of import cover through FY2025/26) is real and should inform a constructive near-term view on NEPSE liquidity conditions, but it is a function of an unusually strong and possibly transitory remittance growth cycle layered on top of a structurally widening trade deficit, not evidence that Nepal's external vulnerability has been permanen			nepse	auto-extracted; assign qkey + status in triage (03)
CAND-0276	UNREVIEWED	ch-04-external-sector.txt	77		It is instead that the external-sector indicators in Lesson 4.5 function as a leading, publicly available, and systematically underused early-warning system for the credit conditions that, per the framework established earlier in this book, are the dominant driver of NEPSE's cyclical turns.			nepse	auto-extracted; assign qkey + status in triage (03)
CAND-0277	UNREVIEWED	ch-04-external-sector.txt	79		The seven-month import-cover threshold functions as NRB's de facto policy trigger, and Nepal's 2022 episode, in which cover fell to 6.6 months, produced a textbook sequence of a 150 basis point policy rate hike, a CRR increase, tightened private credit growth ceilings, and import bans that fed through the banking system into margin calls and forced selling, contributing to a roughly 50 percent pea	50 percent		percent|nepse	auto-extracted; assign qkey + status in triage (03)
CAND-0278	UNREVIEWED	ch-04-external-sector.txt	79		The subsequent recovery in reserves, driven overwhelmingly by remittance growth reaching rates near 38 percent year on year through fiscal year 2025/26 and pushing import cover above 22 months, allowed NRB to ease credit conditions gradually, and NEPSE's multi-year recovery from its 2023 trough has tracked that easing with the characteristic lag the credit-cycle framework predicts.	38 percent		percent|fraction|nepse	auto-extracted; assign qkey + status in triage (03)
CAND-0279	UNREVIEWED	ch-05-india-economy.txt	11		The Nepali rupee (NPR) has been fixed to the Indian rupee (INR) at a rate of NPR 1.60 per INR 1 since February 1993, a rate that itself descended from an earlier peg dating to the 1960s when both currencies traded in reference to gold and, later, the US dollar under Bretton Woods-era arrangements.	NPR 1.60		amount|word_date	auto-extracted; assign qkey + status in triage (03)
CAND-0280	UNREVIEWED	ch-05-india-economy.txt	14		Nepal Rastra Bank's promise covers the Indian rupee only, at NPR 1.60 per INR 1.	NPR 1.60		amount	auto-extracted; assign qkey + status in triage (03)
CAND-0281	UNREVIEWED	ch-05-india-economy.txt	24		NEPSE's benchmark index, which had rallied strongly through 2020 and 2021 on pandemic-era liquidity, fell by roughly 40 percent from its peak over the following year, as bank lending rates rose sharply, margin lending was curtailed, and the interest-rate-sensitive banking and hydropower sectors re-rated downward.	40 percent		percent|nepse	auto-extracted; assign qkey + status in triage (03)
CAND-0282	UNREVIEWED	ch-05-india-economy.txt	39		Petroleum product supply source100 percent from India (Indian Oil Corporation to Nepal Oil Corporation)Fuel price pass-through affects transport, manufacturing, and consumer discretionary sector costs	100 percent		percent	auto-extracted; assign qkey + status in triage (03)
CAND-0283	UNREVIEWED	ch-05-india-economy.txt	40		Nepal's annual trade deficit (goods), FY2025/26on the order of NPR 1.7-1.8 trillionA widening deficit pressures foreign exchange reserves and, through the peg mechanism, NRB's policy stance	NPR 1.7		amount|score_band	auto-extracted; assign qkey + status in triage (03)
CAND-0284	UNREVIEWED	ch-05-india-economy.txt	42		NPR/INR fixed rateNPR 1.60 = INR 1.00 (fixed since 1993)Anchors all cross-border pricing and capital flow calculations	NPR 1.60		amount	auto-extracted; assign qkey + status in triage (03)
CAND-0285	UNREVIEWED	ch-05-india-economy.txt	79		Nepal's currency is not sovereign in the way a floating-rate country's currency is; the Nepali rupee has been fixed to the Indian rupee at NPR 1.60 per INR 1 since 1993, and this single administrative fact shapes nearly everything else discussed in this chapter.	NPR 1.60		amount	auto-extracted; assign qkey + status in triage (03)
CAND-0286	UNREVIEWED	ch-06-global-macro-risk.txt	12		It is correct that NEPSE will not gap down tomorrow morning because the S&P 500 fell three percent overnight, in the way that the Sensex or the KOSPI might.			nepse	auto-extracted; assign qkey + status in triage (03)
CAND-0287	UNREVIEWED	ch-06-global-macro-risk.txt	22		A deceleration or contraction in this figure — even before it shows up in forex reserves — is typically the earliest visible sign of stress that will eventually reach NEPSE through the bank liquidity channel described in Lesson 6.4.			nepse	auto-extracted; assign qkey + status in triage (03)
CAND-0288	UNREVIEWED	ch-06-global-macro-risk.txt	34		Table 6.1 — Historical Shock Events and NEPSE's Reaction			nepse	auto-extracted; assign qkey + status in triage (03)
CAND-0289	UNREVIEWED	ch-06-global-macro-risk.txt	38		Global Trade Tensions and EM Sell-offGlobal risk-off2018–2019Indirect; muted direct linkage given absence of FII flowLimited immediate effect on NEPSE; slower remittance growth contributed to a subdued liquidity backdrop			nepse	auto-extracted; assign qkey + status in triage (03)
CAND-0290	UNREVIEWED	ch-06-global-macro-risk.txt	39		COVID-19 PandemicGlobal pandemic / risk-offMarch–June 2020 (acute phase)Trading halted; migrant worker repatriation; global risk aversionExchange closed roughly two months; on reopening, paradoxical multi-year bull run driven by domestic liquidity surplus rather than global sentiment	June 2020		word_date	auto-extracted; assign qkey + status in triage (03)
CAND-0291	UNREVIEWED	ch-06-global-macro-risk.txt	40		Russia-Ukraine War and Oil Price SpikeCommodity and geopolitical shockFebruary 2022 onwardOil import bill surge; forex reserve depletion; NPR/INR peg pressureNRB import restrictions and monetary tightening; NEPSE entered a sustained multi-quarter decline through 2022			nepse	auto-extracted; assign qkey + status in triage (03)
CAND-0292	UNREVIEWED	ch-06-global-macro-risk.txt	41		US Federal Reserve Tightening CycleGlobal monetary policy shock2022–2023Dollar strength, INR/NPR depreciation pressure, imported inflation, NRB policy rate hikes to defend the pegMargin lending curtailed; credit-financed retail turnover fell; NEPSE bear market extended into 2022–2023			nepse	auto-extracted; assign qkey + status in triage (03)
CAND-0293	UNREVIEWED	ch-06-global-macro-risk.txt	48		NEPSE, which had touched an all-time high near 3,200 points in mid-2021 on the back of a domestic liquidity glut, fell by roughly a third over the following year — a decline driven overwhelmingly by BFI-sector liquidity tightening and margin-call selling rather than by any deterioration in listed companies' underlying earnings.			nepse	auto-extracted; assign qkey + status in triage (03)
CAND-0294	UNREVIEWED	ch-06-global-macro-risk.txt	49		When COVID-19 struck in early 2020, NEPSE suspended trading for roughly two months amid a national lockdown, and every conventional expectation at the time was that the exchange would reopen into a prolonged bear market, mirroring the sharp but short-lived selloffs seen in global equity indices during the same period.			nepse	auto-extracted; assign qkey + status in triage (03)
CAND-0295	UNREVIEWED	ch-06-global-macro-risk.txt	49		Instead, NEPSE embarked on a sustained rally that carried the index from roughly the low 1,200s to its all-time high above 3,200 over the following eighteen months.			nepse	auto-extracted; assign qkey + status in triage (03)
CAND-0296	UNREVIEWED	ch-06-global-macro-risk.txt	49		A global event that tightens Nepali bank liquidity (like the 2022 oil and Fed shock) will hurt NEPSE; a global event that, through its second-order domestic effects, loosens Nepali bank liquidity (like the pandemic-era rate cuts and forced savings) can lift NEPSE even as the rest of the world sells off.			nepse	auto-extracted; assign qkey + status in triage (03)
CAND-0297	UNREVIEWED	ch-06-global-macro-risk.txt	54		The April 2015 Gorkha earthquake was a domestic natural disaster, not a global macro or event-driven risk in the sense this chapter otherwise uses the term, but it belongs in any discussion of shock transmission because of what it reveals about NEPSE's structural fragility to any large exogenous disruption.	April 2015		word_date|nepse	auto-extracted; assign qkey + status in triage (03)
CAND-0298	UNREVIEWED	ch-06-global-macro-risk.txt	58		Every major element of the pandemic shock was global in origin and transmission: the virus itself, the near-simultaneous lockdowns imposed by governments worldwide, the collapse in global travel and tourism demand, and the initial wave of acute uncertainty that hit essentially every equity market on earth in March 2020.	March 2020		word_date	auto-extracted; assign qkey + status in triage (03)
CAND-0299	UNREVIEWED	ch-06-global-macro-risk.txt	58		The case study's value lies exactly in this divergence: an investor who assumed NEPSE's post-COVID trajectory would mirror the S&P 500's or the Sensex's would have badly misjudged both the timing and the magnitude of the recovery, because they would have been reasoning from global sentiment rather than from the specific state of Nepali bank liquidity, remittance flows, and NRB's domestic policy st			nepse	auto-extracted; assign qkey + status in triage (03)
CAND-0300	UNREVIEWED	ch-06-global-macro-risk.txt	67		A monthly event-risk checklist for the NEPSE investor: (1) Has the Fed signalled a shift in its rate path, and how has the dollar index moved?			nepse	auto-extracted; assign qkey + status in triage (03)
CAND-0301	UNREVIEWED	ch-06-global-macro-risk.txt	70		This explains why NEPSE sometimes appears to move in ways that seem disconnected from global sentiment, as in the sustained 2020–2021 bull run that followed immediately after the COVID-19 shock, driven by a domestic liquidity surplus rather than global risk appetite, and why it sometimes moves in ways that seem purely domestic but in fact trace back to a distant Fed decision or oil-price spike, as			nepse	auto-extracted; assign qkey + status in triage (03)
CAND-0302	UNREVIEWED	ch-07-nepse-reality.txt	21		On NEPSE, during trading hours (Sunday through Thursday, 11:00 AM to 3:00 PM), thousands of individual orders — buy and sell — enter the NEPSE Automated Trading System (NATS).			nepse	auto-extracted; assign qkey + status in triage (03)
CAND-0303	UNREVIEWED	ch-07-nepse-reality.txt	27		The 10% IPO allocation to general public investors — a regulatory provision of the Securities Board of Nepal (SEBON) — has created broad retail participation in capital markets that is unusual relative to Nepal's per-capita income level.	10%		percent	auto-extracted; assign qkey + status in triage (03)
CAND-0304	UNREVIEWED	ch-07-nepse-reality.txt	32		SEBON's 10% general public IPO allocation is a regulatory tool with profound social implications.	10%		percent	auto-extracted; assign qkey + status in triage (03)
CAND-0305	UNREVIEWED	ch-07-nepse-reality.txt	36		NEPSE's history does not begin in 1993.			nepse	auto-extracted; assign qkey + status in triage (03)
CAND-0306	UNREVIEWED	ch-07-nepse-reality.txt	38		The Birth of NEPSE: 1993			nepse	auto-extracted; assign qkey + status in triage (03)
CAND-0307	UNREVIEWED	ch-07-nepse-reality.txt	39		The establishment of NEPSE was part of a broader liberalisation agenda driven by Nepal's engagement with the International Monetary Fund (IMF) and the World Bank during the early 1990s, which included opening the financial sector to private banks and encouraging capital market development.			nepse	auto-extracted; assign qkey + status in triage (03)
CAND-0308	UNREVIEWED	ch-07-nepse-reality.txt	42		Through the late 1990s, NEPSE grew modestly.			nepse	auto-extracted; assign qkey + status in triage (03)
CAND-0309	UNREVIEWED	ch-07-nepse-reality.txt	42		The Maoist insurgency, which began in 1996, created a climate of uncertainty that particularly affected hydropower and infrastructure investment, though its direct impact on NEPSE trading was less acute than one might expect, since the market remained small and disconnected from the broader economy.			nepse	auto-extracted; assign qkey + status in triage (03)
CAND-0310	UNREVIEWED	ch-07-nepse-reality.txt	45		By the mid-2000s, Nepal had more banking institutions per capita than most comparable economies — a phenomenon that NEPSE would both reflect and amplify.			nepse	auto-extracted; assign qkey + status in triage (03)
CAND-0311	UNREVIEWED	ch-07-nepse-reality.txt	48		The April 2015 Gorkha Earthquake, which killed nearly 9,000 people and caused estimated damage of $7 billion (approximately one-third of Nepal's GDP at the time), was a macroeconomic shock of historic proportions.	April 2015		word_date	auto-extracted; assign qkey + status in triage (03)
CAND-0312	UNREVIEWED	ch-07-nepse-reality.txt	51		Between 2016 and early 2018, NEPSE experienced its first major bull market.			nepse	auto-extracted; assign qkey + status in triage (03)
CAND-0313	UNREVIEWED	ch-07-nepse-reality.txt	51		The index rose from approximately 900 points to peak at around 1,888 points in July 2017 — more than doubling in under two years.	July 2017		word_date	auto-extracted; assign qkey + status in triage (03)
CAND-0314	UNREVIEWED	ch-07-nepse-reality.txt	54		NEPSE fell from 1,888 to approximately 1,100 by early 2020, before the COVID-19 pandemic added a new layer of uncertainty.			nepse	auto-extracted; assign qkey + status in triage (03)
CAND-0315	UNREVIEWED	ch-07-nepse-reality.txt	56		NEPSE, which had touched lows near 1,100 in mid-2020, surged to an all-time high of approximately 3,228 points by August 2021.	August 2021		word_date|nepse	auto-extracted; assign qkey + status in triage (03)
CAND-0316	UNREVIEWED	ch-07-nepse-reality.txt	57		Remittances — which surged paradoxically during COVID-19 as Nepali workers abroad sent more money home — provided households with savings that, absent consumption opportunities, were channelled into NEPSE.			nepse	auto-extracted; assign qkey + status in triage (03)
CAND-0317	UNREVIEWED	ch-07-nepse-reality.txt	59		By mid-2022, NEPSE had corrected sharply from its 2021 highs.			nepse	auto-extracted; assign qkey + status in triage (03)
CAND-0318	UNREVIEWED	ch-07-nepse-reality.txt	62		incorporated.1994 — Formal trading commences.2006 — Securities Act 2063 reforms regulatory framework.2015 — April earthquake; market shows limited correlation to economic damage.2017 — First major bull peak: NEPSE index reaches \~1,888.2021 — All-time high: NEPSE index reaches \~3,228 amid pandemic liquidity surge.2022–present — Tightening cycle; market searching for new equilibrium.			nepse	auto-extracted; assign qkey + status in triage (03)
CAND-0319	UNREVIEWED	ch-07-nepse-reality.txt	67		MetricNYSE (2024)BSE (2024)NSE (2024)NEPSE (2024)			nepse	auto-extracted; assign qkey + status in triage (03)
CAND-0320	UNREVIEWED	ch-07-nepse-reality.txt	70		Daily Turnover (avg)\~$20+ billion\~$1 billion\~$8 billion\~$30–60 million	30–60		score_band	auto-extracted; assign qkey + status in triage (03)
CAND-0321	UNREVIEWED	ch-07-nepse-reality.txt	73		Institutional Share\~80%\~65%\~70%\~15–20%	80%		percent|score_band	auto-extracted; assign qkey + status in triage (03)
CAND-0322	UNREVIEWED	ch-07-nepse-reality.txt	78		NSE's NIFTY 50 index alone encompasses companies whose individual market caps exceed NEPSE's aggregate.			nepse	auto-extracted; assign qkey + status in triage (03)
CAND-0323	UNREVIEWED	ch-07-nepse-reality.txt	80		A single motivated seller in a mid-cap stock can move the price 10% on a slow day.	10%		percent	auto-extracted; assign qkey + status in triage (03)
CAND-0324	UNREVIEWED	ch-07-nepse-reality.txt	83		NEPSE has no meaningful derivatives market as of 2024.			nepse	auto-extracted; assign qkey + status in triage (03)
CAND-0325	UNREVIEWED	ch-07-nepse-reality.txt	93		Government of Nepal (Ministry of Finance)\~34%State	34%		percent	auto-extracted; assign qkey + status in triage (03)
CAND-0326	UNREVIEWED	ch-07-nepse-reality.txt	94		Nepal Rastra Bank (Central Bank)\~34%State	34%		percent	auto-extracted; assign qkey + status in triage (03)
CAND-0327	UNREVIEWED	ch-07-nepse-reality.txt	95		Securities Board of Nepal (SEBON)\~15%Regulator	15%		percent	auto-extracted; assign qkey + status in triage (03)
CAND-0328	UNREVIEWED	ch-07-nepse-reality.txt	96		Licensed Stockbrokers (collectively)\~17%Private	17%		percent	auto-extracted; assign qkey + status in triage (03)
CAND-0329	UNREVIEWED	ch-07-nepse-reality.txt	106		Licensed stockbrokers hold approximately 17% of NEPSE collectively.	17%		percent|nepse	auto-extracted; assign qkey + status in triage (03)
CAND-0330	UNREVIEWED	ch-07-nepse-reality.txt	110		As of 2024, NEPSE's total market capitalisation is approximately NPR 3–4 trillion (roughly USD 22–30 billion, at prevailing exchange rates), a figure that fluctuates significantly with market movements.	NPR 3		amount|score_band|nepse	auto-extracted; assign qkey + status in triage (03)
CAND-0331	UNREVIEWED	ch-07-nepse-reality.txt	111		For Nepal, this ratio has sometimes approached or exceeded 100% of GDP during bull phases, which by global benchmarks would signal overvaluation.	100%		percent	auto-extracted; assign qkey + status in triage (03)
CAND-0332	UNREVIEWED	ch-07-nepse-reality.txt	114		When only 30–40% of a company's shares are in free float (available for public trading), the effective liquid market cap is a fraction of the headline number.	40%		percent|score_band	auto-extracted; assign qkey + status in triage (03)
CAND-0333	UNREVIEWED	ch-07-nepse-reality.txt	114		A company with a 'market cap' of NPR 50 billion may have only NPR 15–20 billion of genuinely tradeable securities, making it far more illiquid than the headline figure suggests.	NPR 50		amount|score_band	auto-extracted; assign qkey + status in triage (03)
CAND-0334	UNREVIEWED	ch-07-nepse-reality.txt	116		NEPSE's listed universe, at approximately 230 companies, is a tiny fraction of Nepal's actual corporate sector.			nepse	auto-extracted; assign qkey + status in triage (03)
CAND-0335	UNREVIEWED	ch-07-nepse-reality.txt	119		A NEPSE market cap-to-GDP ratio above 80% should prompt questions about valuation, liquidity conditions, and the cyclical position of the banking sector.	80%		percent|nepse	auto-extracted; assign qkey + status in triage (03)
CAND-0336	UNREVIEWED	ch-07-nepse-reality.txt	119		A ratio below 40% may signal undervaluation — or simply the end of a liquidity cycle.	40%		percent	auto-extracted; assign qkey + status in triage (03)
CAND-0337	UNREVIEWED	ch-07-nepse-reality.txt	123		Unlike the S\&P 500, which selects 500 companies based on a defined eligibility criteria, or the NIFTY 50, which selects fifty companies representing multiple sectors, the NEPSE Index includes virtually all listed companies.			nepse	auto-extracted; assign qkey + status in triage (03)
CAND-0338	UNREVIEWED	ch-07-nepse-reality.txt	125		Commercial banks alone have historically accounted for 50–60% of total NEPSE market cap.	60%		percent|score_band|nepse	auto-extracted; assign qkey + status in triage (03)
CAND-0339	UNREVIEWED	ch-07-nepse-reality.txt	125		When banking stocks collectively decline by 5%, the NEPSE Index falls by roughly 3%, even if hydropower, insurance, and manufacturing stocks are flat or rising.	5%		percent|nepse	auto-extracted; assign qkey + status in triage (03)
CAND-0340	UNREVIEWED	ch-07-nepse-reality.txt	127		Commercial Banks\~50–55%20	55%		percent|score_band	auto-extracted; assign qkey + status in triage (03)
CAND-0341	UNREVIEWED	ch-07-nepse-reality.txt	128		Development Banks\~8–10%17	10%		percent|score_band	auto-extracted; assign qkey + status in triage (03)
CAND-0342	UNREVIEWED	ch-07-nepse-reality.txt	129		Finance Companies\~3–5%17	5%		percent|score_band	auto-extracted; assign qkey + status in triage (03)
CAND-0343	UNREVIEWED	ch-07-nepse-reality.txt	130		Microfinance\~5–7%64	7%		percent|score_band	auto-extracted; assign qkey + status in triage (03)
CAND-0344	UNREVIEWED	ch-07-nepse-reality.txt	131		Insurance (Life)\~4–6%19	6%		percent|score_band	auto-extracted; assign qkey + status in triage (03)
CAND-0345	UNREVIEWED	ch-07-nepse-reality.txt	132		Insurance (Non-life)\~2–3%20	3%		percent|score_band	auto-extracted; assign qkey + status in triage (03)
CAND-0346	UNREVIEWED	ch-07-nepse-reality.txt	133		Hydropower\~8–12%42	12%		percent|score_band	auto-extracted; assign qkey + status in triage (03)
CAND-0347	UNREVIEWED	ch-07-nepse-reality.txt	134		Manufacturing & Processing\~1–2%23	2%		percent|score_band	auto-extracted; assign qkey + status in triage (03)
CAND-0348	UNREVIEWED	ch-07-nepse-reality.txt	135		Hotels & Tourism\~0.5–1%5	1%		percent|score_band	auto-extracted; assign qkey + status in triage (03)
CAND-0349	UNREVIEWED	ch-07-nepse-reality.txt	136		Others (Investment, Mutual Funds, etc.)\~3–6%Various	6%		percent|score_band	auto-extracted; assign qkey + status in triage (03)
CAND-0350	UNREVIEWED	ch-07-nepse-reality.txt	139		Conversely, a hydropower boom that produces 40% returns in that sector will barely register on the headline index.	40%		percent	auto-extracted; assign qkey + status in triage (03)
CAND-0351	UNREVIEWED	ch-07-nepse-reality.txt	147		A 25-basis-point change in the policy rate can move the sub-index by 3–5% within a session.	5%		percent|score_band	auto-extracted; assign qkey + status in triage (03)
CAND-0352	UNREVIEWED	ch-07-nepse-reality.txt	152		Hydropower stocks present a unique analytical challenge because their fundamental value is deeply tied to long-duration cash flows — PPAs often run 30–40 years — but their market prices are heavily influenced by short-term sentiment, retail speculation, and the overall liquidity conditions in the market.	30–40		score_band	auto-extracted; assign qkey + status in triage (03)
CAND-0353	UNREVIEWED	ch-07-nepse-reality.txt	152		A hydropower company with a secured PPA, completed construction, and reliable generation can be mispriced by 40–50% relative to a DCF (Discounted Cash Flow) valuation if retail sentiment has turned against the sector for unrelated reasons.	50%		percent|score_band	auto-extracted; assign qkey + status in triage (03)
CAND-0354	UNREVIEWED	ch-07-nepse-reality.txt	154		Over 60 microfinance institutions (MFIs) are listed on NEPSE, serving millions of borrowers — predominantly rural women — with small-ticket credit for agriculture, livestock, and cottage enterprises.			nepse	auto-extracted; assign qkey + status in triage (03)
CAND-0355	UNREVIEWED	ch-07-nepse-reality.txt	166		NEPSE's two major bull markets — the 2016–17 cycle and the 2020–21 cycle — share a common architecture that reveals the structural drivers of market euphoria in Nepal.			nepse	auto-extracted; assign qkey + status in triage (03)
CAND-0356	UNREVIEWED	ch-07-nepse-reality.txt	169		By mid-2017, NEPSE had doubled in eighteen months, and the financial press was filled with stories of ordinary Nepalis achieving extraordinary returns.			nepse	auto-extracted; assign qkey + status in triage (03)
CAND-0357	UNREVIEWED	ch-07-nepse-reality.txt	170		The cascade began, and the market fell more than 40% from peak to trough over the subsequent two years.	40%		percent	auto-extracted; assign qkey + status in triage (03)
CAND-0358	UNREVIEWED	ch-07-nepse-reality.txt	173		The initial fall — NEPSE touching approximately 1,100 in mid-2020 — created a base of genuine undervaluation in some sectors, particularly commercial banks, whose fundamentals remained sound despite the economic disruption.			nepse	auto-extracted; assign qkey + status in triage (03)
CAND-0359	UNREVIEWED	ch-07-nepse-reality.txt	175		The NEPSE index reached 3,228 in August 2021.	August 2021		word_date|nepse	auto-extracted; assign qkey + status in triage (03)
CAND-0360	UNREVIEWED	ch-07-nepse-reality.txt	179		By mid-2022, the NEPSE Index had fallen approximately 40–45% from its August 2021 peak.	45%		percent|word_date|score_band|nepse	auto-extracted; assign qkey + status in triage (03)
CAND-0361	UNREVIEWED	ch-07-nepse-reality.txt	179		Some individual stocks — particularly microfinance and small hydropower companies that had been bid to extreme valuations — fell 60–70% or more.	70%		percent|score_band	auto-extracted; assign qkey + status in triage (03)
CAND-0362	UNREVIEWED	ch-07-nepse-reality.txt	188		(Signals late-cycle speculation)Is social media sentiment at peak euphoria or peak despair?What is the aggregate P/E and P/BV of the NEPSE banking sub-index relative to 5-year history?Are IPO oversubscriptions at extreme levels?			nepse	auto-extracted; assign qkey + status in triage (03)
CAND-0363	UNREVIEWED	ch-08-regulatory-architecture.txt	10		Regulatory decisions in Nepal have repeatedly moved the market by 10–20% within single sessions.	20%		percent|score_band	auto-extracted; assign qkey + status in triage (03)
CAND-0364	UNREVIEWED	ch-08-regulatory-architecture.txt	23		As established in Chapter 1, SEBON holds approximately 15% of NEPSE's equity.	15%		percent|nepse	auto-extracted; assign qkey + status in triage (03)
CAND-0365	UNREVIEWED	ch-08-regulatory-architecture.txt	31		Owns \~15% of NEPSE — creating a structural regulator-owner conflict.	15%		percent|nepse	auto-extracted; assign qkey + status in triage (03)
CAND-0366	UNREVIEWED	ch-08-regulatory-architecture.txt	42		Conversely, when NRB tightens — raising the policy rate, increasing the CRR, capping the Credit-to-Deposit (CD) ratio at, say, 90% — banks are forced to call in loans, restrict new credit, and manage their balance sheets toward compliance.	90%		percent	auto-extracted; assign qkey + status in triage (03)
CAND-0367	UNREVIEWED	ch-08-regulatory-architecture.txt	44		NRB's requirement that commercial banks maintain their CD ratio below a specified threshold — typically 90%, though this has varied — is intended as a prudential measure to prevent excessive leverage in the banking system.	90%		percent	auto-extracted; assign qkey + status in triage (03)
CAND-0368	UNREVIEWED	ch-08-regulatory-architecture.txt	46		When CD ratios across the commercial banking sector are uniformly high (above 85–87%), the market is vulnerable to a triggered correction.	87%		percent|score_band	auto-extracted; assign qkey + status in triage (03)
CAND-0369	UNREVIEWED	ch-08-regulatory-architecture.txt	46		When they are low (below 80%), the market has headroom for credit-supported expansion.	80%		percent	auto-extracted; assign qkey + status in triage (03)
CAND-0370	UNREVIEWED	ch-08-regulatory-architecture.txt	48		In a market where a significant fraction of retail investors view bank fixed deposits as the primary alternative to equity investment, a meaningful increase in fixed deposit rates — from, say, 7% to 10–12% — directly competes with expected equity returns.	7%		percent|score_band	auto-extracted; assign qkey + status in triage (03)
CAND-0371	UNREVIEWED	ch-08-regulatory-architecture.txt	49		When bank fixed deposits offer 10% with near-zero principal risk, the risk premium required to justify equity ownership rises, and stocks that were 'acceptable' at 8x earnings become 'overvalued' at those same multiples.	10%		percent	auto-extracted; assign qkey + status in triage (03)
CAND-0372	UNREVIEWED	ch-08-regulatory-architecture.txt	51		NRB regulates commercial banks' share-collateralised lending directly, specifying maximum loan-to-value ratios (currently 65–70% of the previous year's average market price, with further restrictions on single-borrower concentration) and imposing overall caps on the share of a bank's total loan book that can be collateralised by securities.	70%		percent|score_band	auto-extracted; assign qkey + status in triage (03)
CAND-0373	UNREVIEWED	ch-08-regulatory-architecture.txt	61		As established in Chapter 1, NRB holds approximately 34% of NEPSE's equity.	34%		percent|nepse	auto-extracted; assign qkey + status in triage (03)
CAND-0374	UNREVIEWED	ch-08-regulatory-architecture.txt	72		Established in 2010 under the Securities Act 2063 and the Companies Act 2063, CDSC performs three distinct but interrelated functions that are the operational backbone of every share transaction in NEPSE: depository services (the holding of securities in electronic form), clearing (the calculation of net obligations arising from each trading session), and settlement (the actual transfer of securit			nepse	auto-extracted; assign qkey + status in triage (03)
CAND-0375	UNREVIEWED	ch-08-regulatory-architecture.txt	82		Third, in a rapidly moving market, a T+2 settlement means that a seller who transacts on a falling market may deliver securities at T+2 when prices have moved further — though in NEPSE's relatively stable intraday environment this is less acute than in more volatile markets.			nepse	auto-extracted; assign qkey + status in triage (03)
CAND-0376	UNREVIEWED	ch-08-regulatory-architecture.txt	107		At the individual stock level, daily price movements are limited to a maximum of 15% above or below the previous day's closing price (this band may be modified for specific categories of securities).	15%		percent	auto-extracted; assign qkey + status in triage (03)
CAND-0377	UNREVIEWED	ch-08-regulatory-architecture.txt	108		At the market level, NEPSE can suspend all trading if the overall index moves beyond specified thresholds within a single session — under the two-tier system in force since April 2026, a 5% index move within the first two hours triggers a 15-minute halt, and an 8% move suspends trading for the rest of the day — a systemic circuit breaker triggered by broad market panic or extraordinary events.	5%		percent|word_date|nepse	auto-extracted; assign qkey + status in triage (03)
CAND-0378	UNREVIEWED	ch-08-regulatory-architecture.txt	109		Entrapment: in a declining market, a stock that hits the lower circuit limit every day for a week has effectively fallen more than 50% while appearing, on any individual day, to be only at its daily limit.	50%		percent	auto-extracted; assign qkey + status in triage (03)
CAND-0379	UNREVIEWED	ch-08-regulatory-architecture.txt	123		When an IPO is priced at, say, NPR 100 per share and lists on NEPSE at NPR 180 on the first trading day, the 80% gain creates powerful incentives for retail investors to apply for every IPO regardless of fundamental merit.	80%		percent|amount|nepse	auto-extracted; assign qkey + status in triage (03)
CAND-0380	UNREVIEWED	ch-08-regulatory-architecture.txt	126		For example, a company might offer a 1:1 rights issue at NPR 500 per share to shareholders of record, when the market price is NPR 700.	NPR 500		amount	auto-extracted; assign qkey + status in triage (03)
CAND-0381	UNREVIEWED	ch-08-regulatory-architecture.txt	126		Each existing shareholder who holds 100 shares has the right — but not the obligation — to purchase an additional 100 shares at NPR 500.	NPR 500		amount	auto-extracted; assign qkey + status in triage (03)
CAND-0382	UNREVIEWED	ch-08-regulatory-architecture.txt	127		If you own 100 shares pre-rights and the company issues 100% rights (1 new share per existing share), and you do not exercise, you now hold 100 shares in a company that has twice as many shares outstanding.	100%		percent	auto-extracted; assign qkey + status in triage (03)
CAND-0383	UNREVIEWED	ch-08-regulatory-architecture.txt	185		Because commercial banks, development banks, and finance companies constitute the majority of NEPSE's listed universe, the Banks and Financial Institutions Act 2073 (BAFIA) is effectively Nepal's most consequential piece of capital market-relevant legislation, even though it is not technically a securities law.			nepse	auto-extracted; assign qkey + status in triage (03)
CAND-0384	UNREVIEWED	ch-08-regulatory-architecture.txt	208		The 2021 bull market — where by mid-2021 the NEPSE index was at 3,000+ and margin lending had expanded dramatically — showed signs of excess that a proactive regulator might have addressed earlier.			nepse	auto-extracted; assign qkey + status in triage (03)
CAND-0385	UNREVIEWED	ch-09-market-participants.txt	14		In most developed equity markets, retail investors — individual citizens trading their personal savings — constitute a minority of daily trading volume, typically 15–25%.	25%		percent|score_band	auto-extracted; assign qkey + status in triage (03)
CAND-0386	UNREVIEWED	ch-09-market-participants.txt	15		Retail investors account for an estimated 80–85% of daily trading volume.	85%		percent|score_band	auto-extracted; assign qkey + status in triage (03)
CAND-0387	UNREVIEWED	ch-09-market-participants.txt	22		Investors who entered NEPSE during the 2020–21 bull market, and who experienced rapid gains in their first year of participation, formed expectations of market returns based on that exceptional period.			nepse	auto-extracted; assign qkey + status in triage (03)
CAND-0388	UNREVIEWED	ch-09-market-participants.txt	23		Investors who buy a stock at NPR 1,000 before a 50% bonus issue, expecting to benefit from the bonus, typically ignore that the post-bonus price adjusts proportionally downward.	50%		percent|amount	auto-extracted; assign qkey + status in triage (03)
CAND-0389	UNREVIEWED	ch-09-market-participants.txt	28		A change in NRB's policy stance — an event that in a deeper, institutionally-dominated market would produce a measured re-pricing over days as algorithms and analysts process the implications — can produce a 5–8% single-day move in NEPSE as retail investors react in a coordinated, socially-mediated panic or euphoria.	8%		percent|score_band|nepse	auto-extracted; assign qkey + status in triage (03)
CAND-0390	UNREVIEWED	ch-09-market-participants.txt	49		If EPF were to shift its equity allocation from, say, 5% to 15% of assets — a move comparable to what pension funds in peer emerging markets have done — the capital inflow into NEPSE would be transformative.	5%		percent|nepse	auto-extracted; assign qkey + status in triage (03)
CAND-0391	UNREVIEWED	ch-09-market-participants.txt	51		Nepal's insurance sector — regulated by Beema Samiti (Insurance Board) — comprises approximately nineteen life insurance companies and twenty non-life insurance companies as of 2024, most of them listed on NEPSE.			nepse	auto-extracted; assign qkey + status in triage (03)
CAND-0392	UNREVIEWED	ch-09-market-participants.txt	56		Citizen Investment TrustSavings/PensionNPR 200–300 Bn+Large-cap bankingConservative mandate, redemption pressure	NPR 200		amount|score_band	auto-extracted; assign qkey + status in triage (03)
CAND-0393	UNREVIEWED	ch-09-market-participants.txt	57		Employee Provident FundPensionNPR 400–600 Bn+Minimal — gov't bonds preferredRegulatory equity ceiling, political risk aversion	NPR 400		amount|score_band	auto-extracted; assign qkey + status in triage (03)
CAND-0394	UNREVIEWED	ch-09-market-participants.txt	58		Life Insurance CompaniesInsurance ReserveNPR 200 Bn+ (sector)Large-cap banking and hydroBeema Samiti concentration limits	NPR 200		amount	auto-extracted; assign qkey + status in triage (03)
CAND-0395	UNREVIEWED	ch-09-market-participants.txt	59		Non-Life Insurance Cos.Insurance ReserveNPR 50–80 Bn (sector)Large-cap diversifiedShorter duration; lower equity allocation	NPR 50		amount|score_band	auto-extracted; assign qkey + status in triage (03)
CAND-0396	UNREVIEWED	ch-09-market-participants.txt	62		A CIT decision to deploy NPR 500 million into a specific banking stock — a transaction that would be unremarkable in the context of India's or any developed market — can move a NEPSE-listed bank's price by 5–8% over a week of systematic accumulation.	8%		percent|amount|score_band|nepse	auto-extracted; assign qkey + status in triage (03)
CAND-0397	UNREVIEWED	ch-09-market-participants.txt	67		By 2024, Nepal had approximately 25–30 registered mutual fund schemes, collectively managing assets of NPR 100–150 billion — a fraction of NEPSE's total market capitalisation and a tiny proportion of total household financial savings in the country.	NPR 100		amount|score_band|nepse	auto-extracted; assign qkey + status in triage (03)
CAND-0398	UNREVIEWED	ch-09-market-participants.txt	72		A fund with an NAV of NPR 15 per unit may trade on NEPSE at NPR 11 or NPR 12 — a discount of 25–30%.	30%		percent|amount|score_band|nepse	auto-extracted; assign qkey + status in triage (03)
CAND-0399	UNREVIEWED	ch-09-market-participants.txt	72		For a sophisticated investor, this raises an obvious question: why would you pay NPR 11 to acquire a claim on assets worth NPR 15?	NPR 11		amount	auto-extracted; assign qkey + status in triage (03)
CAND-0400	UNREVIEWED	ch-09-market-participants.txt	74		For the analytically literate investor, closed-end funds trading at deep discounts to NAV represent a structured opportunity: buying a diversified portfolio of NEPSE equities at a 20–30% discount to their current market value.	30%		percent|score_band|nepse	auto-extracted; assign qkey + status in triage (03)
CAND-0401	UNREVIEWED	ch-09-market-participants.txt	76		Nepal's mutual funds are managed by licensed Fund Management Companies (FMCs) — separate entities from the fund itself, which serve as investment managers and earn a management fee (typically 1–1.5% of NAV annually) for their services.	1.5%		percent|score_band	auto-extracted; assign qkey + status in triage (03)
CAND-0402	UNREVIEWED	ch-09-market-participants.txt	84		— 1–1.5% annually compounds significantly over long periods.	1.5%		percent|score_band	auto-extracted; assign qkey + status in triage (03)
CAND-0403	UNREVIEWED	ch-09-market-participants.txt	92		Nepal's 50-broker cap has its origins in the early years of NEPSE when trading volumes were tiny and the viability of a larger broker network was questionable.			nepse	auto-extracted; assign qkey + status in triage (03)
CAND-0404	UNREVIEWED	ch-09-market-participants.txt	97		Up to 50,0000.60%	0000.60%		percent	auto-extracted; assign qkey + status in triage (03)
CAND-0405	UNREVIEWED	ch-09-market-participants.txt	98		50,001 to 500,0000.55%	0000.55%		percent	auto-extracted; assign qkey + status in triage (03)
CAND-0406	UNREVIEWED	ch-09-market-participants.txt	99		500,001 to 2,000,0000.50%	0000.50%		percent	auto-extracted; assign qkey + status in triage (03)
CAND-0407	UNREVIEWED	ch-09-market-participants.txt	100		2,000,001 to 10,000,0000.45%	0000.45%		percent	auto-extracted; assign qkey + status in triage (03)
CAND-0408	UNREVIEWED	ch-09-market-participants.txt	101		Above 10,000,0000.40%	0000.40%		percent	auto-extracted; assign qkey + status in triage (03)
CAND-0409	UNREVIEWED	ch-09-market-participants.txt	102		In addition to broker commission, investors pay a SEBON regulatory fee (currently 0.015% of transaction value), a CDSC depository fee, and a capital gains tax on profit from share sales (currently 7.5% for individuals on listed securities held less than one year and 5% for those held more than one year).	0.015%		percent	auto-extracted; assign qkey + status in triage (03)
CAND-0410	UNREVIEWED	ch-09-market-participants.txt	116		SEBON's Foreign Investment in Securities Regulation 2075 (2018 AD) is the primary regulatory instrument governing FII access to NEPSE.			nepse	auto-extracted; assign qkey + status in triage (03)
CAND-0411	UNREVIEWED	ch-09-market-participants.txt	117		The foreign ownership ceiling in any single listed company is set at 30% of paid-up capital — a limit that applies to aggregate foreign ownership (all foreign investors combined in a single company).	30%		percent	auto-extracted; assign qkey + status in triage (03)
CAND-0412	UNREVIEWED	ch-09-market-participants.txt	122		FII ownership across most NEPSE-listed stocks is well below 5% — in most cases, effectively zero.	5%		percent|nepse	auto-extracted; assign qkey + status in triage (03)
CAND-0413	UNREVIEWED	ch-09-market-participants.txt	132		The NRN population is estimated at 2–3 million individuals globally, with the largest concentrations in India, the Gulf countries (Qatar, UAE, Saudi Arabia, Kuwait, Malaysia), the United States, the United Kingdom, and Australia.	2–3		score_band	auto-extracted; assign qkey + status in triage (03)
CAND-0414	UNREVIEWED	ch-09-market-participants.txt	133		NRN remittances have been the single largest source of foreign exchange for Nepal for over a decade — exceeding 25% of GDP in recent years.	25%		percent	auto-extracted; assign qkey + status in triage (03)
CAND-0415	UNREVIEWED	ch-09-market-participants.txt	136		NRNs have a dedicated allocation in many IPOs — typically 5% of total issue size is reserved for NRN investors — which is separate from the general public allocation.	5%		percent	auto-extracted; assign qkey + status in triage (03)
CAND-0416	UNREVIEWED	ch-09-market-participants.txt	140		A NRN who invests in NEPSE and earns a 20% return in Nepali rupees may find that the rupee has depreciated against their home currency (whether the US dollar, UAE dirham, or UK pound) during the same period, eroding the foreign-currency-equivalent return.	20%		percent|nepse	auto-extracted; assign qkey + status in triage (03)
CAND-0417	UNREVIEWED	ch-09-market-participants.txt	140		Nepal's rupee is pegged to the Indian rupee (NPR 1.60 per INR), and the INR-USD rate therefore largely determines the NPR-USD rate.	NPR 1.60		amount	auto-extracted; assign qkey + status in triage (03)
CAND-0418	UNREVIEWED	ch-09-market-participants.txt	142		NRN investors are subject to the same capital gains tax as domestic investors on their NEPSE gains (7.5% for securities held less than one year; 5% for securities held more than one year, as of the current tax regime).	7.5%		percent|nepse	auto-extracted; assign qkey + status in triage (03)
CAND-0419	UNREVIEWED	ch-09-market-participants.txt	142		Dividends received are subject to a 5% withholding tax at source — withheld by the distributing company before the dividend is credited to the NRNIA.	5%		percent	auto-extracted; assign qkey + status in triage (03)
CAND-0420	UNREVIEWED	ch-09-market-participants.txt	146		IPO access: Reserved 5% NRN allocation in most issues — better allotment probability than general pool.	5%		percent	auto-extracted; assign qkey + status in triage (03)
CAND-0421	UNREVIEWED	ch-09-market-participants.txt	149		Tax: 7.5%/5% capital gains (short/long-term); 5% dividend withholding at source.	7.5%		percent	auto-extracted; assign qkey + status in triage (03)
CAND-0422	UNREVIEWED	ch-09-market-participants.txt	156		In Nepali commercial banks, promoter shareholding typically constitutes 51% of paid-up capital, with the remaining 49% offered to the public through IPOs and FPOs.	51%		percent	auto-extracted; assign qkey + status in triage (03)
CAND-0423	UNREVIEWED	ch-09-market-participants.txt	161		A promoter who sells a significant stake — typically above 0.5% of paid-up capital in a single transaction — must disclose the transaction to NEPSE and SEBON.	0.5%		percent|nepse	auto-extracted; assign qkey + status in triage (03)
CAND-0424	UNREVIEWED	ch-09-market-participants.txt	163		A promoter group with 51% of shares can, in effect, pass any ordinary resolution — including related party transactions that may benefit promoters at public shareholders' expense — over the objection of all public shareholders combined.	51%		percent	auto-extracted; assign qkey + status in triage (03)
CAND-0425	UNREVIEWED	ch-09-market-participants.txt	171		What to MonitorPromoter pledge %: Exceeding 50% of promoter shares pledged signals significant financial stress risk.	50%		percent	auto-extracted; assign qkey + status in triage (03)
CAND-0426	UNREVIEWED	ch-09-market-participants.txt	184		But in less-traded stocks — smaller hydropower developers, manufacturing companies, many microfinance institutions — the spread can be 2–5% or more of the stock's price.	5%		percent|score_band	auto-extracted; assign qkey + status in triage (03)
CAND-0427	UNREVIEWED	ch-09-market-participants.txt	185		A bid-ask spread of 3% means that an investor who buys a stock and immediately sells it loses 3% plus transaction costs — a meaningful barrier to efficient trading that does not exist in market-made securities.	3%		percent	auto-extracted; assign qkey + status in triage (03)
CAND-0428	UNREVIEWED	ch-09-market-participants.txt	190		In NEPSE, a lower-circuit lock can persist for days — each day the stock opens and hits its lower circuit, falls another 15%, and closes.	15%		percent|nepse	auto-extracted; assign qkey + status in triage (03)
CAND-0429	UNREVIEWED	ch-09-market-participants.txt	192		A hydropower company with sound fundamentals and a reasonable DCF valuation of NPR 300 per share may trade at NPR 220 in NEPSE's unmade market, because potential buyers know that exiting the position will be difficult if their investment thesis changes.	NPR 300		amount|nepse	auto-extracted; assign qkey + status in triage (03)
CAND-0430	UNREVIEWED	ch-09-market-participants.txt	207		The NEPSE Investor's Operating FrameworkSize positions in proportion to a stock's average daily volume — never build a position you cannot exit in 10–15 trading days at normal volumes.	10–15		score_band|nepse	auto-extracted; assign qkey + status in triage (03)
CAND-0431	UNREVIEWED	ch-10-trading-mechanics.txt	24		NEPSE operates on Nepal Standard Time (NST), which is UTC+5:45 — one of the few time zones in the world not aligned to a full or half hour, a quirk of Nepal's geography relative to India.			nepse	auto-extracted; assign qkey + status in triage (03)
CAND-0432	UNREVIEWED	ch-10-trading-mechanics.txt	48		A buy limit order at Rs 450 will only execute if shares are available at Rs 450 or below.	Rs 450		amount	auto-extracted; assign qkey + status in triage (03)
CAND-0433	UNREVIEWED	ch-10-trading-mechanics.txt	48		A sell limit order at Rs 450 will only execute if buyers are present at Rs 450 or above.	Rs 450		amount	auto-extracted; assign qkey + status in triage (03)
CAND-0434	UNREVIEWED	ch-10-trading-mechanics.txt	57		In NEPSE, especially for smaller-cap or less actively traded stocks, spreads can be Rs 5, Rs 20, or even larger — sometimes several percent of the stock price.	Rs 5,		amount|nepse	auto-extracted; assign qkey + status in triage (03)
CAND-0435	UNREVIEWED	ch-10-trading-mechanics.txt	72		Since April 2026 that band has been widened to fifteen percent, meaning a stock cannot rise more than fifteen percent above the previous day's closing price, nor fall more than fifteen percent below it, within a single trading session.	April 2026		word_date	auto-extracted; assign qkey + status in triage (03)
CAND-0436	UNREVIEWED	ch-10-trading-mechanics.txt	86		NEPSE operates on a T+2 settlement cycle.			nepse	auto-extracted; assign qkey + status in triage (03)
CAND-0437	UNREVIEWED	ch-10-trading-mechanics.txt	92		Sound cash management in NEPSE requires maintaining a buffer: do not commit 100% of your available cash to open buy orders simultaneously, because if multiple orders fill on the same day, your settlement obligations could exceed your immediately available balance.	100%		percent|nepse	auto-extracted; assign qkey + status in triage (03)
CAND-0438	UNREVIEWED	ch-10-trading-mechanics.txt	99		The persistence of T+2 in NEPSE is partly infrastructural and partly institutional.			nepse	auto-extracted; assign qkey + status in triage (03)
CAND-0439	UNREVIEWED	ch-10-trading-mechanics.txt	142		If a company declares a dividend of Rs 25 per share and you hold 100 shares, you receive Rs 2,500.	Rs 25		amount	auto-extracted; assign qkey + status in triage (03)
CAND-0440	UNREVIEWED	ch-10-trading-mechanics.txt	145		If a company announces a 20% bonus share, every shareholder receives 20 additional shares for every 100 they currently hold.	20%		percent	auto-extracted; assign qkey + status in triage (03)
CAND-0441	UNREVIEWED	ch-10-trading-mechanics.txt	146		If you hold 100 shares at Rs 1,000 each (total value Rs 100,000) and receive a 20% bonus, you now hold 120 shares.	20%		percent|amount	auto-extracted; assign qkey + status in triage (03)
CAND-0442	UNREVIEWED	ch-10-trading-mechanics.txt	146		The theoretical post-bonus price, all else equal, adjusts to approximately Rs 833 per share — so your total value remains Rs 100,000.	Rs 833		amount	auto-extracted; assign qkey + status in triage (03)
CAND-0443	UNREVIEWED	ch-10-trading-mechanics.txt	149		If you hold 100 shares and the company announces a 1:4 rights issue at Rs 100 per share, you have the right to purchase 25 additional shares at Rs 100, regardless of the current market price.	Rs 100		amount	auto-extracted; assign qkey + status in triage (03)
CAND-0444	UNREVIEWED	ch-10-trading-mechanics.txt	162		Chapter 4 has equipped you with a complete operational map of how NEPSE actually functions at the mechanical level.			nepse	auto-extracted; assign qkey + status in triage (03)
CAND-0445	UNREVIEWED	ch-100-portfolio-construction-walkthrough.txt	13		Her risk tolerance, stated honestly rather than aspirationally, is that she can watch her portfolio fall by 20 to 25 percent in a bad year without selling in a panic, because she has seen NEPSE do this before and understands it is not the same as losing the money permanently.	25 percent		percent|nepse	auto-extracted; assign qkey + status in triage (03)
CAND-0446	UNREVIEWED	ch-100-portfolio-construction-walkthrough.txt	19		Sunita's first allocation decision is not about which bank or which hydropower company to buy — it is about how much of her 12 lakh goes into NEPSE-listed equities at all, versus how much stays outside the stock market entirely as a cushion.			nepse	auto-extracted; assign qkey + status in triage (03)
CAND-0447	UNREVIEWED	ch-100-portfolio-construction-walkthrough.txt	20		Because her time horizon is long and her stated tolerance for a broad market decline is reasonably high, Sunita decides that 88 percent of this 12 lakh — roughly 10.56 lakh — will go into a diversified basket of NEPSE-listed companies.	88 percent		percent|nepse	auto-extracted; assign qkey + status in triage (03)
CAND-0448	UNREVIEWED	ch-100-portfolio-construction-walkthrough.txt	20		The remaining 12 percent, about 1.44 lakh, will sit inside her brokerage-linked bank account as cash, not invested in any single company.	12 percent		percent	auto-extracted; assign qkey + status in triage (03)
CAND-0449	UNREVIEWED	ch-100-portfolio-construction-walkthrough.txt	20		This 12 percent is what Chapter 62 called dry powder — cash held deliberately inside the investing plan, ready to be deployed when individual companies or the whole market becomes cheap, rather than sitting fully invested at all times regardless of price.	12 percent		percent	auto-extracted; assign qkey + status in triage (03)
CAND-0450	UNREVIEWED	ch-100-portfolio-construction-walkthrough.txt	21		Within that 88 percent equity allocation, Chapters 60 and 61 introduced the idea of a core and satellite structure.	88 percent		percent	auto-extracted; assign qkey + status in triage (03)
CAND-0451	UNREVIEWED	ch-100-portfolio-construction-walkthrough.txt	21		Sunita sets her core-to-satellite split at roughly 65 percent core, 35 percent satellite, measured against her invested equity sleeve rather than her whole portfolio.	65 percent		percent	auto-extracted; assign qkey + status in triage (03)
CAND-0452	UNREVIEWED	ch-100-portfolio-construction-walkthrough.txt	21		This is a personal number, not a universal law — a more conservative investor might run 80/20, a more aggressive one 50/50 — but it must be decided before individual companies are chosen, because it will act as a ceiling on how adventurous the satellite half of her portfolio is allowed to get.	80/20		fraction	auto-extracted; assign qkey + status in triage (03)
CAND-0453	UNREVIEWED	ch-100-portfolio-construction-walkthrough.txt	24		Sunita's allocation, restated in plain terms, now looks like this: roughly 10.56 lakh in NEPSE equities, split further into a core of about 6.9 lakh and a satellite of about 3.7 lakh, and roughly 1.44 lakh in cash reserve.			nepse	auto-extracted; assign qkey + status in triage (03)
CAND-0454	UNREVIEWED	ch-100-portfolio-construction-walkthrough.txt	28		When an unusually poor monsoon season coincided with a sharp drop in tourist arrivals the same year, both groups fell together, and the investor discovered that roughly 60 percent of his portfolio had effectively been one undiversified bet on a good travel and rainfall year.	60 percent		percent	auto-extracted; assign qkey + status in triage (03)
CAND-0455	UNREVIEWED	ch-100-portfolio-construction-walkthrough.txt	30		Her constitution's standing rule caps any single NEPSE sector at 20 percent of her total portfolio.	20 percent		percent|nepse	auto-extracted; assign qkey + status in triage (03)
CAND-0456	UNREVIEWED	ch-100-portfolio-construction-walkthrough.txt	30		But for hydropower specifically — precisely because of the correlation risk above, and because a single hydropower company's output can be knocked around by transmission line constraints, license renewals, or a single bad monsoon in a way that a diversified bank's loan book usually is not — she sets a personal sub-ceiling of 10 percent, half her general sector cap.	10 percent		percent	auto-extracted; assign qkey + status in triage (03)
CAND-0457	UNREVIEWED	ch-100-portfolio-construction-walkthrough.txt	34		With this thinking done, Sunita has her sector map: Commercial Banking and Development Banking together capped at 20 percent of the total portfolio; Life and Non-Life Insurance together capped at 15 percent; Hydropower capped at a self-imposed 10 percent with zero tourism exposure; Microfinance, Manufacturing and Processing, Trading, and a diversified Mutual Fund each held as a single meaningful p	20 percent		percent	auto-extracted; assign qkey + status in triage (03)
CAND-0458	UNREVIEWED	ch-100-portfolio-construction-walkthrough.txt	37		Sunita's constitution states her personal drawdown budget this way: she does not want any single holding, even in a genuinely severe, low-probability scenario, to be able to cost her more than 6 percent of her total portfolio's value in one event.	6 percent		percent	auto-extracted; assign qkey + status in triage (03)
CAND-0459	UNREVIEWED	ch-100-portfolio-construction-walkthrough.txt	37		Looking at past cases of companies hit by scandal, regulatory action, or business failure, she settles on 50 percent as a sober, non-alarmist estimate of a severe single-stock decline — not a total wipeout, which is rarer, but a serious, headline-making collapse.	50 percent		percent	auto-extracted; assign qkey + status in triage (03)
CAND-0460	UNREVIEWED	ch-100-portfolio-construction-walkthrough.txt	38		That is her ceiling — no single company, however much she likes it, may exceed 12 percent of her total portfolio at the moment she buys it.	12 percent		percent	auto-extracted; assign qkey + status in triage (03)
CAND-0461	UNREVIEWED	ch-100-portfolio-construction-walkthrough.txt	42		Large, well-established commercial bank50 percent6 percent of portfolio12 percent	50 percent		percent	auto-extracted; assign qkey + status in triage (03)
CAND-0462	UNREVIEWED	ch-100-portfolio-construction-walkthrough.txt	43		Single hydropower developer, one project50 percent6 percent of portfolio, but self-capped sector-wide at 10 percent10 percent (sector sub-ceiling binds first)	50 percent		percent	auto-extracted; assign qkey + status in triage (03)
CAND-0463	UNREVIEWED	ch-100-portfolio-construction-walkthrough.txt	44		Smaller microfinance institution60 percent (assumed higher volatility)6 percent of portfolio10 percent	60 percent		percent	auto-extracted; assign qkey + status in triage (03)
CAND-0464	UNREVIEWED	ch-100-portfolio-construction-walkthrough.txt	45		Diversified mutual fund unit30 percent (fund itself already diversified)6 percent of portfolio20 percent, though Sunita still caps it lower for balance	30 percent		percent	auto-extracted; assign qkey + status in triage (03)
CAND-0465	UNREVIEWED	ch-100-portfolio-construction-walkthrough.txt	52		Him Ganga Bank LtdCommercial Banking12 percent1,44,000CoreLargest, most liquid holding, sized right at her 12 percent position ceiling because it is her highest-conviction, longest-tracked company; anchors the portfolio	12 percent		percent	auto-extracted; assign qkey + status in triage (03)
CAND-0466	UNREVIEWED	ch-100-portfolio-construction-walkthrough.txt	53		Saraswati Commercial Bank LtdCommercial Banking8 percent96,000CoreSecond bank with a different customer base and geographic footprint, kept smaller so the two banks together sum to 20 percent, exactly her combined banking sector cap	8 percent		percent	auto-extracted; assign qkey + status in triage (03)
CAND-0467	UNREVIEWED	ch-100-portfolio-construction-walkthrough.txt	54		Rapti Bikas Bank LtdDevelopment Banking8 percent96,000 (adjusted within combined 20 percent cap alongside the two commercial banks above)CoreIncluded for now within the same 20 percent combined ceiling as the commercial banks, since both react to the same NRB liquidity and rate cycle	8 percent		percent	auto-extracted; assign qkey + status in triage (03)
CAND-0468	UNREVIEWED	ch-100-portfolio-construction-walkthrough.txt	55		Everest Jeevan Bima LtdLife Insurance8 percent96,000CoreLong-duration savings-linked business, a different earnings driver than banking or hydropower	8 percent		percent	auto-extracted; assign qkey + status in triage (03)
CAND-0469	UNREVIEWED	ch-100-portfolio-construction-walkthrough.txt	56		Gorkha Beema Company LtdNon-Life Insurance7 percent84,000CoreClaims-driven earnings, completes the 15 percent combined insurance sector allocation	7 percent		percent	auto-extracted; assign qkey + status in triage (03)
CAND-0470	UNREVIEWED	ch-100-portfolio-construction-walkthrough.txt	57		Tamor Jalvidyut LtdHydropower10 percent1,20,000SatelliteSingle hydropower holding, deliberately capped at her self-imposed 10 percent sub-ceiling rather than the general 20 percent sector cap, with zero tourism exposure held alongside it	10 percent		percent	auto-extracted; assign qkey + status in triage (03)
CAND-0471	UNREVIEWED	ch-100-portfolio-construction-walkthrough.txt	58		Karnali Laghubitta Bittiya Sanstha LtdMicrofinance8 percent96,000SatelliteSmaller institution with higher assumed volatility, sized at 8 percent, under its 10 percent formula-based ceiling	8 percent		percent	auto-extracted; assign qkey + status in triage (03)
CAND-0472	UNREVIEWED	ch-100-portfolio-construction-walkthrough.txt	59		Koshi Udyog Manufacturing LtdManufacturing and Processing10 percent1,20,000CoreConsumer-goods manufacturer whose earnings track household spending rather than market sentiment, a useful counterweight to financial and hydropower holdings	10 percent		percent	auto-extracted; assign qkey + status in triage (03)
CAND-0473	UNREVIEWED	ch-100-portfolio-construction-walkthrough.txt	60		Bagmati Trading Company LtdTrading7 percent84,000SatelliteImport and consumer-demand exposure through a different channel again, kept modest in size	7 percent		percent	auto-extracted; assign qkey + status in triage (03)
CAND-0474	UNREVIEWED	ch-100-portfolio-construction-walkthrough.txt	61		Sunkoshi Balanced Fund unitsInvestment or Mutual Fund10 percent1,20,000CoreProfessionally managed, already-diversified basket, held below its formula ceiling on purpose to avoid over-relying on any single product	10 percent		percent	auto-extracted; assign qkey + status in triage (03)
CAND-0475	UNREVIEWED	ch-100-portfolio-construction-walkthrough.txt	62		Cash reserve, dry powderNot sector-classified12 percent1,44,000NeitherHeld outside all equity positions specifically to be deployed when a holding above becomes cheaper, or when a new opportunity meeting her criteria appears, per Chapter 94's routine	12 percent		percent	auto-extracted; assign qkey + status in triage (03)
CAND-0476	UNREVIEWED	ch-100-portfolio-construction-walkthrough.txt	64		First, no single holding exceeds 12 percent, which was her maximum drawdown-derived ceiling.	12 percent		percent	auto-extracted; assign qkey + status in triage (03)
CAND-0477	UNREVIEWED	ch-100-portfolio-construction-walkthrough.txt	65		Commercial and development banking together total 20 percent, exactly at the ceiling rather than over it.	20 percent		percent	auto-extracted; assign qkey + status in triage (03)
CAND-0478	UNREVIEWED	ch-100-portfolio-construction-walkthrough.txt	65		Insurance totals 15 percent, exactly at its ceiling.	15 percent		percent	auto-extracted; assign qkey + status in triage (03)
CAND-0479	UNREVIEWED	ch-100-portfolio-construction-walkthrough.txt	65		Hydropower sits at 10 percent, at its tighter, self-imposed sub-ceiling, with tourism at a deliberate zero.	10 percent		percent	auto-extracted; assign qkey + status in triage (03)
CAND-0480	UNREVIEWED	ch-100-portfolio-construction-walkthrough.txt	66		Adding up the core-labelled rows — the two banks and development bank, both insurers, the manufacturer, and the mutual fund — comes to about 53 percent of the total portfolio, with hydropower, microfinance, and trading making up the satellite portion at about 25 percent, and cash making up the remaining 12 percent outside both.	53 percent		percent	auto-extracted; assign qkey + status in triage (03)
CAND-0481	UNREVIEWED	ch-100-portfolio-construction-walkthrough.txt	66		The proportions are not perfectly identical to her original 65/35 equity-sleeve target once cash is folded back into the picture, which is normal — the sector caps and position limits are the harder constraints, and the core-satellite split is a planning guide, not a rule enforced to the decimal point.	65/35		fraction	auto-extracted; assign qkey + status in triage (03)
CAND-0482	UNREVIEWED	ch-100-portfolio-construction-walkthrough.txt	72		Once a quarter, on a date she has already put in her calendar rather than a date she picks based on how the market feels, she recalculates every position's current percentage of her total portfolio, because share prices move even when she does nothing, and a holding that started at 10 percent can drift to 14 percent purely through price appreciation, silently breaching her own position limit witho	10 percent		percent	auto-extracted; assign qkey + status in triage (03)
CAND-0483	UNREVIEWED	ch-100-portfolio-construction-walkthrough.txt	74		A holding that performs well for two straight years, left untouched, can grow from a disciplined 10 percent position into an undisciplined 18 percent position purely through price appreciation, silently exceeding a rule the investor still believes she is following.	10 percent		percent	auto-extracted; assign qkey + status in triage (03)
CAND-0484	UNREVIEWED	ch-100-portfolio-construction-walkthrough.txt	78		Her 12 percent cash reserve is not meant to sit untouched forever.	12 percent		percent	auto-extracted; assign qkey + status in triage (03)
CAND-0485	UNREVIEWED	ch-100-portfolio-construction-walkthrough.txt	78		Chapter 94's routine gives her a simple, written trigger for using it: if a holding she already owns and already understands falls by a defined amount — say, 15 percent or more — without any accompanying deterioration in the reason she originally bought it, her routine allows her to deploy a portion of the cash reserve to bring that position back toward, but never above, its capped size.	15 percent		percent	auto-extracted; assign qkey + status in triage (03)
CAND-0486	UNREVIEWED	ch-100-portfolio-construction-walkthrough.txt	78		When the cash reserve is used this way and eventually falls below a minimum threshold she has set — say, 5 percent of the total portfolio — her routine directs new remittance-funded contributions back into cash first, rebuilding the reserve, before any of it is deployed into new positions.	5 percent		percent	auto-extracted; assign qkey + status in triage (03)
CAND-0487	UNREVIEWED	ch-101-pre-buy-checklists.txt	9		He started the habit in 2016 after a hydropower IPO he chased on a tip from a colleague dropped 40 percent in four months.	40 percent		percent	auto-extracted; assign qkey + status in triage (03)
CAND-0488	UNREVIEWED	ch-101-pre-buy-checklists.txt	10		"It is a guardrail against the version of you that exists for the ninety seconds after a stock jumps 8 percent and a friend messages you that it is ""sure to hit circuit again tomorrow."" That version of you is not stupid."	8 percent		percent	auto-extracted; assign qkey + status in triage (03)
CAND-0489	UNREVIEWED	ch-101-pre-buy-checklists.txt	12		A rumour about a hydropower PPA renegotiation, a WhatsApp forward about a bank's upcoming bonus share, a sudden spike in a microfinance counter after a brokerage report nobody has actually read past the headline — any of these can move a stock 5 to 10 percent inside a session, hit the circuit filter, and pull in retail buyers who never asked the first diagnostic question.	10 percent		percent	auto-extracted; assign qkey + status in triage (03)
CAND-0490	UNREVIEWED	ch-101-pre-buy-checklists.txt	20		Liquidity checkAverage daily traded value over the last 20-30 sessionsFails if your intended position cannot be built or exited over a few sessions without moving the price materially	20-30		score_band	auto-extracted; assign qkey + status in triage (03)
CAND-0491	UNREVIEWED	ch-101-pre-buy-checklists.txt	21		Canon Score thresholdComposite score from quality, governance, and valuation inputs built across Chapters 30-59Fails if below your own minimum, typically 60-65 out of 100 depending on your risk tolerance	60-65		score_band	auto-extracted; assign qkey + status in triage (03)
CAND-0492	UNREVIEWED	ch-101-pre-buy-checklists.txt	22		Position size within capRupee value of intended purchase as a percentage of total portfolioFails if it pushes any single holding past the per-stock cap in your Investment Constitution, commonly 8-10 percent	10 percent		percent|score_band	auto-extracted; assign qkey + status in triage (03)
CAND-0493	UNREVIEWED	ch-101-pre-buy-checklists.txt	23		Sector cap headroomCurrent sector exposure plus intended purchase, as a percentage of portfolioFails if it pushes total sector exposure past your constitution's cap, commonly 20-35 percent depending on sector	35 percent		percent|score_band	auto-extracted; assign qkey + status in triage (03)
CAND-0494	UNREVIEWED	ch-101-pre-buy-checklists.txt	24		Valuation versus Chapter 45-49 methodsFair value range from at least two applicable methods (DDM, P/BV, P/E relative to sector, or sum-of-parts)Fails if the current price sits above the top of your fair value range with no margin of safety	45-49		score_band	auto-extracted; assign qkey + status in triage (03)
CAND-0495	UNREVIEWED	ch-101-pre-buy-checklists.txt	29		Price action sanity checkDistance of current price from its 200-day average and from its 52-week rangeFails if the stock is more than roughly 40-50 percent above its 200-day average with no fundamental catalyst disclosed to the exchange	50 percent		percent|score_band	auto-extracted; assign qkey + status in triage (03)
CAND-0496	UNREVIEWED	ch-101-pre-buy-checklists.txt	35		Two years later, when a stock you bought is down 30 percent, this file tells you honestly whether the checklist missed something or whether you overrode a fail and are now living with the consequence you accepted in writing.	30 percent		percent	auto-extracted; assign qkey + status in triage (03)
CAND-0497	UNREVIEWED	ch-101-pre-buy-checklists.txt	36		Note item 5 deserves particular care because it is where most bad NEPSE buys actually go wrong.			nepse	auto-extracted; assign qkey + status in triage (03)
CAND-0498	UNREVIEWED	ch-101-pre-buy-checklists.txt	40		Commercial banks and development banks are NEPSE's largest sector by market capitalisation, and the sector playbook in Chapters 71 through 73 gave you the analytical tools to evaluate one.			nepse	auto-extracted; assign qkey + status in triage (03)
CAND-0499	UNREVIEWED	ch-101-pre-buy-checklists.txt	41		Nepal Rastra Bank requires commercial banks to maintain a minimum total capital adequacy ratio of 11 percent, which is built from an 8.5 percent minimum plus a 2.5 percent capital conservation buffer, with Tier 1 capital required to make up a defined minimum portion of that total.	11 percent		percent	auto-extracted; assign qkey + status in triage (03)
CAND-0500	UNREVIEWED	ch-101-pre-buy-checklists.txt	42		Gross NPL above roughly 3 percent for a commercial bank in the current Nepali banking environment warrants a closer look at which sectors the bad loans are concentrated in — real estate, hydropower construction finance, and margin lending against shares have all produced concentrated stress at different points in the last decade.	3 percent		percent	auto-extracted; assign qkey + status in triage (03)
CAND-0501	UNREVIEWED	ch-101-pre-buy-checklists.txt	42		Gross NPL above 5 percent, especially if it has been rising for more than two consecutive quarters, is a red flag serious enough that it should usually stop a buy outright unless you have a specific, well-supported thesis for why the trend reverses.	5 percent		percent	auto-extracted; assign qkey + status in triage (03)
CAND-0502	UNREVIEWED	ch-101-pre-buy-checklists.txt	43		Banks are required to keep this ratio under a regulatory ceiling — 90 percent under the directive currently in force — because a bank lending out too large a share of its deposit base has thin liquidity buffers and is vulnerable to a deposit withdrawal shock.	90 percent		percent	auto-extracted; assign qkey + status in triage (03)
CAND-0503	UNREVIEWED	ch-101-pre-buy-checklists.txt	44		BankingCAR, NPL ratio, CD ratioCAR near the 11 percent floor, NPL above 5 percent, or CD ratio pinned at the 90 percent ceiling	11 percent		percent	auto-extracted; assign qkey + status in triage (03)
CAND-0504	UNREVIEWED	ch-101-pre-buy-checklists.txt	46		MicrofinancePortfolio at risk (PAR30/90), write-off ratio, borrower over-indebtedness exposurePAR30 above roughly 5 percent, rising write-offs for more than two quarters, or heavy concentration in districts flagged for multiple borrowing	5 percent		percent	auto-extracted; assign qkey + status in triage (03)
CAND-0505	UNREVIEWED	ch-101-pre-buy-checklists.txt	55		A project's design energy figure — the annual generation the project was engineered to produce — is usually quoted alongside a P50 and P90 exceedance probability, meaning the generation level expected to be met or exceeded in 50 percent of years and 90 percent of years respectively.	50 percent		percent	auto-extracted; assign qkey + status in triage (03)
CAND-0506	UNREVIEWED	ch-101-pre-buy-checklists.txt	63		A PAR30 comfortably under roughly 3 percent is healthy for a well-run Nepali MFI; PAR30 above 5 percent, or a PAR30 trend that has been rising for more than two consecutive quarters, deserves the same weight as a rising NPL ratio does for a bank.	3 percent		percent	auto-extracted; assign qkey + status in triage (03)
CAND-0507	UNREVIEWED	ch-101-pre-buy-checklists.txt	72		In March 2024, Bishal came across a hydropower counter we will call Himal Bridge Hydropower Ltd, ticker HBHL, a run-of-river project that had reached commercial operation about eighteen months earlier.	March 2024		word_date	auto-extracted; assign qkey + status in triage (03)
CAND-0508	UNREVIEWED	ch-101-pre-buy-checklists.txt	72		The stock had gained close to 30 percent in twelve trading sessions and had hit its upper circuit twice.	30 percent		percent	auto-extracted; assign qkey + status in triage (03)
CAND-0509	UNREVIEWED	ch-101-pre-buy-checklists.txt	73		Bishal's Investment Constitution capped hydropower exposure at 20 percent of total portfolio value.	20 percent		percent	auto-extracted; assign qkey + status in triage (03)
CAND-0510	UNREVIEWED	ch-101-pre-buy-checklists.txt	73		His portfolio tracker showed he was already at 22 percent hydropower going into this prospective buy, a fact he had not actually registered until the spreadsheet forced him to pull the number, because two of his existing hydropower holdings had risen in price over the prior quarter and mechanically increased their weight without any new buying on his part.	22 percent		percent	auto-extracted; assign qkey + status in triage (03)
CAND-0511	UNREVIEWED	ch-101-pre-buy-checklists.txt	73		Adding HBHL at his intended size would have pushed hydropower exposure to roughly 27 percent of the portfolio — a clear sector cap breach, not a marginal one.	27 percent		percent	auto-extracted; assign qkey + status in triage (03)
CAND-0512	UNREVIEWED	ch-101-pre-buy-checklists.txt	74		HBHL's quarterly shareholding disclosures over the preceding six quarters showed promoter holding declining from roughly 51 percent to just under 43 percent, a drop of eight percentage points with no rights issue, merger, or other corporate action that would explain a mechanical dilution.	51 percent		percent	auto-extracted; assign qkey + status in triage (03)
CAND-0513	UNREVIEWED	ch-101-pre-buy-checklists.txt	76		Four months later, the tariff escalation rumour was never confirmed in any NEA correspondence or company filing; HBHL instead disclosed a downward revision to its full-year generation guidance, citing lower-than-expected dry-season flow relative to its design energy assumptions, and the stock gave back the entire rally plus an additional 15 percent.	15 percent		percent	auto-extracted; assign qkey + status in triage (03)
CAND-0514	UNREVIEWED	ch-102-financial-model-templates.txt	29		If credit growth in the broader banking sector has been running above 15 to 20 percent for several years — a pattern NEPSE has seen more than once — build a scenario where non-performing loans rise and provisioning normalises upward, and see what that does to your per-share value before you decide the stock is cheap.	20 percent		percent|nepse	auto-extracted; assign qkey + status in triage (03)
CAND-0515	UNREVIEWED	ch-102-financial-model-templates.txt	33		A model that projects 20 percent loan book growth for a bank with CAR at 11.2 percent against a minimum requirement without also modelling a capital raise is quietly assuming something it never stated out loud.	20 percent		percent	auto-extracted; assign qkey + status in triage (03)
CAND-0516	UNREVIEWED	ch-102-financial-model-templates.txt	65		A pattern seen more than once among run-of-river IPOs on NEPSE: a prospectus quotes plant load factor and nameplate capacity prominently, while the P90 figure sits in an annex few retail investors open.			nepse	auto-extracted; assign qkey + status in triage (03)
CAND-0517	UNREVIEWED	ch-102-financial-model-templates.txt	84		A model projecting continued 25 to 30 percent annual portfolio growth without checking whether the company's equity base can support the leverage that growth requires is, again, assuming a capital raise it never stated.	30 percent		percent	auto-extracted; assign qkey + status in triage (03)
CAND-0518	UNREVIEWED	ch-102-financial-model-templates.txt	88		The project is financed 70:30 debt to equity: debt of NRs 4,200 million at 10.5 percent, equity of NRs 1,800 million.	10.5 percent		percent	auto-extracted; assign qkey + status in triage (03)
CAND-0519	UNREVIEWED	ch-102-financial-model-templates.txt	89		The company's hydrology study gives a P50 annual generation estimate of 130 gigawatt-hours (a plant load factor of about 49.5 percent — a realistic figure for a mid-hills run-of-river plant) and a P90 estimate of 112 gigawatt-hours used by the lending banks to size debt service coverage.	49.5 percent		percent	auto-extracted; assign qkey + status in triage (03)
CAND-0520	UNREVIEWED	ch-102-financial-model-templates.txt	90		The PPA with Nepal Electricity Authority sets a blended tariff of NRs 7.20 per unit in year one of commercial operation, escalating 8 percent annually for the first eight years and flat thereafter, consistent with the standard NEA PPA template's escalation structure.	8 percent		percent	auto-extracted; assign qkey + status in triage (03)
CAND-0521	UNREVIEWED	ch-102-financial-model-templates.txt	93		Debt service in the early operating years, on the NRs 4,200 million loan at 10.5 percent over a 15-year door-to-door tenor, runs at approximately NRs 620 million a year in principal and interest combined.	10.5 percent		percent	auto-extracted; assign qkey + status in triage (03)
CAND-0522	UNREVIEWED	ch-102-financial-model-templates.txt	98		Discounting that normalised NRs 340 million annual FCFE at a cost of equity of 13 percent (reflecting project finance and hydrology risk) over the remaining 25 years of the licence term, with terminal value treated as reverting to zero at licence expiry under the build-own-operate-transfer structure, gives a present value annuity factor of approximately 7.33.	13 percent		percent	auto-extracted; assign qkey + status in triage (03)
CAND-0523	UNREVIEWED	ch-102-financial-model-templates.txt	101		Suppose an analyst instead assumes the plant runs at 90 percent of nameplate capacity around the clock — a number that sounds conservative because it is not 100 percent, but is nowhere close to how a run-of-river plant with strong seasonal flow variation actually behaves.	90 percent		percent	auto-extracted; assign qkey + status in triage (03)
CAND-0524	UNREVIEWED	ch-102-financial-model-templates.txt	101		That gives generation of 30,000 kilowatts multiplied by 8,760 hours multiplied by 0.90, or roughly 236.5 gigawatt-hours — 82 percent higher than the correct P50 figure.	82 percent		percent	auto-extracted; assign qkey + status in triage (03)
CAND-0525	UNREVIEWED	ch-102-financial-model-templates.txt	102		Working through the same steps, the nameplate-based model produces a normalised average FCFE of roughly NRs 612 million a year, an equity value near NRs 4,486 million, and a per-share value near NRs 249 — an overstatement of roughly 80 percent against the P50-anchored figure of NRs 138.	80 percent		percent	auto-extracted; assign qkey + status in triage (03)
CAND-0526	UNREVIEWED	ch-102-financial-model-templates.txt	103		If Sunkoshi Urja were trading on NEPSE at, say, NRs 175 a share, the P50 model would flag it as expensive relative to the base case and worth checking against the P90 downside case before buying; the nameplate model would wrongly flag the same price as a bargain.			nepse	auto-extracted; assign qkey + status in triage (03)
CAND-0527	UNREVIEWED	ch-102-financial-model-templates.txt	115		For a hydropower company, the build runs from P50 and P90 generation estimates (never nameplate capacity), through PPA tariff schedules with their contractual escalation and flattening, capitalised interest during construction, a full year-by-year debt schedule sized against debt service coverage covenants, and a discounted cash flow to equity rollup that respects the finite term of the licence an	80 percent		percent	auto-extracted; assign qkey + status in triage (03)
CAND-0528	UNREVIEWED	ch-103-position-sizing-portfolio-tools.txt	13		Suresh's overall portfolio drawdown budget, based on his income stability, his age, and his family's other assets, is 18 percent — he can absorb an 18 percent NAV decline in a bad year without changing his life.	18 percent		percent	auto-extracted; assign qkey + status in triage (03)
CAND-0529	UNREVIEWED	ch-103-position-sizing-portfolio-tools.txt	13		Out of that, he has decided that no single stock disaster should be allowed to cost him more than 3 percentage points of total portfolio value.	3 percent		percent	auto-extracted; assign qkey + status in triage (03)
CAND-0530	UNREVIEWED	ch-103-position-sizing-portfolio-tools.txt	13		That 3 percent is his single-position budget, and it does not change stock to stock.	3 percent		percent	auto-extracted; assign qkey + status in triage (03)
CAND-0531	UNREVIEWED	ch-103-position-sizing-portfolio-tools.txt	16		Class A commercial bank, established, NRB-regulated, high disclosure35 percentSector-wide correction plus company-specific bad quarter, but capital adequacy floors and NRB oversight limit tail risk	35 percent		percent	auto-extracted; assign qkey + status in triage (03)
CAND-0532	UNREVIEWED	ch-103-position-sizing-portfolio-tools.txt	17		Class B development bank, smaller, thinner disclosure45 percentSame regulatory floor as commercial banks but less analyst coverage, less liquidity, promoter concentration more common	45 percent		percent	auto-extracted; assign qkey + status in triage (03)
CAND-0533	UNREVIEWED	ch-103-position-sizing-portfolio-tools.txt	18		Hydropower or hospitality counter with narrow public float70 percentThin trading volume, single-project earnings risk, limited buyer depth in a forced-sale scenario	70 percent		percent	auto-extracted; assign qkey + status in triage (03)
CAND-0534	UNREVIEWED	ch-103-position-sizing-portfolio-tools.txt	19		For a commercial bank, that is 3 percent divided by 35 percent, which comes out to roughly 8.6 percent — Suresh rounds down to 8 percent as his ceiling for any single commercial bank holding.	3 percent		percent	auto-extracted; assign qkey + status in triage (03)
CAND-0535	UNREVIEWED	ch-103-position-sizing-portfolio-tools.txt	19		For a development bank, 3 percent divided by 45 percent gives roughly 6.7 percent, rounded to 6 percent.	3 percent		percent	auto-extracted; assign qkey + status in triage (03)
CAND-0536	UNREVIEWED	ch-103-position-sizing-portfolio-tools.txt	19		For a narrow-float hydropower counter, 3 percent divided by 70 percent gives about 4.3 percent, rounded to 4 percent.	3 percent		percent	auto-extracted; assign qkey + status in triage (03)
CAND-0537	UNREVIEWED	ch-103-position-sizing-portfolio-tools.txt	23		If his portfolio stands at NPR 11,00,000 this week, his 8 percent commercial bank ceiling is NPR 88,000, his 6 percent development bank ceiling is NPR 66,000, and his 4 percent hydropower ceiling is NPR 44,000.	8 percent		percent|amount	auto-extracted; assign qkey + status in triage (03)
CAND-0538	UNREVIEWED	ch-103-position-sizing-portfolio-tools.txt	28		Without this second tool, position sizing is a decision you make once at purchase and never revisit — which defeats the purpose, because prices move, positions drift, and a holding that was 6 percent of your portfolio at cost can become 11 percent after eighteen months of share price appreciation without you buying a single additional share.	6 percent		percent	auto-extracted; assign qkey + status in triage (03)
CAND-0539	UNREVIEWED	ch-103-position-sizing-portfolio-tools.txt	39		The moment a stock's weight crosses the ceiling he calculated in 103.1 — say, his development bank position drifting above 6 percent — the cell turns red through simple conditional formatting.	6 percent		percent	auto-extracted; assign qkey + status in triage (03)
CAND-0540	UNREVIEWED	ch-103-position-sizing-portfolio-tools.txt	48		Chapters 59 through 62 built the case for sector allocation ceilings on NEPSE specifically, because the exchange's sector composition is unusually top-heavy in bank, financial institution, and life insurance counters compared to more diversified markets.			nepse	auto-extracted; assign qkey + status in triage (03)
CAND-0541	UNREVIEWED	ch-103-position-sizing-portfolio-tools.txt	48		Chapter 61 set the specific numbers most investors following this book use as defaults: no single sector above 25 percent of portfolio value, and — because commercial banks and development banks are both NRB-regulated deposit-taking institutions whose fortunes move together during a monetary tightening cycle or a liquidity crunch — a combined ceiling of 35 percent across the two sectors together, 	25 percent		percent	auto-extracted; assign qkey + status in triage (03)
CAND-0542	UNREVIEWED	ch-103-position-sizing-portfolio-tools.txt	49		You buy a development bank stock that is 2 percent of your portfolio, well under any individual position ceiling, and it looks completely reasonable in isolation.	2 percent		percent	auto-extracted; assign qkey + status in triage (03)
CAND-0543	UNREVIEWED	ch-103-position-sizing-portfolio-tools.txt	50		A third row adds those two together and compares the total against the 35 percent combined ceiling, with the difference shown as headroom — how many more percentage points of portfolio value could go into this combined sector before the cap is reached.	35 percent		percent	auto-extracted; assign qkey + status in triage (03)
CAND-0544	UNREVIEWED	ch-103-position-sizing-portfolio-tools.txt	53		Suresh's dashboard has four correlated buckets he watches this way, each with its own combined ceiling drawn from Chapter 61: banking plus development banking at 35 percent, hydropower plus other energy infrastructure at 30 percent given its own correlated exposure to monsoon-dependent generation and PPA rate risk, life and non-life insurance combined at 20 percent, and hotels plus other tourism-l	35 percent		percent	auto-extracted; assign qkey + status in triage (03)
CAND-0545	UNREVIEWED	ch-103-position-sizing-portfolio-tools.txt	55		Commercial banks + development banks35 percent27 percent8 points	35 percent		percent	auto-extracted; assign qkey + status in triage (03)
CAND-0546	UNREVIEWED	ch-103-position-sizing-portfolio-tools.txt	56		Hydropower + energy infrastructure30 percent24 percent6 points	30 percent		percent	auto-extracted; assign qkey + status in triage (03)
CAND-0547	UNREVIEWED	ch-103-position-sizing-portfolio-tools.txt	57		Life + non-life insurance20 percent11 percent9 points	20 percent		percent	auto-extracted; assign qkey + status in triage (03)
CAND-0548	UNREVIEWED	ch-103-position-sizing-portfolio-tools.txt	58		Hotels + tourism-linked15 percent6 percent9 points	15 percent		percent	auto-extracted; assign qkey + status in triage (03)
CAND-0549	UNREVIEWED	ch-103-position-sizing-portfolio-tools.txt	59		Suresh's position-size calculator might tell him he could put another NPR 66,000 into a specific development bank stock without breaching his single-position ceiling for that category.	NPR 66,000		amount	auto-extracted; assign qkey + status in triage (03)
CAND-0550	UNREVIEWED	ch-103-position-sizing-portfolio-tools.txt	65		For position drift, Suresh uses a simple band rule borrowed from institutional rebalancing practice and scaled down to retail size: if a holding's actual weight moves more than 30 percent away from its target weight — not 30 percentage points, but 30 percent of the target itself — it triggers a review, not necessarily an automatic sale.	30 percent		percent	auto-extracted; assign qkey + status in triage (03)
CAND-0551	UNREVIEWED	ch-103-position-sizing-portfolio-tools.txt	65		A stock he sized at a 6 percent target weight that has drifted to 8 percent has moved up by a third relative to its target, which crosses the 30 percent band and triggers a look.	6 percent		percent	auto-extracted; assign qkey + status in triage (03)
CAND-0552	UNREVIEWED	ch-103-position-sizing-portfolio-tools.txt	65		A stock at the same 6 percent target that has drifted to 6.8 percent has moved by roughly 13 percent relative to target, which stays inside the band and gets left alone.	6 percent		percent	auto-extracted; assign qkey + status in triage (03)
CAND-0553	UNREVIEWED	ch-103-position-sizing-portfolio-tools.txt	65		This proportional band matters more than a flat percentage-point rule would, because a two-point drift means something very different for a position targeted at 4 percent than for one targeted at 15 percent.	4 percent		percent	auto-extracted; assign qkey + status in triage (03)
CAND-0554	UNREVIEWED	ch-103-position-sizing-portfolio-tools.txt	67		Position drift (proportional band)Actual weight moves more than 30 percent away from target weightScheduled review within the week — decide to trim, hold, or raise the target deliberately	30 percent		percent	auto-extracted; assign qkey + status in triage (03)
CAND-0555	UNREVIEWED	ch-103-position-sizing-portfolio-tools.txt	73		Suresh's largest single holding, a commercial bank he bought in 2020 at a modest position size, grew through a combination of share price appreciation and two bonus share issues to nearly 12 percent of his portfolio by late 2024 — well above his 8 percent ceiling for that category.	12 percent		percent	auto-extracted; assign qkey + status in triage (03)
CAND-0556	UNREVIEWED	ch-103-position-sizing-portfolio-tools.txt	73		He trimmed it back to 8 percent over three tranches across six weeks, partly to manage the tax consequence of a large single-year gain and partly because a NEPSE counter that size can move on its own selling pressure if dumped at once.	8 percent		percent|nepse	auto-extracted; assign qkey + status in triage (03)
CAND-0557	UNREVIEWED	ch-103-position-sizing-portfolio-tools.txt	79		In January of a given year, Suresh's banking-plus-development-banking bucket stood at 27 percent against his 35 percent combined ceiling — eight points of headroom, comfortably inside the cap, exactly as shown in the dashboard table in Lesson 103.3.	27 percent		percent	auto-extracted; assign qkey + status in triage (03)
CAND-0558	UNREVIEWED	ch-103-position-sizing-portfolio-tools.txt	81		January (starting point)———27 percent	27 percent		percent	auto-extracted; assign qkey + status in triage (03)
CAND-0559	UNREVIEWED	ch-103-position-sizing-portfolio-tools.txt	82		MarchDevelopment bank A, additional trancheNPR 18,0001.6 percent28.6 percent	0001.6 percent		percent|amount	auto-extracted; assign qkey + status in triage (03)
CAND-0560	UNREVIEWED	ch-103-position-sizing-portfolio-tools.txt	83		MayDevelopment bank B, new positionNPR 22,0002.0 percent30.6 percent	0002.0 percent		percent|amount	auto-extracted; assign qkey + status in triage (03)
CAND-0561	UNREVIEWED	ch-103-position-sizing-portfolio-tools.txt	84		JuneCommercial bank C, bonus shares received (no cash outlay, price appreciation)—1.4 percent32.0 percent	1.4 percent		percent	auto-extracted; assign qkey + status in triage (03)
CAND-0562	UNREVIEWED	ch-103-position-sizing-portfolio-tools.txt	85		AugustDevelopment bank D, new positionNPR 24,0002.1 percent34.1 percent	0002.1 percent		percent|amount	auto-extracted; assign qkey + status in triage (03)
CAND-0563	UNREVIEWED	ch-103-position-sizing-portfolio-tools.txt	86		Each cash purchase was well under his individual position-size ceiling for development banks — the March tranche was 1.6 percent against a 6 percent ceiling, the May position was 2.0 percent against the same ceiling, the August position was 2.1 percent.	1.6 percent		percent	auto-extracted; assign qkey + status in triage (03)
CAND-0564	UNREVIEWED	ch-103-position-sizing-portfolio-tools.txt	87		By August, the combined bucket sat at 34.1 percent, still technically under the 35 percent cap but with headroom down to under one point — meaning a single further bonus allotment, or even ordinary price appreciation across a strong quarter for financials, would push the bucket over the line without Suresh doing anything at all.	34.1 percent		percent	auto-extracted; assign qkey + status in triage (03)
CAND-0565	UNREVIEWED	ch-103-position-sizing-portfolio-tools.txt	87		He caught this not because any one purchase alarmed him, but because his Saturday morning update in early September showed the dashboard's headroom column reading 0.9 percent, a number small enough to stop him mid-review.	0.9 percent		percent	auto-extracted; assign qkey + status in triage (03)
CAND-0566	UNREVIEWED	ch-103-position-sizing-portfolio-tools.txt	90		Because headroom had not yet been breached — the bucket sat at 34.1 percent against a 35 percent cap, technically still inside the line — the trigger was a review, not a mandatory sale.	34.1 percent		percent	auto-extracted; assign qkey + status in triage (03)
CAND-0567	UNREVIEWED	ch-103-position-sizing-portfolio-tools.txt	90		But because headroom was down to under one point, meaning any further passive drift would cause a breach with no purchase decision involved at all, Suresh chose to trim the smallest and lowest-conviction of the four development bank positions, the May purchase, by about half, bringing the bucket back down to roughly 32 percent and restoring three points of headroom as a buffer against exactly the 	32 percent		percent	auto-extracted; assign qkey + status in triage (03)
CAND-0568	UNREVIEWED	ch-103-position-sizing-portfolio-tools.txt	91		Concentration risk on NEPSE rarely arrives through one oversized purchase, because most investors who have read Chapters 59 through 62 already know not to make one oversized purchase.			nepse	auto-extracted; assign qkey + status in triage (03)
CAND-0569	UNREVIEWED	ch-103-position-sizing-portfolio-tools.txt	104		The sector-concentration dashboard sums correlated sector buckets, such as commercial banks plus development banks, against the combined caps set in Chapter 61, and the worked example showed exactly how four individually reasonable purchases and one bonus share allotment, spread across seven months, pushed that bucket from 27 percent to 34.1 percent without any single decision ever looking aggress	27 percent		percent	auto-extracted; assign qkey + status in triage (03)
CAND-0570	UNREVIEWED	ch-104-performance-monitoring-tools.txt	10		Sunil had not made a 130 percent return.	130 percent		percent	auto-extracted; assign qkey + status in triage (03)
CAND-0571	UNREVIEWED	ch-104-performance-monitoring-tools.txt	17		"The practical failure mode is this: an investor sees the account balance rise from Rs 5,00,000 to Rs 11,50,000 and mentally computes a 130 percent gain, when in fact Rs 2,90,000 of that increase came from rights payments and fresh deposits — money that was never ""returned,"" it was simply added."	130 percent		percent|amount	auto-extracted; assign qkey + status in triage (03)
CAND-0572	UNREVIEWED	ch-104-performance-monitoring-tools.txt	24		TWR matters more once you start comparing your stock selection to a benchmark like the NEPSE index — which we come to in Lesson 104.4 — because a benchmark comparison that ignores your cash flow timing will blame or credit you for the market's mood on the days you happened to deposit money, rather than for the quality of the shares you chose.			nepse	auto-extracted; assign qkey + status in triage (03)
CAND-0573	UNREVIEWED	ch-104-performance-monitoring-tools.txt	35		Feed those six rows into the XIRR function and the answer comes out to approximately 13.4 percent per year.	13.4 percent		percent	auto-extracted; assign qkey + status in triage (03)
CAND-0574	UNREVIEWED	ch-104-performance-monitoring-tools.txt	36		If you take only the first and last numbers — Rs 5,00,000 growing to Rs 11,50,000 over 3.61 years — and annualize that as a simple compound growth rate, you get a headline figure above 25 percent a year, nearly double the true return.	25 percent		percent|amount	auto-extracted; assign qkey + status in triage (03)
CAND-0575	UNREVIEWED	ch-104-performance-monitoring-tools.txt	36		The gap exists entirely because the naive calculation credits Sunil's own Rs 2,90,000 of rights payments and fresh deposits as if they were investment gains rather than contributed capital.	Rs 2,90,000		amount	auto-extracted; assign qkey + status in triage (03)
CAND-0576	UNREVIEWED	ch-104-performance-monitoring-tools.txt	42		Under Nepal's capital gains tax regime for listed shares, tax on realised gains is deducted at source by CDSC through your broker at the time of sale — currently 5 percent of the gain for shares held over 365 days and 7.5 percent for shares held less than a year, with the net proceeds credited to your bank account.	5 percent		percent	auto-extracted; assign qkey + status in triage (03)
CAND-0577	UNREVIEWED	ch-104-performance-monitoring-tools.txt	49		Q1 20254.2%3.9%3.1%+1.1 ptsHydropower sector, broad	20254.2%		percent	auto-extracted; assign qkey + status in triage (03)
CAND-0578	UNREVIEWED	ch-104-performance-monitoring-tools.txt	50		Q2 20251.8%1.6%2.4%-0.8 ptsBanking sector holdings	20251.8%		percent	auto-extracted; assign qkey + status in triage (03)
CAND-0579	UNREVIEWED	ch-104-performance-monitoring-tools.txt	51		Q3 20256.5%5.2%4.8%+1.7 ptsMicrofinance holding	20256.5%		percent	auto-extracted; assign qkey + status in triage (03)
CAND-0580	UNREVIEWED	ch-104-performance-monitoring-tools.txt	52		Q4 2025-2.1%-3.4%-1.5%-0.6 ptsHydropower sector, broad	2.1%		percent	auto-extracted; assign qkey + status in triage (03)
CAND-0581	UNREVIEWED	ch-104-performance-monitoring-tools.txt	53		Q1 20263.3%2.9%3.0%+0.3 ptsInsurance holding	20263.3%		percent	auto-extracted; assign qkey + status in triage (03)
CAND-0582	UNREVIEWED	ch-104-performance-monitoring-tools.txt	54		Q2 20262.7%2.4%2.8%-0.4 ptsBanking sector holdings	20262.7%		percent	auto-extracted; assign qkey + status in triage (03)
CAND-0583	UNREVIEWED	ch-104-performance-monitoring-tools.txt	58		He asked Sunil to break 2024 down by position, because that year's XIRR — 42.6 percent — was so far above every other year that it deserved scrutiny before Sunil built any confidence around it.	42.6 percent		percent	auto-extracted; assign qkey + status in triage (03)
CAND-0584	UNREVIEWED	ch-104-performance-monitoring-tools.txt	60		202311.2%9.8%+1.4 ptsBroad portfolio, ordinary stock-picking	202311.2%		percent	auto-extracted; assign qkey + status in triage (03)
CAND-0585	UNREVIEWED	ch-104-performance-monitoring-tools.txt	61		202442.6%14.3%+28.3 ptsOne hydropower IPO allotment	202442.6%		percent	auto-extracted; assign qkey + status in triage (03)
CAND-0586	UNREVIEWED	ch-104-performance-monitoring-tools.txt	62		20258.1%10.5%-2.4 ptsBroad portfolio, underperformed market	20258.1%		percent	auto-extracted; assign qkey + status in triage (03)
CAND-0587	UNREVIEWED	ch-104-performance-monitoring-tools.txt	63		2026 (YTD)6.9%7.4%-0.5 ptsBroad portfolio, roughly tracking market	6.9%		percent	auto-extracted; assign qkey + status in triage (03)
CAND-0588	UNREVIEWED	ch-104-performance-monitoring-tools.txt	64		The issue was heavily oversubscribed, so like every other successful applicant he was allotted the standard minimum of 10 kitta at the par value of Rs 100 — an allotted position of just Rs 1,000.	Rs 100		amount	auto-extracted; assign qkey + status in triage (03)
CAND-0589	UNREVIEWED	ch-104-performance-monitoring-tools.txt	64		It listed on NEPSE at more than four times its issue price within weeks amid strong retail demand for hydropower issues that year, and Sunil's Rs 1,000 position became worth roughly Rs 4,200 almost overnight — a gain that had nothing to do with analysis, patience, or any skill Sunil could take credit for.	Rs 1,000		amount|nepse	auto-extracted; assign qkey + status in triage (03)
CAND-0590	UNREVIEWED	ch-104-performance-monitoring-tools.txt	66		The hydropower allotment quadrupled, but on a Rs 1,000 position that is a gain of about Rs 3,200 — a rounding error against a portfolio of roughly Rs 6,50,000.	Rs 1,000		amount	auto-extracted; assign qkey + status in triage (03)
CAND-0591	UNREVIEWED	ch-104-performance-monitoring-tools.txt	66		What actually drove the year was a concentrated bet on two commercial banks that re-rated sharply, while the rest of the portfolio he had carefully researched returned close to 14 percent, essentially identical to the NEPSE index itself.	14 percent		percent|nepse	auto-extracted; assign qkey + status in triage (03)
CAND-0592	UNREVIEWED	ch-104-performance-monitoring-tools.txt	67		Sunil's multi-year XIRR across 2023 through mid-2026 works out to approximately 13.4 percent, comfortably above the NEPSE's annualized return of roughly 10.5 to 10.6 percent over the same window — a genuinely respectable-looking record on the surface.	13.4 percent		percent|nepse	auto-extracted; assign qkey + status in triage (03)
CAND-0593	UNREVIEWED	ch-104-performance-monitoring-tools.txt	67		But adjust that same multi-year figure by stripping out the two bank positions that drove 2024 — treating them as if they had simply matched the market that year instead of re-rating — and Sunil's adjusted multi-year XIRR falls to somewhere close to 9.5 to 10 percent, statistically indistinguishable from the NEPSE benchmark itself, and arguably trailing it once the small remaining variance is cons	10 percent		percent|nepse	auto-extracted; assign qkey + status in triage (03)
CAND-0594	UNREVIEWED	ch-104-performance-monitoring-tools.txt	74		Fourth, run the per-position contribution breakdown and flag anything that contributed more than, say, 20 percent of the quarter's total return from a single holding — that is your early warning for exactly the kind of concentrated-luck outcome that fooled Sunil in 2024.	20 percent		percent	auto-extracted; assign qkey + status in triage (03)
CAND-0595	UNREVIEWED	ch-104-performance-monitoring-tools.txt	80		"The four quarterly entries roll up into a single annual review, where the real question is not ""was this quarter good"" but ""across the full year, and ideally across the several years the Canon Score process asks you to track, did the discipline actually produce a money-weighted return that justified the effort, relative to simply holding an NEPSE index-tracking allocation."" An investor who cannot "			nepse	auto-extracted; assign qkey + status in triage (03)
CAND-0596	UNREVIEWED	ch-104-performance-monitoring-tools.txt	82		Simple percentage tracking breaks down the moment real cash flows enter the picture — rights share payments, IPO allotments, dividend elections, and irregular deposits — because it silently counts contributed capital as if it were investment profit, the way Sunil Maharjan's mental arithmetic turned Rs 2,90,000 of his own rights payments and deposits into an imagined 130 percent gain.	130 percent		percent|amount	auto-extracted; assign qkey + status in triage (03)
CAND-0597	UNREVIEWED	ch-104-performance-monitoring-tools.txt	82		The fix is XIRR: a dated log of every cash flow in and out of the portfolio, solved through a spreadsheet's built-in function, that produces the honest annualized return actually experienced — 13.4 percent in Sunil's worked example, against a naive headline figure nearly double that.	13.4 percent		percent	auto-extracted; assign qkey + status in triage (03)
CAND-0598	UNREVIEWED	ch-104-performance-monitoring-tools.txt	83		That last column is what caught Sunil's real lesson — his standout 2024 result, an apparent 28-point outperformance of NEPSE, traced back almost entirely to two concentrated bank positions that happened to re-rate, not to any skill in his broader, carefully researched holdings, which had simply tracked the market.			nepse	auto-extracted; assign qkey + status in triage (03)
CAND-0599	UNREVIEWED	ch-104-performance-monitoring-tools.txt	83		Multi-year comparison against the NEPSE benchmark, not any single good year, is the only honest way to tell skill from luck — and the quarterly review habit, feeding into the Canon Score and constitution review protocol from Chapters 63 through 66 and 98, and rolling up into the annual cadence from Chapter 94, is what keeps that distinction from being forgotten the next time a lucky year arrives.			nepse	auto-extracted; assign qkey + status in triage (03)
CAND-0600	UNREVIEWED	ch-104-performance-monitoring-tools.txt	84		"Chapter 105, ""The Canon Data Pipeline,"" picks up exactly where this leaves off: the tools in this chapter are only as good as the transaction dates, cash flow amounts, and price data you feed into them, and the next chapter covers how to systematically collect, record, and organise that underlying data — from broker statements and Meroshare transaction histories to NEPSE index records — so that th"			nepse	auto-extracted; assign qkey + status in triage (03)
CAND-0601	UNREVIEWED	ch-105-canon-data-pipeline.txt	34		Because fiscal years in Nepal run mid-Ashadh to mid-Ashadh, she notes both the Nepali fiscal year and the corresponding English year range in a small text file at the top of each company folder, since this is the detail she has found herself forgetting fastest — whether a report labelled FY 2081/82 corresponds to the period she's modelling in Chapter 102.	2081/82		fraction	auto-extracted; assign qkey + status in triage (03)
CAND-0602	UNREVIEWED	ch-105-canon-data-pipeline.txt	49		Weekly, she spends about fifteen minutes updating the tracking sheet from Chapter 103: entering the week's closing prices, noting any dividends or corporate actions announced that week by checking the disclosure feeds for the handful of companies she holds, and glancing at NEPSE's weekly turnover summary to keep a feel for overall market activity.			nepse	auto-extracted; assign qkey + status in triage (03)
CAND-0603	UNREVIEWED	ch-105-canon-data-pipeline.txt	63		In late 2026, Sunita was updating her Chapter 102 model for a hydropower company she has held for two years, call it a stand-in for the sector, and found that the EPS figure she had recorded from a Sharesansar earnings summary the previous quarter, when the company released unaudited fourth-quarter results, was Rs 14.20.	Rs 14.20		amount	auto-extracted; assign qkey + status in triage (03)
CAND-0604	UNREVIEWED	ch-105-canon-data-pipeline.txt	63		The company's subsequently released audited annual report, filed with NEPSE and posted on the company's own site, showed a restated full-year EPS of Rs 12.85, a meaningful difference for a stock whose valuation she had partly anchored to the earlier number.	Rs 12.85		amount|nepse	auto-extracted; assign qkey + status in triage (03)
CAND-0605	UNREVIEWED	ch-105-canon-data-pipeline.txt	68		A dividend percentage reported as 15 percent in one aggregator and 1.5 percent in another is not a restatement, it is almost certainly a typo somewhere, and the only way to resolve it fast is to go to the company's own disclosure or the NEPSE filing directly, which is exactly the habit Lesson 105.1 pushes toward.	15 percent		percent|nepse	auto-extracted; assign qkey + status in triage (03)
CAND-0606	UNREVIEWED	ch-105-canon-data-pipeline.txt	93		Chapter 106, The NEPSE Data Handbook — Historical Almanac, turns from process to reference.			nepse	auto-extracted; assign qkey + status in triage (03)
CAND-0607	UNREVIEWED	ch-106-nepse-data-handbook-almanac.txt	10		On one side is a hand-drawn timeline of the NEPSE index going back to 2015, with arrows and dates scrawled in three colours of pen.			nepse	auto-extracted; assign qkey + status in triage (03)
CAND-0608	UNREVIEWED	ch-106-nepse-data-handbook-almanac.txt	13		NEPSE's history since the mid-2010s is, in effect, a case study in that argument playing out four times.			nepse	auto-extracted; assign qkey + status in triage (03)
CAND-0609	UNREVIEWED	ch-106-nepse-data-handbook-almanac.txt	14		Add to that a general mood of post-earthquake reconstruction optimism and renewed confidence in the banking and hydropower sectors, and NEPSE ran hard through 2015 and into 2016, approaching and briefly touching levels in the high 1,800s on the index — treat that specific number as an illustrative approximation of where the peak sat, not a verified constant, and check the primary NEPSE historical 			nepse	auto-extracted; assign qkey + status in triage (03)
CAND-0610	UNREVIEWED	ch-106-nepse-data-handbook-almanac.txt	15		NEPSE spent roughly three years in a wide trading range, generally described as the low-to-mid 1,100s to the 1,300s, an approximate band worth treating as a rough recollection of the period rather than an exact statistic.			nepse	auto-extracted; assign qkey + status in triage (03)
CAND-0611	UNREVIEWED	ch-106-nepse-data-handbook-almanac.txt	16		NEPSE rallied from roughly the 1,100s in 2020 to a peak commonly cited around the 3,200 mark in mid-2021 — again, treat that figure as an approximate, illustrative recollection rather than a number to quote precisely; pull the exact print from your own data pipeline if precision matters for a specific decision.			nepse	auto-extracted; assign qkey + status in triage (03)
CAND-0612	UNREVIEWED	ch-106-nepse-data-handbook-almanac.txt	17		Margin-financed positions built during the 2021 rally came under pressure exactly when the ability to refinance them evaporated, and NEPSE fell back sharply, into roughly the high-1,900s to 2,000 range by the end of 2022, with further weakness into 2023.			nepse	auto-extracted; assign qkey + status in triage (03)
CAND-0613	UNREVIEWED	ch-106-nepse-data-handbook-almanac.txt	18		As NRB's tightening cycle eased, policy rates came down in steps, remittance and reserve positions stabilised, and interest rates on deposits and loans drifted lower again, NEPSE recovered in a choppier, more uneven way than either of its two prior rallies — advancing into the 2,400 to 2,800 range in various stretches, with real volatility around that recovery rather than a smooth climb, and still			nepse	auto-extracted; assign qkey + status in triage (03)
CAND-0614	UNREVIEWED	ch-106-nepse-data-handbook-almanac.txt	27		Commercial bankingP/E roughly 18-25x, P/BV roughly 2.5-4xP/E roughly 7-12x, P/BV roughly 1-1.5x	1-1		score_band	auto-extracted; assign qkey + status in triage (03)
CAND-0615	UNREVIEWED	ch-106-nepse-data-handbook-almanac.txt	31		Manufacturing, trading, and otherP/E roughly 14-20x, P/BV roughly 2-3xP/E roughly 8-12x, P/BV roughly 1-1.5x	1-1		score_band	auto-extracted; assign qkey + status in triage (03)
CAND-0616	UNREVIEWED	ch-106-nepse-data-handbook-almanac.txt	51		NEPSE today looks and functions differently than it did a decade ago, and almost none of that change came from the market itself — it came from regulatory decisions made by NRB, SEBON, and NEPSE's own management, often in direct response to the credit cycles described in Lesson 106.1.			nepse	auto-extracted; assign qkey + status in triage (03)
CAND-0617	UNREVIEWED	ch-106-nepse-data-handbook-almanac.txt	51		Second, when you read older commentary, older data, or even older chapters of financial history about NEPSE, you need to know which regulatory regime that commentary was written under, because a rule that was true in 2015 may not be true today, and a rule that is true today may not hold by the time you are reading this.			nepse	auto-extracted; assign qkey + status in triage (03)
CAND-0618	UNREVIEWED	ch-106-nepse-data-handbook-almanac.txt	69		This single ratio, tracked over time, foreshadowed both the 2016-2019 tightening and the 2022 correction well before NEPSE's index confirmed the turn.			nepse	auto-extracted; assign qkey + status in triage (03)
CAND-0619	UNREVIEWED	ch-106-nepse-data-handbook-almanac.txt	78		Third, keep the fiscal year calendar in Lesson 106.3 live in your own tracking sheet, and revisit the regulatory table in Lesson 106.4 whenever you read older material about NEPSE, so you can judge whether the rule being described is still the current rule.			nepse	auto-extracted; assign qkey + status in triage (03)
CAND-0620	UNREVIEWED	ch-106-nepse-data-handbook-almanac.txt	79		The Canon Data Pipeline built in Chapter 105 is precisely the tool for keeping this almanac current: the same spreadsheet or system you built there to pull NEPSE index data, sector indices, and company disclosures is where you should also be logging book closure dates, AGM outcomes, interest rate trends, and any regulatory notice that touches margin lending, capital adequacy, or IPO process — so t			nepse	auto-extracted; assign qkey + status in triage (03)
CAND-0621	UNREVIEWED	ch-106-nepse-data-handbook-almanac.txt	83		NEPSE's history since the mid-2010s is best understood as a sequence of liquidity-driven cycles rather than a sequence of earnings-driven ones: the 2016 rally and peak, built on cheap credit and expanding margin lending; the multi-year correction and consolidation that followed as NRB tightened and interest rates rose; the 2020-2021 pandemic-era rally, driven by resilient remittances, historically			nepse	auto-extracted; assign qkey + status in triage (03)
CAND-0622	UNREVIEWED	ch-107-keeping-canon-current.txt	9		"Rajendra Khanal has been investing in NEPSE-listed shares since 2009, and for almost as long he has kept what he privately calls his ""own book"" — a spreadsheet, later a small Access database, now a set of linked Google Sheets, that scores every stock he considers against a checklist of his own devising."			nepse	auto-extracted; assign qkey + status in triage (03)
CAND-0623	UNREVIEWED	ch-107-keeping-canon-current.txt	26		A fourth source, NEPSE itself, governs market mechanics rather than prudential rules: circuit breaker bands, trading hours, settlement cycle length (T+1, T+2, or whatever cycle is current when you are reading this), and the index composition and free-float methodology.			nepse	auto-extracted; assign qkey + status in triage (03)
CAND-0624	UNREVIEWED	ch-107-keeping-canon-current.txt	28		Nepal Rastra BankCAR floor, CD ratio ceiling, CRR, SLR, loan provisioning, monetary stanceChapters 63-66 capital strength scoring; sector playbooks for BFIs	63-66		score_band	auto-extracted; assign qkey + status in triage (03)
CAND-0625	UNREVIEWED	ch-107-keeping-canon-current.txt	48		Rajendra's own version of this log, which he has kept since roughly 2013, shows a pattern worth noting: capital adequacy and CD ratio figures have moved several times, sometimes tightened and sometimes loosened depending on NRB's credit growth concerns in a given year; capital gains tax treatment moved once in that period; dividend withholding tax has been comparatively stable; and NEPSE's settlem			nepse	auto-extracted; assign qkey + status in triage (03)
CAND-0626	UNREVIEWED	ch-107-keeping-canon-current.txt	83		"Chapter 108, ""Adapting to Market Evolution,"" moves from regulatory upkeep to something broader: how to adjust the Canon's frameworks as NEPSE itself changes shape over the coming years — new instruments, new market segments, and new categories of market participant that do not yet exist in the market this book was written to describe."			nepse	auto-extracted; assign qkey + status in triage (03)
CAND-0627	UNREVIEWED	ch-108-adapting-to-market-evolution.txt	22		A number update changes a parameter within a stable system — a circuit band moves from 4 percent to 5 percent.	4 percent		percent	auto-extracted; assign qkey + status in triage (03)
CAND-0628	UNREVIEWED	ch-108-adapting-to-market-evolution.txt	29		Electronic trading removed that friction, which is part of why NEPSE today can see faster price swings within a session, and why circuit filters and other trading-mechanism safeguards (covered in Chapter 107 for their current parameters) exist at all — they are, in part, compensating for the very speed the electronic system introduced.			nepse	auto-extracted; assign qkey + status in triage (03)
CAND-0629	UNREVIEWED	ch-108-adapting-to-market-evolution.txt	46		Chapter 11 covered the liquidity problem in NEPSE at length — how thin trading in many counters can mean wide bid-ask spreads, difficulty exiting a position at a fair price, and price moves driven by a handful of orders rather than deep two-sided interest.			nepse	auto-extracted; assign qkey + status in triage (03)
CAND-0630	UNREVIEWED	ch-108-adapting-to-market-evolution.txt	62		Most changes that will actually reach NEPSE in the coming years will turn out to be plumbing changes like the ones covered in Lessons 108.1 through 108.3 — they will change how you access or execute something, not what that something fundamentally is.			nepse	auto-extracted; assign qkey + status in triage (03)
CAND-0631	UNREVIEWED	ch-108-adapting-to-market-evolution.txt	86		"Chapter 109, ""The Lifelong Investor's Mindset,"" takes up that larger habit directly, moving from the specific question of market-structure change addressed here to the broader psychological and intellectual practices — patience, humility, continuous learning, and emotional discipline sustained across an entire investing lifetime — that keep a Nepali investor grounded and effective no matter how ma"			nepse	auto-extracted; assign qkey + status in triage (03)
CAND-0632	UNREVIEWED	ch-109-lifelong-investor-mindset.txt	15		In his first entry, dated Mangsir 2063 (November 2006 in the Gregorian calendar), he wrote only the name of the bank share, the price, and the number of shares.	November 2006		word_date	auto-extracted; assign qkey + status in triage (03)
CAND-0633	UNREVIEWED	ch-109-lifelong-investor-mindset.txt	21		More importantly, a purely domestic problem was brewing: bank credit had expanded very fast in the preceding years, a large share of that credit had gone into real estate and share-margin lending, and by 2010 and 2011 NEPSE entered a long, grinding decline that lasted for roughly four years.			nepse	auto-extracted; assign qkey + status in triage (03)
CAND-0634	UNREVIEWED	ch-109-lifelong-investor-mindset.txt	28		NEPSE's benchmark index rose sharply through 2014, 2015, and into mid-2016, reaching what was at the time an all-time high, driven by a wave of new retail investors, easier bank lending again, and enormous public enthusiasm — newspapers ran daily front-page stories about ordinary people making fortunes, tea-shop conversations everywhere in the country turned to share prices, and Krishna sir rememb			nepse	auto-extracted; assign qkey + status in triage (03)
CAND-0635	UNREVIEWED	ch-109-lifelong-investor-mindset.txt	52		During that later rally, NEPSE's index rose from around fourteen hundred points in mid-2020 to well above three thousand points by mid-2021, an extraordinarily fast climb driven by low interest rates, a flood of new young investors trading through mobile apps for the first time, and a general sense that shares were now a shortcut to fast wealth.			nepse	auto-extracted; assign qkey + status in triage (03)
CAND-0636	UNREVIEWED	ch-109-lifelong-investor-mindset.txt	91		"The next chapter, Chapter 110, ""The NEPSE Regulatory Change Tracker,"" moves from mindset to method."			nepse	auto-extracted; assign qkey + status in triage (03)
CAND-0637	UNREVIEWED	ch-11-liquidity-problem.txt	19		During the bear market of 2021 to 2022, for instance, trading volume on many sessions fell to levels where the entire market was turning over less than NPR 500 million per day — a figure so low that even mid-sized retail investors holding positions worth NPR 5 to 10 million would need to accept substantial price concessions to exit.	NPR 500		amount	auto-extracted; assign qkey + status in triage (03)
CAND-0638	UNREVIEWED	ch-11-liquidity-problem.txt	21		A stock that turns over NPR 2 million per day may appear perfectly liquid to an investor holding NPR 200,000 worth of shares, but becomes deeply illiquid to an investor holding NPR 10 million.	NPR 2		amount	auto-extracted; assign qkey + status in triage (03)
CAND-0639	UNREVIEWED	ch-11-liquidity-problem.txt	26		Consider the following scenario: an investor conducts thorough analysis of a hydropower company listed on NEPSE and concludes that its shares, currently trading at NPR 280, have an intrinsic value of NPR 420.	NPR 280,		amount|nepse	auto-extracted; assign qkey + status in triage (03)
CAND-0640	UNREVIEWED	ch-11-liquidity-problem.txt	26		The investor purchases shares worth NPR 5 million.	NPR 5		amount	auto-extracted; assign qkey + status in triage (03)
CAND-0641	UNREVIEWED	ch-11-liquidity-problem.txt	26		The investor's shares may indeed be worth NPR 420 by any reasonable measure, but they cannot be sold at that price — or any price close to it — because there are simply no buyers willing to purchase at that level in any meaningful volume.	NPR 420		amount	auto-extracted; assign qkey + status in triage (03)
CAND-0642	UNREVIEWED	ch-11-liquidity-problem.txt	31		During the bull market peak of fiscal year 2020/21, NEPSE recorded its highest-ever trading activity, with average daily turnover approaching NPR 15 to 20 billion on peak days.	2020/21		fraction|amount|nepse	auto-extracted; assign qkey + status in triage (03)
CAND-0643	UNREVIEWED	ch-11-liquidity-problem.txt	32		In more typical market environments, average daily turnover on NEPSE runs in the range of NPR 2 billion to NPR 6 billion, with significant variation across the trading year.	NPR 2		amount|nepse	auto-extracted; assign qkey + status in triage (03)
CAND-0644	UNREVIEWED	ch-11-liquidity-problem.txt	32		During bear phases and periods of low sentiment, daily turnover frequently falls below NPR 1 billion.	NPR 1		amount	auto-extracted; assign qkey + status in triage (03)
CAND-0645	UNREVIEWED	ch-11-liquidity-problem.txt	32		To put this in international context: the daily turnover of the Colombo Stock Exchange in Sri Lanka — a market of comparable size in terms of number of listed companies — typically ranges from USD 5 to 15 million, roughly NPR 660 million to NPR 2 billion, suggesting that NEPSE's liquidity, while thin by any international standard, is not extraordinarily outlying among South Asian frontier peers.	NPR 660		amount|nepse	auto-extracted; assign qkey + status in triage (03)
CAND-0646	UNREVIEWED	ch-11-liquidity-problem.txt	33		NPR 3 billion in daily turnover sounds like a large number until you distribute it across all the listed securities, weight it by sector, and think carefully about what it means for any investor trying to build or exit a meaningful position.	NPR 3		amount	auto-extracted; assign qkey + status in triage (03)
CAND-0647	UNREVIEWED	ch-11-liquidity-problem.txt	33		Spread across 200-plus listed companies, the average company sees turnover of perhaps NPR 15 million per day — and that average is heavily skewed by a handful of large, highly liquid companies.	NPR 15		amount	auto-extracted; assign qkey + status in triage (03)
CAND-0648	UNREVIEWED	ch-11-liquidity-problem.txt	76		An investor holding NPR 3 million in a mid-tier hydropower company may find, when they attempt to sell, that the market simply has no buyers — not at their preferred price, not at any price, on any given day.	NPR 3		amount	auto-extracted; assign qkey + status in triage (03)
CAND-0649	UNREVIEWED	ch-11-liquidity-problem.txt	79		Microfinance institutions were among the fastest-growing listing categories in NEPSE during the 2015 to 2020 period, and their shares attracted significant retail interest, particularly from investors attracted to high dividend yields and bonus share distributions.			nepse	auto-extracted; assign qkey + status in triage (03)
CAND-0650	UNREVIEWED	ch-11-liquidity-problem.txt	84		Consider a reasonably active commercial bank stock that trades an average of NPR 15 million per day.	NPR 15		amount	auto-extracted; assign qkey + status in triage (03)
CAND-0651	UNREVIEWED	ch-11-liquidity-problem.txt	84		An investor holding NPR 30 million worth of this stock — a substantial but not extraordinary position for a successful Nepali retail investor or small fund — faces a practical exit timeline of at least twenty trading sessions if they wish to limit their daily selling to ten percent of average volume and avoid creating significant price impact.	NPR 30		amount	auto-extracted; assign qkey + status in triage (03)
CAND-0652	UNREVIEWED	ch-11-liquidity-problem.txt	85		For less liquid stocks — say, a mid-tier hydropower company trading NPR 2 million per day — the same NPR 30 million position implies a minimum exit timeline of one hundred and fifty sessions at the ten-percent-of-volume rule.	NPR 2		amount	auto-extracted; assign qkey + status in triage (03)
CAND-0653	UNREVIEWED	ch-11-liquidity-problem.txt	102		The 2021 to 2022 bear market, which saw NEPSE index values decline by over fifty percent from peak, was substantially driven by NRB's tightening cycle, which raised lending rates, tightened credit availability, and directly constrained the margin financing that had fuelled the preceding bull phase.			nepse	auto-extracted; assign qkey + status in triage (03)
CAND-0654	UNREVIEWED	ch-11-liquidity-problem.txt	108		In the years since approximately 2015, social media — primarily Facebook and, more recently, TikTok and YouTube — has become a significant driver of NEPSE sentiment and, consequently, of liquidity cycles.			nepse	auto-extracted; assign qkey + status in triage (03)
CAND-0655	UNREVIEWED	ch-110-nepse-regulatory-change-tracker.txt	33		2024-03-14NRB, Monetary Policy Mid-Term ReviewCD ratio ceiling tightened from 90 percent to 85 percent for commercial banksCommercial banks, finance companies, indirectly hydropower borrowersReduced weight in two overleveraged finance company holdings; no new margin purchases for one quarter	90 percent		percent	auto-extracted; assign qkey + status in triage (03)
CAND-0656	UNREVIEWED	ch-110-nepse-regulatory-change-tracker.txt	91		The next chapter, Chapter 111, Building Your Personal Research Library, turns from tracking regulatory change to organising everything else an ongoing NEPSE investor accumulates: annual reports, company disclosures, sector notes, and your own reference materials.			nepse	auto-extracted; assign qkey + status in triage (03)
CAND-0657	UNREVIEWED	ch-111-personal-research-library.txt	11		Prakash has been investing in NEPSE-listed shares since 2003.			nepse	auto-extracted; assign qkey + status in triage (03)
CAND-0658	UNREVIEWED	ch-111-personal-research-library.txt	13		"Before we go further, we must be clear about one distinction, because readers of this book will remember Chapter 105, ""The Canon Data Pipeline."" That chapter taught you how to pull raw data from NEPSE — daily prices, trading volumes, floorsheets — and store it in a structured, repeatable way, almost like setting up plumbing so that clean water reaches your tap every day."			nepse	auto-extracted; assign qkey + status in triage (03)
CAND-0659	UNREVIEWED	ch-111-personal-research-library.txt	15		NEPSE itself was established in 1993 with trading beginning in 1994.			nepse	auto-extracted; assign qkey + status in triage (03)
CAND-0660	UNREVIEWED	ch-111-personal-research-library.txt	102		This chapter taught you how to build a personal research library as a long-term companion to your NEPSE investing, distinct from the raw data pipeline covered in Chapter 105.			nepse	auto-extracted; assign qkey + status in triage (03)
CAND-0661	UNREVIEWED	ch-111-personal-research-library.txt	103		"The next chapter, Chapter 112, ""Technology Tools for the NEPSE Investor,"" moves from paper and personal discipline to the apps, software, and digital platforms available to Nepali investors today."			nepse	auto-extracted; assign qkey + status in triage (03)
CAND-0662	UNREVIEWED	ch-113-annual-financial-calendar.txt	33		But inside the Ministry where he works, and inside every company listed on NEPSE, Shrawan 1 is when the books reset to zero.			nepse	auto-extracted; assign qkey + status in triage (03)
CAND-0663	UNREVIEWED	ch-113-annual-financial-calendar.txt	81		Jestha is the month every serious NEPSE investor watches most closely of all, because this is when the Government of Nepal presents its national budget, usually on Jestha 15, roughly one month before the new fiscal year begins.			nepse	auto-extracted; assign qkey + status in triage (03)
CAND-0664	UNREVIEWED	ch-114-communication-protocols.txt	10		In 2019, on the advice of her nephew who worked in Kathmandu, she opened a demat account — a demat account is simply an electronic locker where your shares are kept, the same way a bank account is an electronic locker for your cash — and began buying shares of a few commercial banks and a hydropower company listed on NEPSE, the Nepal Stock Exchange.			nepse	auto-extracted; assign qkey + status in triage (03)
CAND-0665	UNREVIEWED	ch-114-communication-protocols.txt	14		You cannot trade directly on NEPSE; every order must pass through one of the licensed brokers, identified by a broker number such as Broker 34 or Broker 61.			nepse	auto-extracted; assign qkey + status in triage (03)
CAND-0666	UNREVIEWED	ch-114-communication-protocols.txt	41		In March 2021, Sunita placed a phone order to sell 100 shares of a bank she had held for two years, at a limit price of 410 rupees per share.	March 2021		word_date	auto-extracted; assign qkey + status in triage (03)
CAND-0667	UNREVIEWED	ch-114-communication-protocols.txt	70		"She stood and asked: ""Our receivables grew by around 40 percent while revenue grew by about 12 percent."	40 percent		percent	auto-extracted; assign qkey + status in triage (03)
CAND-0668	UNREVIEWED	ch-114-communication-protocols.txt	117		Chapter 115, Multi-Generational Wealth Building Through NEPSE, turns from these day-to-day communication skills toward a longer horizon.			nepse	auto-extracted; assign qkey + status in triage (03)
CAND-0669	UNREVIEWED	ch-115-multigenerational-wealth-building.txt	10		Dilip Prasad Sharma bought his first NEPSE shares in 1994, the year Nepal's stock market opened its trading floor to ordinary citizens instead of only to a handful of large institutions.			nepse	auto-extracted; assign qkey + status in triage (03)
CAND-0670	UNREVIEWED	ch-115-multigenerational-wealth-building.txt	79		In early 2020, as news of a global pandemic began reaching Nepal and NEPSE's index fell sharply over a period of a few weeks, Prakash panicked and wanted to sell a large portion of the family's bank and hydropower shares immediately, worried that prices would keep falling indefinitely.			nepse	auto-extracted; assign qkey + status in triage (03)
CAND-0671	UNREVIEWED	ch-115-multigenerational-wealth-building.txt	79		Dilip, drawing on decades of having seen NEPSE fall and recover multiple times before, including during periods of political instability in the 2000s, argued for patience.			nepse	auto-extracted; assign qkey + status in triage (03)
CAND-0672	UNREVIEWED	ch-117-canon-audit.txt	105		Chapter 118, Final Synthesis — The Complete Canon Investor, will bring together everything taught across all one hundred and eighteen chapters, from the earliest lessons on what a share actually represents, through the investment constitution, sector concentration limits, margin lending discipline, the data pipeline, the research library, and now the Canon Audit itself, into one final, unified por			nepse	auto-extracted; assign qkey + status in triage (03)
CAND-0673	UNREVIEWED	ch-118-final-synthesis.txt	10		He planted the oldest of them thirty-four years ago, in 1992, the same year he opened his first account with a stockbroker in New Road, Kathmandu, a year before the Nepal Stock Exchange, or NEPSE, the country's only stock exchange, even had a working trading floor.			nepse	auto-extracted; assign qkey + status in triage (03)
CAND-0674	UNREVIEWED	ch-118-final-synthesis.txt	16		NEPSE itself was established in 1993 and opened its trading floor in 1994.			nepse	auto-extracted; assign qkey + status in triage (03)
CAND-0675	UNREVIEWED	ch-118-final-synthesis.txt	20		This is precisely what happened in 2016 and 2017, when a NEPSE bull run built substantially on margin borrowing collapsed once NRB and banking sector liquidity tightened, wiping out investors who had confused a rising market with a permanent one.			nepse	auto-extracted; assign qkey + status in triage (03)
CAND-0676	UNREVIEWED	ch-118-final-synthesis.txt	27		In the 2016 to 2017 NEPSE bull run, the index nearly doubled in under two years, driven heavily by margin-financed buying.			nepse	auto-extracted; assign qkey + status in triage (03)
CAND-0677	UNREVIEWED	ch-118-final-synthesis.txt	47		The Canon taught the reader to recognise herd behaviour, the tendency to buy because everyone around you is buying, which drove much of the 2016 to 2017 bubble and again the extraordinary retail rally of 2020 to 2021, when NEPSE's index climbed to record highs partly on a wave of new, first-time investors trading from home during pandemic lockdowns.			nepse	auto-extracted; assign qkey + status in triage (03)
CAND-0678	UNREVIEWED	ch-118-final-synthesis.txt	78		In 2008, during Nepal's first great NEPSE bull run following the political changes of that era, he bought too much of a single finance company on pure momentum, ignoring his own rule about position sizing, and watched it lose most of its value in the correction that followed.			nepse	auto-extracted; assign qkey + status in triage (03)
CAND-0679	UNREVIEWED	ch-118-final-synthesis.txt	83		When the NEPSE index reached its record high in mid-2021, driven by an unprecedented wave of new retail investors and easy pandemic-era liquidity, Basanta Sir made no new purchases for nearly a year, holding his existing positions but refusing to chase valuations he judged, based on the same analytical tools taught throughout this Canon, to have detached from underlying company earnings.			nepse	auto-extracted; assign qkey + status in triage (03)
CAND-0680	UNREVIEWED	ch-12-microstructure-failures.txt	83		The stock moves 3%, then 5%, then hits the upper circuit limit.	3%		percent	auto-extracted; assign qkey + status in triage (03)
CAND-0681	UNREVIEWED	ch-13-ordinary-shares.txt	27		In Nepali capital markets, the face value — also called the par value or nominal value — of an ordinary share is almost universally fixed at NPR 100.	NPR 100		amount	auto-extracted; assign qkey + status in triage (03)
CAND-0682	UNREVIEWED	ch-13-ordinary-shares.txt	29		If a company is established with an authorised capital of NPR 1 billion divided into 10 million shares, each share has a face value of NPR 100.	NPR 1		amount	auto-extracted; assign qkey + status in triage (03)
CAND-0683	UNREVIEWED	ch-13-ordinary-shares.txt	30		In Nepal, SEBON's prospectus regulations, the Companies Act, and the Securities Registration and Issuance Regulation all operate around this NPR 100 standard.	NPR 100		amount	auto-extracted; assign qkey + status in triage (03)
CAND-0684	UNREVIEWED	ch-13-ordinary-shares.txt	30		When a company issues bonus shares — the Nepali equivalent of a stock dividend — those new shares are issued at NPR 100 face value.	NPR 100		amount	auto-extracted; assign qkey + status in triage (03)
CAND-0685	UNREVIEWED	ch-13-ordinary-shares.txt	30		The accounting entry moves retained earnings or a share premium reserve into paid-up capital at NPR 100 per new share.	NPR 100		amount	auto-extracted; assign qkey + status in triage (03)
CAND-0686	UNREVIEWED	ch-13-ordinary-shares.txt	30		When rights shares are offered, they are typically offered at NPR 100 or at a modest premium above NPR 100, far below the prevailing market price.	NPR 100		amount	auto-extracted; assign qkey + status in triage (03)
CAND-0687	UNREVIEWED	ch-13-ordinary-shares.txt	33		Face value (NPR 100) tells you almost nothing about what a share is worth.	NPR 100		amount	auto-extracted; assign qkey + status in triage (03)
CAND-0688	UNREVIEWED	ch-13-ordinary-shares.txt	34		Standard Chartered Bank Nepal's shares may trade at many times their face value of NPR 100.	NPR 100		amount	auto-extracted; assign qkey + status in triage (03)
CAND-0689	UNREVIEWED	ch-13-ordinary-shares.txt	34		A struggling insurance company's shares may trade below NPR 100.	NPR 100		amount	auto-extracted; assign qkey + status in triage (03)
CAND-0690	UNREVIEWED	ch-13-ordinary-shares.txt	34		None of these factors are captured in the fixed NPR 100 face value figure.	NPR 100		amount	auto-extracted; assign qkey + status in triage (03)
CAND-0691	UNREVIEWED	ch-13-ordinary-shares.txt	35		A mature, profitable Nepali commercial bank that has accumulated substantial retained earnings over decades will have a book value per share that may be NPR 200, NPR 300, or more, even though each share still carries a face value of NPR 100.	NPR 200,		amount	auto-extracted; assign qkey + status in triage (03)
CAND-0692	UNREVIEWED	ch-13-ordinary-shares.txt	38		If a company declares a 15% cash dividend, it means NPR 15 per share (15% of NPR 100 face value).	15%		percent|amount	auto-extracted; assign qkey + status in triage (03)
CAND-0693	UNREVIEWED	ch-13-ordinary-shares.txt	38		This convention means that a 15% dividend yield in the face-value sense is very different from a 15% yield on the market price paid.	15%		percent	auto-extracted; assign qkey + status in triage (03)
CAND-0694	UNREVIEWED	ch-13-ordinary-shares.txt	39		A 20% bonus means one new share for every five held, each new share carrying NPR 100 face value.	20%		percent|amount	auto-extracted; assign qkey + status in triage (03)
CAND-0695	UNREVIEWED	ch-13-ordinary-shares.txt	40		Regulatory minimum paid-up capital thresholds — such as the NRB directive requiring commercial banks to have paid-up capital of at least NPR 8 billion — are expressed in these terms.	NPR 8		amount	auto-extracted; assign qkey + status in triage (03)
CAND-0696	UNREVIEWED	ch-13-ordinary-shares.txt	42		Face ValueNominal value per share — NPR 100 in Nepal.	NPR 100		amount	auto-extracted; assign qkey + status in triage (03)
CAND-0697	UNREVIEWED	ch-13-ordinary-shares.txt	54		A commercial bank with NPR 500 of book value per share has accumulated that equity through years of profitable operation.	NPR 500		amount	auto-extracted; assign qkey + status in triage (03)
CAND-0698	UNREVIEWED	ch-13-ordinary-shares.txt	59		Suppose the bank has paid-up capital of NPR 10 billion, which at NPR 100 face value means 100 million shares outstanding.	NPR 10		amount	auto-extracted; assign qkey + status in triage (03)
CAND-0699	UNREVIEWED	ch-13-ordinary-shares.txt	59		Its total shareholders' equity (paid-up capital plus reserves) is NPR 25 billion, giving a book value per share of NPR 250.	NPR 25		amount	auto-extracted; assign qkey + status in triage (03)
CAND-0700	UNREVIEWED	ch-13-ordinary-shares.txt	59		If the market price is NPR 375, the P/B ratio is 1.5x.	NPR 375,		amount	auto-extracted; assign qkey + status in triage (03)
CAND-0701	UNREVIEWED	ch-13-ordinary-shares.txt	60		Return on equity drops from 18% to 10%.	18%		percent	auto-extracted; assign qkey + status in triage (03)
CAND-0702	UNREVIEWED	ch-13-ordinary-shares.txt	60		The market price falls to NPR 200, a P/B ratio of 0.8x.	NPR 200,		amount	auto-extracted; assign qkey + status in triage (03)
CAND-0703	UNREVIEWED	ch-13-ordinary-shares.txt	60		The book value per share is still NPR 250 — the accounts have not changed — but the market no longer believes the business can earn adequate returns on that book value, so it prices the shares at a discount to it.	NPR 250		amount	auto-extracted; assign qkey + status in triage (03)
CAND-0704	UNREVIEWED	ch-13-ordinary-shares.txt	63		Where does the NPR 100 face value fit in this triangle?	NPR 100		amount	auto-extracted; assign qkey + status in triage (03)
CAND-0705	UNREVIEWED	ch-13-ordinary-shares.txt	63		And in that unhappy scenario, the face value of NPR 100 turns into a reminder of what shareholders originally subscribed, now largely or entirely gone.	NPR 100		amount	auto-extracted; assign qkey + status in triage (03)
CAND-0706	UNREVIEWED	ch-13-ordinary-shares.txt	64		More practically, when market price falls below face value — when a share trades below NPR 100 — it is a significant signal that the market is pricing severe fundamental distress.	NPR 100		amount	auto-extracted; assign qkey + status in triage (03)
CAND-0707	UNREVIEWED	ch-13-ordinary-shares.txt	64		In Nepal, a share trading below NPR 100 is often in that territory because of accumulated losses, regulatory sanctions, or severe deterioration of business fundamentals.	NPR 100		amount	auto-extracted; assign qkey + status in triage (03)
CAND-0708	UNREVIEWED	ch-13-ordinary-shares.txt	81		If promoters collectively hold 51% of shares and are subject to lock-in, only 49% of shares are available for public market trading.	51%		percent	auto-extracted; assign qkey + status in triage (03)
CAND-0709	UNREVIEWED	ch-13-ordinary-shares.txt	87		But as NEPSE grew through the 1990s and 2000s, and as the investor base expanded geographically, the limitations of the paper system became acute.			nepse	auto-extracted; assign qkey + status in triage (03)
CAND-0710	UNREVIEWED	ch-14-ipos.txt	29		4SEBON review period (typically 30–90 days)SEBONSEBON may request clarifications or modifications — delays can signal issues	30–90		score_band	auto-extracted; assign qkey + status in triage (03)
CAND-0711	UNREVIEWED	ch-14-ipos.txt	31		6Public notice and subscription window opens (typically 7–21 working days)Issue Manager, Banks (ASBA)The window in which investors apply via ASBA or MeroShare	7–21		score_band	auto-extracted; assign qkey + status in triage (03)
CAND-0712	UNREVIEWED	ch-14-ipos.txt	35		10Listing on NEPSE; first-day trading beginsNEPSEThe first pricing discovery event — often the most volatile day			nepse	auto-extracted; assign qkey + status in triage (03)
CAND-0713	UNREVIEWED	ch-14-ipos.txt	50		Low promoter retention (below 51% post-IPO in most sectors) raises questions about their conviction	51%		percent	auto-extracted; assign qkey + status in triage (03)
CAND-0714	UNREVIEWED	ch-14-ipos.txt	69		An NPL above 5% at IPO time warrants serious scrutiny.	5%		percent	auto-extracted; assign qkey + status in triage (03)
CAND-0715	UNREVIEWED	ch-14-ipos.txt	77		Return on Equity (%)Fill from dataFill from dataFill from dataROE below 10% in a Nepali context is mediocre; above 20% deserves examination of leverage	10%		percent	auto-extracted; assign qkey + status in triage (03)
CAND-0716	UNREVIEWED	ch-14-ipos.txt	99		250 is arguably a 17% discount to book value.	17%		percent	auto-extracted; assign qkey + status in triage (03)
CAND-0717	UNREVIEWED	ch-14-ipos.txt	112		Secondary Market P/EIPO P/E ÷ Sector Average P/E on NEPSEA ratio above 1.5 means the IPO is pricing in 50% more growth than what the secondary market currently assigns to similar companies.	50%		percent	auto-extracted; assign qkey + status in triage (03)
CAND-0718	UNREVIEWED	ch-14-ipos.txt	117		Commercial Banks: Tend to trade at P/B multiples of 1.0x–2.5x on NEPSE.			nepse	auto-extracted; assign qkey + status in triage (03)
CAND-0719	UNREVIEWED	ch-14-ipos.txt	117		IPOs priced above 2.0x book value require exceptional ROE (above 20%) to be justified.	20%		percent	auto-extracted; assign qkey + status in triage (03)
CAND-0720	UNREVIEWED	ch-14-ipos.txt	146		Estimated Allotment Probability\~1 in 30 = 3.3%	3.3%		percent	auto-extracted; assign qkey + status in triage (03)
CAND-0721	UNREVIEWED	ch-14-ipos.txt	147		600 × 3.3% = Rs.	3.3%		percent	auto-extracted; assign qkey + status in triage (03)
CAND-0722	UNREVIEWED	ch-14-ipos.txt	148		1,000 = 2.0% for the blocking period (approx.	2.0%		percent	auto-extracted; assign qkey + status in triage (03)
CAND-0723	UNREVIEWED	ch-14-ipos.txt	148		3–6 weeks)	3–6		score_band	auto-extracted; assign qkey + status in triage (03)
CAND-0724	UNREVIEWED	ch-14-ipos.txt	149		Annualised Expected Return (at 4 weeks blocked)\~26% annualised — but with high variance (either 0 or 60% per lot)	26%		percent	auto-extracted; assign qkey + status in triage (03)
CAND-0725	UNREVIEWED	ch-14-ipos.txt	158		If not allotted, the block is released — typically within 7–14 days of allotment completion.	7–14		score_band	auto-extracted; assign qkey + status in triage (03)
CAND-0726	UNREVIEWED	ch-14-ipos.txt	202		Prices often correct 5%–20% from the opening day peak within the same session.	5%		percent	auto-extracted; assign qkey + status in triage (03)
CAND-0727	UNREVIEWED	ch-14-ipos.txt	214		The Empirical Pattern: Overperformance on Day 1, Underperformance Over 3–12 Months	3–12		score_band	auto-extracted; assign qkey + status in triage (03)
CAND-0728	UNREVIEWED	ch-14-ipos.txt	215		However, over the following 3–12 months, the same IPOs tend to underperform the broader market index.	3–12		score_band	auto-extracted; assign qkey + status in triage (03)
CAND-0729	UNREVIEWED	ch-14-ipos.txt	218		Prices on most newly listed stocks in Nepal have historically been available at listing-day levels or below within 3–6 months.	3–6		score_band	auto-extracted; assign qkey + status in triage (03)
CAND-0730	UNREVIEWED	ch-14-ipos.txt	264		Capital blocked for 4–6 weeks could alternatively be deployed in the secondary market.	4–6		score_band	auto-extracted; assign qkey + status in triage (03)
CAND-0731	UNREVIEWED	ch-14-ipos.txt	303		The extra 2–3 hours of analysis per IPO is among the highest-return activities available to a serious investor.	2–3		score_band	auto-extracted; assign qkey + status in triage (03)
CAND-0732	UNREVIEWED	ch-15-rights-issues-fpos.txt	31		A 1:1 rights issue — sometimes called a 'one-for-one' or a 100% rights issue — means the company is doubling its share count, with each existing shareholder entitled to one new share for each they already hold.	100%		percent	auto-extracted; assign qkey + status in triage (03)
CAND-0733	UNREVIEWED	ch-15-rights-issues-fpos.txt	32		Ratios of 1:1 (100%), 1:2 (50%), and even 2:1 (200%) are not uncommon, particularly in the banking sector during capital enhancement drives.	100%		percent	auto-extracted; assign qkey + status in triage (03)
CAND-0734	UNREVIEWED	ch-15-rights-issues-fpos.txt	44		TERP = (100 x 400 + 50 x 100) / (100 + 50) = (40,000 + 5,000) / 150 = 45,000 / 150 = Rs.	000 / 150		fraction	auto-extracted; assign qkey + status in triage (03)
CAND-0735	UNREVIEWED	ch-15-rights-issues-fpos.txt	100		1,000 of equity, its ROE is 10%.	10%		percent	auto-extracted; assign qkey + status in triage (03)
CAND-0736	UNREVIEWED	ch-15-rights-issues-fpos.txt	100		150 in total net profit just to maintain that 10% ROE.	10%		percent	auto-extracted; assign qkey + status in triage (03)
CAND-0737	UNREVIEWED	ch-15-rights-issues-fpos.txt	100		115, Rs.	115, Rs.		amount	auto-extracted; assign qkey + status in triage (03)
CAND-0738	UNREVIEWED	ch-15-rights-issues-fpos.txt	103		The investor who bought shares at 3x book value for a 15% ROE business now holds shares at 3x a higher book value, but the ROE has fallen to 10%, making the 3x multiple unjustifiable.	15%		percent	auto-extracted; assign qkey + status in triage (03)
CAND-0739	UNREVIEWED	ch-15-rights-issues-fpos.txt	110		If paid-up capital has grown at, say, 20% per year compounded while net profit has grown at 12%, the dilution math has been working against shareholders throughout.	20%		percent	auto-extracted; assign qkey + status in triage (03)
CAND-0740	UNREVIEWED	ch-16-mutual-funds.txt	60		Equity-Oriented>=65% in listed equities (NEPSE)Higher risk, higher long-term return potential	65%		percent|nepse	auto-extracted; assign qkey + status in triage (03)
CAND-0741	UNREVIEWED	ch-16-mutual-funds.txt	73		80, Rs.	80, Rs.		amount	auto-extracted; assign qkey + status in triage (03)
CAND-0742	UNREVIEWED	ch-16-mutual-funds.txt	76		Discount = [(12.50 - 10.80) / 12.50] x 100 = 13.6%.	13.6%		percent|score_band	auto-extracted; assign qkey + status in triage (03)
CAND-0743	UNREVIEWED	ch-16-mutual-funds.txt	76		10.80 — a 13.6% discount.	13.6%		percent	auto-extracted; assign qkey + status in triage (03)
CAND-0744	UNREVIEWED	ch-16-mutual-funds.txt	91		An investor who buys units at a 15% discount three years before fund maturity has effectively locked in a 15% gain above and beyond whatever the portfolio itself returns — provided the fund is actually wound up and assets are distributed at or near NAV.	15%		percent	auto-extracted; assign qkey + status in triage (03)
CAND-0745	UNREVIEWED	ch-16-mutual-funds.txt	93		Discount: 16.2%.	16.2%		percent	auto-extracted; assign qkey + status in triage (03)
CAND-0746	UNREVIEWED	ch-16-mutual-funds.txt	93		If the NAV remains flat (zero portfolio return) and the discount closes to zero at maturity: Investor return = (14.20 - 11.90) / 11.90 = 19.3% total return over 2 years.	19.3%		percent|score_band	auto-extracted; assign qkey + status in triage (03)
CAND-0747	UNREVIEWED	ch-16-mutual-funds.txt	93		If the portfolio itself also grows 10% over 2 years: Maturity NAV = Rs.	10%		percent	auto-extracted; assign qkey + status in triage (03)
CAND-0748	UNREVIEWED	ch-16-mutual-funds.txt	93		Total return = (15.62 - 11.90) / 11.90 = 31.3%.	31.3%		percent|score_band	auto-extracted; assign qkey + status in triage (03)
CAND-0749	UNREVIEWED	ch-16-mutual-funds.txt	101		A fund that returned 35% in a year in which the NEPSE rose 40% has underperformed.	35%		percent|nepse	auto-extracted; assign qkey + status in triage (03)
CAND-0750	UNREVIEWED	ch-16-mutual-funds.txt	101		A fund that returned 12% in a year when the NEPSE fell 8% has massively outperformed.	12%		percent|nepse	auto-extracted; assign qkey + status in triage (03)
CAND-0751	UNREVIEWED	ch-16-mutual-funds.txt	106		If the NEPSE rose 50% in a year and the fund rose 48%, the investor may feel satisfied — but the manager actually underperformed the market while taking full equity risk.	50%		percent|nepse	auto-extracted; assign qkey + status in triage (03)
CAND-0752	UNREVIEWED	ch-16-mutual-funds.txt	106		Conversely, if the fund rose 20% in a year the NEPSE fell 10%, that manager has added extraordinary value.	20%		percent|nepse	auto-extracted; assign qkey + status in triage (03)
CAND-0753	UNREVIEWED	ch-16-mutual-funds.txt	121		A difference of 1% per year in annual costs may seem trivial in isolation, but compounded over twenty years, it represents a dramatically different wealth outcome.	1%		percent	auto-extracted; assign qkey + status in triage (03)
CAND-0754	UNREVIEWED	ch-16-mutual-funds.txt	121		An investor who earns 10% gross annually for twenty years and pays 2% in fees ends up with approximately 23% less wealth than an investor paying 1% in fees.	10%		percent	auto-extracted; assign qkey + status in triage (03)
CAND-0755	UNREVIEWED	ch-16-mutual-funds.txt	125		Fund A: AER = 2.5%.	2.5%		percent	auto-extracted; assign qkey + status in triage (03)
CAND-0756	UNREVIEWED	ch-16-mutual-funds.txt	125		Fund B: AER = 1.5%.	1.5%		percent	auto-extracted; assign qkey + status in triage (03)
CAND-0757	UNREVIEWED	ch-16-mutual-funds.txt	125		Both funds hold identical portfolios earning 12% gross annual return.	12%		percent	auto-extracted; assign qkey + status in triage (03)
CAND-0758	UNREVIEWED	ch-16-mutual-funds.txt	125		Fund A net return = 9.5%.	9.5%		percent	auto-extracted; assign qkey + status in triage (03)
CAND-0759	UNREVIEWED	ch-16-mutual-funds.txt	125		Fund B net return = 10.5%.	10.5%		percent	auto-extracted; assign qkey + status in triage (03)
CAND-0760	UNREVIEWED	ch-16-mutual-funds.txt	125		23,800 — purely from the 1% fee differential.	1%		percent	auto-extracted; assign qkey + status in triage (03)
CAND-0761	UNREVIEWED	ch-16-mutual-funds.txt	127		If a fund has a 2% entry load and you invest Rs.	2%		percent	auto-extracted; assign qkey + status in triage (03)
CAND-0762	UNREVIEWED	ch-16-mutual-funds.txt	130		A fund that reports a 2% AER but turns over 100% of its portfolio each year is imposing additional hidden costs potentially equivalent to another 0.5% to 1% of assets.	2%		percent	auto-extracted; assign qkey + status in triage (03)
CAND-0763	UNREVIEWED	ch-16-mutual-funds.txt	130		A fund with a 2.5% AER but only 20% annual portfolio turnover may actually be less costly on a total basis.	2.5%		percent	auto-extracted; assign qkey + status in triage (03)
CAND-0764	UNREVIEWED	ch-16-mutual-funds.txt	162		The investor who has experienced a 20% NAV drawdown through a mutual fund, and has seen it recover, is far better prepared psychologically to handle direct equity investing than one who learned the same lesson through a concentrated individual stock position.	20%		percent	auto-extracted; assign qkey + status in triage (03)
CAND-0765	UNREVIEWED	ch-17-debentures-bonds.txt	16		In Nepal, corporate debentures are typically issued in denominations of NPR 1,000.	NPR 1,000		amount	auto-extracted; assign qkey + status in triage (03)
CAND-0766	UNREVIEWED	ch-17-debentures-bonds.txt	17		A 9% coupon on a NPR 1,000 debenture pays NPR 90 per year.	9%		percent|amount	auto-extracted; assign qkey + status in triage (03)
CAND-0767	UNREVIEWED	ch-17-debentures-bonds.txt	32		They carry a coupon in the range of 7% to 12%, set at issuance and unchanged for the life of the instrument.	7%		percent	auto-extracted; assign qkey + status in triage (03)
CAND-0768	UNREVIEWED	ch-17-debentures-bonds.txt	47		These instruments carry fixed coupons, denominations as low as NPR 1,000, and are exempt from certain tax obligations, making them particularly attractive to conservative investors in higher income brackets.	NPR 1,000,		amount	auto-extracted; assign qkey + status in triage (03)
CAND-0769	UNREVIEWED	ch-17-debentures-bonds.txt	56		Development Bond2-15 yearsFixed coupon (annual)NPR 10,000+As announced by MoFVia banks	NPR 10,000		amount	auto-extracted; assign qkey + status in triage (03)
CAND-0770	UNREVIEWED	ch-17-debentures-bonds.txt	57		Citizens Savings Bond3-5 yearsFixed couponNPR 1,000Periodic NRB issueYes, via banks	NPR 1,000		amount	auto-extracted; assign qkey + status in triage (03)
CAND-0771	UNREVIEWED	ch-17-debentures-bonds.txt	61		To understand why, consider a bond with a face value of NPR 1,000, a coupon rate of 8%, and five years to maturity.	8%		percent|amount	auto-extracted; assign qkey + status in triage (03)
CAND-0772	UNREVIEWED	ch-17-debentures-bonds.txt	61		It pays NPR 80 each year and NPR 1,000 at maturity.	NPR 80		amount	auto-extracted; assign qkey + status in triage (03)
CAND-0773	UNREVIEWED	ch-17-debentures-bonds.txt	61		If the market yield is 8%, the bond's price is exactly NPR 1,000 — it trades at par.	8%		percent|amount	auto-extracted; assign qkey + status in triage (03)
CAND-0774	UNREVIEWED	ch-17-debentures-bonds.txt	61		If market yields rise to 10%, the NPR 80 coupon becomes less attractive in comparison to new bonds now yielding NPR 100, and the price must fall below NPR 1,000 to compensate buyers for accepting a below-market coupon.	10%		percent|amount	auto-extracted; assign qkey + status in triage (03)
CAND-0775	UNREVIEWED	ch-17-debentures-bonds.txt	61		If yields fall to 6%, the NPR 80 coupon is generous by current market standards, and buyers will bid the price above NPR 1,000.	6%		percent|amount	auto-extracted; assign qkey + status in triage (03)
CAND-0776	UNREVIEWED	ch-17-debentures-bonds.txt	62		For our five-year, 8% coupon bond at a market yield of 10%:	8%		percent	auto-extracted; assign qkey + status in triage (03)
CAND-0777	UNREVIEWED	ch-17-debentures-bonds.txt	64		Price = 72.73 + 66.12 + 60.11 + 54.64 + 670.47 = NPR 924.07	NPR 924.07		amount	auto-extracted; assign qkey + status in triage (03)
CAND-0778	UNREVIEWED	ch-17-debentures-bonds.txt	65		Conversely, at a market yield of 6%, the same bond prices at NPR 1,084.25, a premium to par.	6%		percent|amount	auto-extracted; assign qkey + status in triage (03)
CAND-0779	UNREVIEWED	ch-17-debentures-bonds.txt	68		A bond with a modified duration of 4.0 will lose approximately 4% of its price for every 100 basis point rise in yields, and gain approximately 4% for every 100 basis point fall.	4%		percent	auto-extracted; assign qkey + status in triage (03)
CAND-0780	UNREVIEWED	ch-17-debentures-bonds.txt	71		If the NPR 1,000 face, 8% coupon bond trades at NPR 924.07, the current yield is 80/924.07 = 8.66%.	8%		percent|fraction|amount	auto-extracted; assign qkey + status in triage (03)
CAND-0781	UNREVIEWED	ch-17-debentures-bonds.txt	71		This is a rough proxy but ignores the gain at maturity (the bond matures at NPR 1,000 but was purchased at NPR 924.07 — a capital gain of NPR 75.93 earned over five years).	NPR 1,000		amount	auto-extracted; assign qkey + status in triage (03)
CAND-0782	UNREVIEWED	ch-17-debentures-bonds.txt	72		The YTM on our bond at NPR 924.07 is 10% by construction.	10%		percent|amount	auto-extracted; assign qkey + status in triage (03)
CAND-0783	UNREVIEWED	ch-17-debentures-bonds.txt	85		If a debenture is trading at 80% of par, the market is expressing concern about credit quality that the investor holding at cost-minus-amortised-premium may not have internalized.	80%		percent	auto-extracted; assign qkey + status in triage (03)
CAND-0784	UNREVIEWED	ch-17-debentures-bonds.txt	96		In mature markets, historical estimates of the ERP cluster around 4% to 6% per year.	4%		percent	auto-extracted; assign qkey + status in triage (03)
CAND-0785	UNREVIEWED	ch-17-debentures-bonds.txt	96		Nepal's country-risk-adjusted ERP has historically been estimated materially higher than for developed markets, often in the 10% to 15% range depending on the estimation period and methodology.	10%		percent	auto-extracted; assign qkey + status in triage (03)
CAND-0786	UNREVIEWED	ch-17-debentures-bonds.txt	98		The 2021-2022 period illustrated this sharply: as NRB raised the policy rate in response to inflation and balance-of-payments pressures, bank deposit rates climbed toward 10-12%, T-Bill yields rose, and NEPSE fell from its post-COVID highs.	12%		percent|score_band|nepse	auto-extracted; assign qkey + status in triage (03)
CAND-0787	UNREVIEWED	ch-17-debentures-bonds.txt	99		The mechanism was straightforward: with savings deposits offering 4-6%, the relative attractiveness of equity dividends and capital gains increased, drawing capital into NEPSE.	6%		percent|score_band|nepse	auto-extracted; assign qkey + status in triage (03)
CAND-0788	UNREVIEWED	ch-17-debentures-bonds.txt	102		The key discipline, regardless of method, is to be consistent in the risk-free rate assumption: if the T-Bill yield is 6%, use 6%, not a historical average or an aspirational number.	6%		percent	auto-extracted; assign qkey + status in triage (03)
CAND-0789	UNREVIEWED	ch-17-debentures-bonds.txt	102		A company that appeared fairly valued at a 6% risk-free rate may appear overvalued at 9%.	6%		percent	auto-extracted; assign qkey + status in triage (03)
CAND-0790	UNREVIEWED	ch-17-debentures-bonds.txt	105		The investor who monitors the full spectrum — who notes when NRB auctions clear at 7% versus 5%, who understands when corporate debenture spreads are wide versus compressed, who tracks whether the NEPSE earnings yield provides an adequate premium over government yields — is thinking about the market as a market, not as a collection of isolated securities.	7%		percent|nepse	auto-extracted; assign qkey + status in triage (03)
CAND-0791	UNREVIEWED	ch-18-what-doesnt-exist.txt	28		The 2021-2022 correction, which saw the NEPSE index fall from above 3,200 to below 1,700, illustrated this dynamic vividly.			nepse	auto-extracted; assign qkey + status in triage (03)
CAND-0792	UNREVIEWED	ch-18-what-doesnt-exist.txt	37		They offer instant diversification, low costs (often below 0.10% annual management fee for index products), tax efficiency, intraday liquidity, and structural simplicity.	0.10%		percent	auto-extracted; assign qkey + status in triage (03)
CAND-0793	UNREVIEWED	ch-18-what-doesnt-exist.txt	62		A REIT trading at NPR 1,000 per unit and paying NPR 80 in annual dividends has an 8% dividend yield.	8%		percent|amount	auto-extracted; assign qkey + status in triage (03)
CAND-0794	UNREVIEWED	ch-18-what-doesnt-exist.txt	91		Under the current framework, brokers with a minimum net worth of NPR 50 million are permitted to offer margin lending to clients.	NPR 50		amount	auto-extracted; assign qkey + status in triage (03)
CAND-0795	UNREVIEWED	ch-18-what-doesnt-exist.txt	91		The margin loan may not exceed 50% of the lower of the 180-day average price or the current market price of eligible securities.	50%		percent	auto-extracted; assign qkey + status in triage (03)
CAND-0796	UNREVIEWED	ch-18-what-doesnt-exist.txt	91		To qualify as a margin-eligible security, a company must have more than 10,000 shareholders, positive net worth, and a track record of paying at least 10% bonus shares for two consecutive years.	10%		percent	auto-extracted; assign qkey + status in triage (03)
CAND-0797	UNREVIEWED	ch-18-what-doesnt-exist.txt	100		The 2021 peak in the NEPSE index, when price-to-earnings multiples for many financial sector stocks reached levels that experienced investors considered extreme, is a case study in what happens when no counterbalancing force operates.			nepse	auto-extracted; assign qkey + status in triage (03)
CAND-0798	UNREVIEWED	ch-18-what-doesnt-exist.txt	104		A mutual fund holding shares of Nepal's largest commercial banks, collected over years and held as a core long-term position, could generate incremental income — perhaps 0.5% to 2.0% annually — by lending those shares to short sellers and market makers.	0.5%		percent	auto-extracted; assign qkey + status in triage (03)
CAND-0799	UNREVIEWED	ch-18-what-doesnt-exist.txt	118		SEBON requires that IPOs be priced at par value (NPR 100 per share) for most standard public offerings, and the subscription process uses a lottery system for oversubscribed issues.	NPR 100		amount	auto-extracted; assign qkey + status in triage (03)
CAND-0800	UNREVIEWED	ch-19-governance-landscape.txt	15		Banks are further required to maintain a minimum promoter shareholding — commonly cited at 51 percent — as a matter of regulatory policy, meaning control is not incidental but mandated.	51 percent		percent	auto-extracted; assign qkey + status in triage (03)
CAND-0801	UNREVIEWED	ch-19-governance-landscape.txt	16		A promoter group holding 51 to 70 percent of a bank's shares elects the board, appoints (or heavily influences the appointment of) the chief executive, and approves related-party transactions through directors who are, in many cases, relatives or business partners of the promoters themselves.	70 percent		percent	auto-extracted; assign qkey + status in triage (03)
CAND-0802	UNREVIEWED	ch-19-governance-landscape.txt	23		Three institutions define the written governance framework that applies to a NEPSE-listed non-financial company: the Companies Act 2063 (2006), the Securities Act 2063 (2006), and the Securities Board of Nepal (SEBON), which issues directives under powers granted by the Securities Act.			nepse	auto-extracted; assign qkey + status in triage (03)
CAND-0803	UNREVIEWED	ch-19-governance-landscape.txt	26		Section 164 requires any listed company with paid-up capital of thirty million rupees or more — a threshold that captures essentially every company that matters on NEPSE — or any partly or fully government-owned company, to form an audit committee.			nepse	auto-extracted; assign qkey + status in triage (03)
CAND-0804	UNREVIEWED	ch-19-governance-landscape.txt	29		Under this authority, SEBON issued a dedicated Corporate Governance Directive for listed companies (implemented from fiscal year 2074/75, i.e., 2018), which goes well beyond the Companies Act's baseline in several respects.	2074/75		fraction	auto-extracted; assign qkey + status in triage (03)
CAND-0805	UNREVIEWED	ch-19-governance-landscape.txt	35		Audit committeeMandatory above Rs 30 million paid-up capital; ≥3 members, non-executive chairMandatory 3-member independent audit assessment committee	Rs 30		amount	auto-extracted; assign qkey + status in triage (03)
CAND-0806	UNREVIEWED	ch-19-governance-landscape.txt	44		The practical force of this authority became visible in 2025, when NRB took action against a large number of banks and financial institutions for regulatory violations, and separately when NIC Asia Bank — one of NEPSE's most closely watched listed commercial banks — came under NRB scrutiny for a cluster of governance failures: allowing promoter family members to open fixed deposit accounts that we			nepse	auto-extracted; assign qkey + status in triage (03)
CAND-0807	UNREVIEWED	ch-19-governance-landscape.txt	51		The proximate cause was credit concentration: commercial banks and finance companies channeled a large share of lending into real estate, housing, and construction, with credit against fixed assets reportedly exceeding 70 percent of commercial bank lending at the peak, and tens of billions of rupees committed to real estate exposure by banks alone.	70 percent		percent	auto-extracted; assign qkey + status in triage (03)
CAND-0808	UNREVIEWED	ch-19-governance-landscape.txt	53		Although savings and credit cooperatives are regulated separately from NEPSE-listed entities and fall under a different ministry rather than SEBON or, in most cases, NRB, Nepal's cooperative crisis of the 2020s is instructive precisely because it shows what governance failure looks like in the near-total absence of external oversight.			nepse	auto-extracted; assign qkey + status in triage (03)
CAND-0809	UNREVIEWED	ch-20-promoter-behaviour.txt	15		Under NRB policy, commercial banks must maintain a minimum promoter shareholding of roughly 51 percent, with any conversion of promoter shares to freely tradable ordinary shares released only in capped batches — commonly cited at around 10 percent of the promoter block at a time — rather than all at once.	51 percent		percent	auto-extracted; assign qkey + status in triage (03)
CAND-0810	UNREVIEWED	ch-20-promoter-behaviour.txt	27		Nepali companies conventionally issue rights shares at par value — commonly Rs 100 — regardless of where the stock is trading in the market, which can be many multiples of par.	Rs 100		amount	auto-extracted; assign qkey + status in triage (03)
CAND-0811	UNREVIEWED	ch-20-promoter-behaviour.txt	32		"A December 2025 commentary on Nepal's banking sector governance captured the pattern directly: loans and business granted to related parties ""often enjoy preferential treatment and crowd out more transparent and competitive borrowers,"" reflecting boards that ""remain heavily influenced by promoter interests."" The investor's defence here is not to expect a smoking gun in the annual report — related-"	December 2025		word_date	auto-extracted; assign qkey + status in triage (03)
CAND-0812	UNREVIEWED	ch-20-promoter-behaviour.txt	34		Because board seats are allocated substantially by shareholding weight, and because promoter shares are locked in and stable while public float is dispersed and largely unvoted, a promoter group with even a plurality — let alone the 51 percent regulatory floor common in banking — can typically fill the board with directors loyal to the family or business group, year after year, without serious con	51 percent		percent	auto-extracted; assign qkey + status in triage (03)
CAND-0813	UNREVIEWED	ch-20-promoter-behaviour.txt	34		The clearest illustration of what happens when this arrangement breaks down is Nepal Credit and Commerce Bank in 2014: an unresolved standoff between two promoter factions — one holding a 51 percent bloc, the other contesting board composition and accusing the first of trying to entrench control — left the bank's board unable to meet for three months, forcing Nepal Rastra Bank to take the unusual 	51 percent		percent	auto-extracted; assign qkey + status in triage (03)
CAND-0814	UNREVIEWED	ch-20-promoter-behaviour.txt	58		Because this segment is thin and because promoter shares already trade at a structural discount to ordinary shares (commonly cited in the 30–50 percent range for banks, reflecting historical NRB pricing conventions and the illiquidity premium demanded by buyers who must hold through remaining restrictions), a single transfer at an unusually low price relative to recent comparable promoter-share tr	50 percent		percent|score_band	auto-extracted; assign qkey + status in triage (03)
CAND-0815	UNREVIEWED	ch-20-promoter-behaviour.txt	78		Promoter behaviour is NEPSE's most underanalysed risk because three structural features compound each other: ownership is unusually concentrated and legally sticky (locked-in promoter shares, a mandated 51 percent promoter floor in banking, capped conversion batches), the enforcement regime is still building capacity relative to peer markets, and related-party disclosure is thin enough that value 	51 percent		percent|nepse	auto-extracted; assign qkey + status in triage (03)
CAND-0816	UNREVIEWED	ch-21-insider-trading.txt	17		Many NEPSE-listed companies — particularly newly listed banks, insurers, hydropower companies, and microfinance institutions — have promoter lock-ins (commonly three years post-IPO under the Securities Registration and Issue Regulation, 2073) that leave only a modest public float actively tradeable.			nepse	auto-extracted; assign qkey + status in triage (03)
CAND-0817	UNREVIEWED	ch-21-insider-trading.txt	23		Recognising this, the government introduced the Securities (First Amendment) Bill, 2024, which proposes to raise penalties substantially: fines reportedly ranging as high as NPR 30 million and prison terms of up to three years, scaled to the value of the transaction involved, along with disgorgement-style repayment obligations.	NPR 30		amount	auto-extracted; assign qkey + status in triage (03)
CAND-0818	UNREVIEWED	ch-21-insider-trading.txt	25		The original Securities Act, 2063 framework (maximum one year imprisonment) remains the operative law until the amendment bill is enacted; the proposed stiffer penalties (up to NPR 30 million in fines and three years' imprisonment) represent pending reform, not yet fully in force.	NPR 30		amount	auto-extracted; assign qkey + status in triage (03)
CAND-0819	UNREVIEWED	ch-21-insider-trading.txt	27		SEBON has publicly signalled an intention to build an AI-based market surveillance system as part of its policy priorities for the 2083/84 fiscal year (2026/27), alongside strengthened cybersecurity and capital market research capacity.	2083/84		fraction	auto-extracted; assign qkey + status in triage (03)
CAND-0820	UNREVIEWED	ch-21-insider-trading.txt	30		Nepal has seen individual enforcement actions — the case against a former chairperson of Ridi Power Company over alleged trading worth roughly NPR 32.3 million, actions against former executives at Nepal Hydro Developer, and investigations touching Corporate Development Bank and Karnali Development Bank following unusual price movements around undisclosed corporate actions or negative regulatory n	NPR 32.3		amount	auto-extracted; assign qkey + status in triage (03)
CAND-0821	UNREVIEWED	ch-21-insider-trading.txt	66		Enforcement has historically been constrained by low statutory penalties (a maximum of one year's imprisonment under the original Act), limited real-time surveillance infrastructure, and episodic rather than systemic detection; a pending amendment bill proposes substantially higher fines (up to roughly NPR 30 million), longer prison terms (up to three years), and expanded investigative powers, inc	NPR 30		amount	auto-extracted; assign qkey + status in triage (03)
CAND-0822	UNREVIEWED	ch-22-conglomerate-crossholdings.txt	47		On lending concentration, Nepal Rastra Bank's traditional Single Obligor Limit capped the credit a bank or financial institution could extend to a single borrower or group of related parties — historically around NPR 25 crore before requiring prior NRB approval for anything larger.	NPR 25		amount	auto-extracted; assign qkey + status in triage (03)
CAND-0823	UNREVIEWED	ch-22-conglomerate-crossholdings.txt	48		On equity cross-holding, NRB's 2025 directive changes also loosened the rules governing how banks and financial institutions themselves may hold shares in other listed companies — reducing the minimum holding period for BFI investment in listed shares and debentures from one year to six months, and removing a prior cap limiting BFIs to selling only 20% of such holdings annually.	20%		percent	auto-extracted; assign qkey + status in triage (03)
CAND-0824	UNREVIEWED	ch-22-conglomerate-crossholdings.txt	49		On directorship and ownership separation, a BAFIA amendment bill introduced in 2024 proposed a more direct structural response to exactly the cross-holding problem this chapter addresses: barring anyone holding more than 1% of a bank's paid-up capital from taking loans from other banks and financial institutions, and disqualifying substantial shareholders whose commercial debt exceeds 1% of paid-u	1%		percent	auto-extracted; assign qkey + status in triage (03)
CAND-0825	UNREVIEWED	ch-22-conglomerate-crossholdings.txt	49		The proposal drew direct pushback from the Nepal Bankers' Association, whose leadership argued that because the roughly NPR 7.5 trillion of bank capital in Nepal belongs predominantly to industrialists already, and because founding promoter-investors have limited ability to exit, the reform risked being unworkable without a longer transition and a larger pool of purely financial (non-business) inv	NPR 7.5		amount	auto-extracted; assign qkey + status in triage (03)
CAND-0826	UNREVIEWED	ch-22-conglomerate-crossholdings.txt	50		"On systemic recognition, NRB's Domestic Systemically Important Bank framework — covering the ten largest banks and phasing in additional capital buffers from 2027 — explicitly weights ""interconnectedness"" at 30% of its assessment methodology, alongside financial size, substitutability, and complexity."	30%		percent	auto-extracted; assign qkey + status in triage (03)
CAND-0827	UNREVIEWED	ch-22-conglomerate-crossholdings.txt	69		In Nepal, that assumption fails whenever the bank and the hydropower company sit under the same promoter group, because their fates are linked through exactly the contagion, circular-financing, and shared-capital mechanisms described in Lesson 22.3, regardless of how different their reported sector classifications look on a NEPSE sector screen.			nepse	auto-extracted; assign qkey + status in triage (03)
CAND-0828	UNREVIEWED	ch-23-governance-scoring.txt	9		It is usually a story — a rights issue that diluted minority shareholders the week before a related party got a favourable loan, an AGM that was adjourned twice without explanation, a promoter family whose shareholding quietly slipped from 51 percent to 34 percent over three years while the share price was propped up by retail enthusiasm.	51 percent		percent	auto-extracted; assign qkey + status in triage (03)
CAND-0829	UNREVIEWED	ch-23-governance-scoring.txt	9		It cannot be taught to a junior analyst, it cannot be back-tested, it cannot be applied consistently across the 250-plus companies listed on NEPSE, and it is vulnerable to the single greatest bias in equity investing: the tendency to excuse the governance failures of a stock you already own and to see them everywhere in a stock you do not.			nepse	auto-extracted; assign qkey + status in triage (03)
CAND-0830	UNREVIEWED	ch-23-governance-scoring.txt	15		A score that sits on a defined 0–12 scale, with defined bands, converts a vague unease into a specific, repeatable portfolio rule — discussed in Lesson 23.5.	0–12		score_band	auto-extracted; assign qkey + status in triage (03)
CAND-0831	UNREVIEWED	ch-23-governance-scoring.txt	26		A promoter holding 45 percent of shares tells you very little in isolation; a promoter holding that fell from 58 percent to 45 percent over three annual reports tells you a great deal, and the direction is more informative than the level.	45 percent		percent	auto-extracted; assign qkey + status in triage (03)
CAND-0832	UNREVIEWED	ch-23-governance-scoring.txt	54		Comparing NEPSE shareholding disclosures across the past four annual reports, the promoter group's stake has moved from 51 percent to 49 percent, entirely explained by a mandatory public share issuance requirement rather than any promoter sale.	51 percent		percent|nepse	auto-extracted; assign qkey + status in triage (03)
CAND-0833	UNREVIEWED	ch-23-governance-scoring.txt	63		A bank trading at 1.1x book that would otherwise justify 1.3x book on pure return-on-equity and growth grounds, but whose governance score sits at a C, might reasonably be capped at a target of 1.0–1.1x book precisely because of the governance discount — the market's own skepticism about weak-governance names, reflected in a persistently lower multiple, is not a mispricing to arbitrage but a ratio	0–1		score_band	auto-extracted; assign qkey + status in triage (03)
CAND-0834	UNREVIEWED	ch-23-governance-scoring.txt	78		Each dimension is scored 0–2 from public annual reports, AGM notices, and NEPSE/SEBON filings, summed into a 0–12 total, and mapped to an A–D grade band that has direct portfolio meaning.	0–2		score_band|nepse	auto-extracted; assign qkey + status in triage (03)
CAND-0835	UNREVIEWED	ch-24-reading-financial-statements.txt	11		The output of this process is the Nepal Financial Reporting Standards (NFRS), pronounced in their most recent comprehensive form as NFRS 2018 by the Nepal Chartered Accountants Council in mid-2020, with staggered effective dates: most standards became mandatory from the fiscal year beginning mid-July 2020 (Shrawan 2077), but the two most consequential standards for financial-sector entities — NFRS	July 2020		word_date	auto-extracted; assign qkey + status in triage (03)
CAND-0836	UNREVIEWED	ch-24-reading-financial-statements.txt	19		NRB also constrains how banks compute loss-given-default: banks must use their own historical recovery experience where reliable data exists; failing that, they must apply valuation-based recovery estimates net of a prescribed haircut on collateral fair value (commonly a haircut in the order of 25 percent to arrive at net realizable value, with collateral that has remained unrealized for an extend	25 percent		percent	auto-extracted; assign qkey + status in triage (03)
CAND-0837	UNREVIEWED	ch-24-reading-financial-statements.txt	24		"Two numbers on a bank's results that look similar but mean very different things: ""profit for the year"" (the NFRS bottom line, after tax) and ""distributable profit"" or ""free profit"" (what remains available for dividend and bonus share distribution after the regulatory reserve transfer, minority interest adjustments, and any statutory general reserve appropriation under the Companies Act and BAFIA,"	20 percent		percent	auto-extracted; assign qkey + status in triage (03)
CAND-0838	UNREVIEWED	ch-24-reading-financial-statements.txt	25		Second, employee bonus: under the Bonus Act, 2030, Nepali companies — banks very much included — are required to set aside a statutory percentage of pre-bonus, pre-tax profit (a figure commonly cited at around 10 percent, subject to caps under subsequent amendments) for employee bonus distribution, which is expensed before arriving at profit before tax and materially affects any attempt to compare	10 percent		percent	auto-extracted; assign qkey + status in triage (03)
CAND-0839	UNREVIEWED	ch-24-reading-financial-statements.txt	57		NAS (pre-2018 vintage)Older IAS suiteEffective from roughly 2013 pronouncementSuperseded standards; still relevant when reading pre-2020/21 comparative figures in long-run trend analysis	2020/21		fraction	auto-extracted; assign qkey + status in triage (03)
CAND-0840	UNREVIEWED	ch-24-reading-financial-statements.txt	58		NFRS 2018 (general suite)IFRS as at 1 January 2018Mandatory from FY beginning mid-July 2020Covers most standards: presentation, PP&E, leases (NFRS 16), income taxes, employee benefits	1 January		word_date	auto-extracted; assign qkey + status in triage (03)
CAND-0841	UNREVIEWED	ch-24-reading-financial-statements.txt	66		NFRS itself is a convergence project, not a mirror of IFRS; it lags the IASB's own timetable by design, was most recently pronounced comprehensively in 2018 with staggered effective dates running from 2020 through 2023 for its most complex standards, and applies in full only to publicly accountable entities, a category that automatically includes every company listed on NEPSE.			nepse	auto-extracted; assign qkey + status in triage (03)
CAND-0842	UNREVIEWED	ch-25-balance-sheet.txt	9		A hydropower company can report a profitable quarter while its balance sheet quietly discloses that receivables from the Nepal Electricity Authority have stretched to eight months and working capital is being funded by short-term debt at 13 percent.	13 percent		percent	auto-extracted; assign qkey + status in triage (03)
CAND-0843	UNREVIEWED	ch-25-balance-sheet.txt	12		It is the reason a bank with an 18 percent return on equity can still be a poor investment if its capital adequacy ratio is drifting toward the regulatory floor, and the reason a manufacturing company with flat profit can be a better investment than a fast-growing peer if its balance sheet carries a fraction of the debt.	18 percent		percent	auto-extracted; assign qkey + status in triage (03)
CAND-0844	UNREVIEWED	ch-25-balance-sheet.txt	15		A commercial bank with paid-up capital and reserves of NPR 15 billion routinely carries a balance sheet of NPR 150–200 billion, funded overwhelmingly by depositors' money.	NPR 15		amount|score_band	auto-extracted; assign qkey + status in triage (03)
CAND-0845	UNREVIEWED	ch-25-balance-sheet.txt	15		A 2 percent impairment on a loan book funded eleven times over by deposits can wipe out a meaningful share of shareholder equity.	2 percent		percent	auto-extracted; assign qkey + status in triage (03)
CAND-0846	UNREVIEWED	ch-25-balance-sheet.txt	25		Equity, for a non-financial company, is composed of paid-up share capital (the nominal value of shares issued, generally NPR 100 per share for most NEPSE-listed companies at issuance, though this diverges from market price over time), share premium (for companies that have issued shares above par, typically through rights issues or FPOs), reserves — general reserve, retained earnings, and, importa	NPR 100		amount|nepse	auto-extracted; assign qkey + status in triage (03)
CAND-0847	UNREVIEWED	ch-25-balance-sheet.txt	40		Pass (Good)Principal and interest not overdue, or overdue up to 1 month1%	1%		percent	auto-extracted; assign qkey + status in triage (03)
CAND-0848	UNREVIEWED	ch-25-balance-sheet.txt	41		WatchlistOverdue 1–3 months, or performing loans showing early warning signs (restructured, under litigation, or to a borrower with other classified loans)5%	5%		percent|score_band	auto-extracted; assign qkey + status in triage (03)
CAND-0849	UNREVIEWED	ch-25-balance-sheet.txt	42		SubstandardPrincipal or interest overdue 3–6 months25%	25%		percent|score_band	auto-extracted; assign qkey + status in triage (03)
CAND-0850	UNREVIEWED	ch-25-balance-sheet.txt	43		DoubtfulPrincipal or interest overdue 6–12 months50%	50%		percent|score_band	auto-extracted; assign qkey + status in triage (03)
CAND-0851	UNREVIEWED	ch-25-balance-sheet.txt	44		LossPrincipal or interest overdue beyond 12 months, or otherwise deemed unrecoverable100%	100%		percent	auto-extracted; assign qkey + status in triage (03)
CAND-0852	UNREVIEWED	ch-25-balance-sheet.txt	49		Under NRB's Basel III-aligned Capital Adequacy Framework, commercial banks must maintain a minimum Common Equity Tier 1 (core equity) ratio, a minimum Tier 1 (core capital) ratio, and a minimum total capital fund ratio, each measured against risk-weighted assets, with an additional capital conservation buffer layered on top — bringing the effective minimum total capital adequacy ratio that most co	11 percent		percent	auto-extracted; assign qkey + status in triage (03)
CAND-0853	UNREVIEWED	ch-25-balance-sheet.txt	70		A hydropower company's balance sheet notes typically disclose receivables ageing — how much of the amount due from the NEA is 0–3 months old, how much is 3–6 months old, and how much is older still.	0–3		score_band	auto-extracted; assign qkey + status in triage (03)
CAND-0854	UNREVIEWED	ch-25-balance-sheet.txt	84		Build a standing checklist you apply to every NEPSE balance sheet before making a buy decision: (1) receivables growth versus revenue growth; (2) revaluation reserve as a share of total equity; (3) contingent liabilities as a multiple of net worth; (4) for BFIs, the watchlist-plus-NPL ratio trend over eight quarters and the capital adequacy buffer above the regulatory minimum; (5) short-term borro			nepse	auto-extracted; assign qkey + status in triage (03)
CAND-0855	UNREVIEWED	ch-26-income-statement.txt	16		This single line typically explains 55 to 70 percent of a bank's operating income, and its trajectory over four to eight quarters tells the investor more about the bank's core franchise health than any other single number in the filing.	70 percent		percent	auto-extracted; assign qkey + status in triage (03)
CAND-0856	UNREVIEWED	ch-26-income-statement.txt	20		NRB's loan classification framework divides loans into five categories — Pass (up to 1 percent provisioning), Watchlist (5 percent), Substandard (25 percent), Doubtful (50 percent), and Loss (100 percent) — each carrying escalating general or specific loan loss provisioning requirements.	1 percent		percent	auto-extracted; assign qkey + status in triage (03)
CAND-0857	UNREVIEWED	ch-26-income-statement.txt	31		The overwhelming majority of NEPSE-listed hydropower companies sell their entire output to NEA under a PPA with a tenor typically running 20 to 35 years from commercial operation date.			nepse	auto-extracted; assign qkey + status in triage (03)
CAND-0858	UNREVIEWED	ch-26-income-statement.txt	61		"A bonus share issue capitalises a portion of a company's free reserves (retained earnings, and in banks' case, subject to NRB approval and minimum capital adequacy conditions) into additional paid-up share capital, distributed to existing shareholders pro rata — commonly expressed as, for example, ""10 percent bonus,"" meaning 10 new shares for every 100 held."	10 percent		percent	auto-extracted; assign qkey + status in triage (03)
CAND-0859	UNREVIEWED	ch-26-income-statement.txt	61		This is economically identical to a stock split, and it is why, immediately following a bonus issue, NEPSE mechanically adjusts the stock's opening price downward on an ex-bonus basis — a company trading at Rs 500 before a 10 percent bonus opens at approximately Rs 455 (500 ÷ 1.10) ex-bonus, with the shareholder now holding 10 percent more shares at the lower price, net wealth unchanged before any	10 percent		percent|amount|nepse	auto-extracted; assign qkey + status in triage (03)
CAND-0860	UNREVIEWED	ch-26-income-statement.txt	65		If a company shows EPS falling from, say, Rs 25 to Rs 20 purely because a 25 percent bonus was issued and profit stayed flat, this is not a deterioration in profitability — it is Rs 25 profit-per-100-old-shares becoming Rs 20 profit-per-125-new-shares, mathematically identical wealth, differently sliced.	25 percent		percent|amount	auto-extracted; assign qkey + status in triage (03)
CAND-0861	UNREVIEWED	ch-26-income-statement.txt	70		"Nepali listed companies, particularly banks, conventionally announce a combined ""dividend"" figure at the annual general meeting stage that bundles a cash dividend percentage and a bonus share percentage together — for example, ""20 percent dividend"" might mean 15 percent bonus plus 5 percent cash, or some other split, and the split matters enormously to an investor's actual realised cash return ver"	20 percent		percent	auto-extracted; assign qkey + status in triage (03)
CAND-0862	UNREVIEWED	ch-26-income-statement.txt	72		"A bank offering ""12 percent dividend"" that is entirely bonus shares returns no cash to the shareholder at all — it only increases the share count, with the market price adjusting downward correspondingly on the ex-dividend date."	12 percent		percent	auto-extracted; assign qkey + status in triage (03)
CAND-0863	UNREVIEWED	ch-26-income-statement.txt	94		Note that hydropower is the one major NEPSE sector without a dedicated financial-reporting regulator prescribing an income statement format — NRB prescribes format for banks, the Nepal Insurance Authority prescribes format for insurers, but hydropower companies follow only the general NFRS-based Companies Act format, applying their own accounting policy choices (particularly around IFRIC 12 and ca			nepse	auto-extracted; assign qkey + status in triage (03)
CAND-0864	UNREVIEWED	ch-26-income-statement.txt	96		The income statement of a NEPSE-listed company cannot be read through a single generic template because the underlying economics of banking, hydropower generation, and insurance are fundamentally different businesses that NFRS and sector regulators require to be presented differently; a bank's core signal is net interest income and the impairment charge shaped by NRB's loan classification and inte			nepse	auto-extracted; assign qkey + status in triage (03)
CAND-0865	UNREVIEWED	ch-27-cash-flow-statement.txt	46		A healthy, mature company typically shows a ratio at or above 0.8–1.0 sustained over a three-year average.	8–1		score_band	auto-extracted; assign qkey + status in triage (03)
CAND-0866	UNREVIEWED	ch-28-red-flags.txt	13		NEPSE's free float in most counters is a small fraction of total paid-up capital, and daily traded volume in a majority of listed scrips is thin enough that a coordinated group of a few dozen traders can move a stock 5 to 10 percent in a session.	10 percent		percent|nepse	auto-extracted; assign qkey + status in triage (03)
CAND-0867	UNREVIEWED	ch-29-banking-accounting.txt	9		Nineteen months later, that same institution's non-performing loans stood at 40.85 percent of its portfolio, its capital had evaporated, and Nepal Rastra Bank walked in under Section 86(B) of the NRB Act to take the institution's management away from its own board.	40.85 percent		percent	auto-extracted; assign qkey + status in triage (03)
CAND-0868	UNREVIEWED	ch-29-banking-accounting.txt	18		"A bank overly reliant on fixed deposits — sector-wide fixed deposits made up roughly 48 percent of total funding as of mid-August 2025 — carries a higher cost of funds and is more exposed to the ""differential"" wars that break out whenever liquidity tightens, as banks bid up FD rates against each other to retain depositors."	48 percent		percent|word_date	auto-extracted; assign qkey + status in triage (03)
CAND-0869	UNREVIEWED	ch-29-banking-accounting.txt	33		PassCurrent, or overdue up to 1 month1.25%	1.25%		percent	auto-extracted; assign qkey + status in triage (03)
CAND-0870	UNREVIEWED	ch-29-banking-accounting.txt	34		WatchlistOverdue 1–3 months; or negative cash flows for 3 consecutive years; or other qualitative stress signals5%	5%		percent|score_band	auto-extracted; assign qkey + status in triage (03)
CAND-0871	UNREVIEWED	ch-29-banking-accounting.txt	35		Substandard (Non-performing)Overdue 3–6 months25%	25%		percent|score_band	auto-extracted; assign qkey + status in triage (03)
CAND-0872	UNREVIEWED	ch-29-banking-accounting.txt	36		Doubtful (Non-performing)Overdue 6–12 months50%	50%		percent|score_band	auto-extracted; assign qkey + status in triage (03)
CAND-0873	UNREVIEWED	ch-29-banking-accounting.txt	37		Loss (Non-performing)Overdue more than 12 months100%	100%		percent	auto-extracted; assign qkey + status in triage (03)
CAND-0874	UNREVIEWED	ch-29-banking-accounting.txt	38		Restructured and rescheduled loans sit in a special sub-bucket, provisioned at rates that vary with the underlying reason for restructuring and the loan's original classification — ranging roughly from 12.5 percent up toward the full provisioning rate applicable to the category the loan would otherwise have fallen into.	12.5 percent		percent	auto-extracted; assign qkey + status in triage (03)
CAND-0875	UNREVIEWED	ch-29-banking-accounting.txt	41		Second, the entire loan book (not just the non-performing portion) carries some provisioning — even a fully current, fully performing Pass loan carries a mandatory 1.25 percent general provision.	1.25 percent		percent	auto-extracted; assign qkey + status in triage (03)
CAND-0876	UNREVIEWED	ch-29-banking-accounting.txt	54		Because the shift to full NFRS 9 ECL had the potential to create a sudden capital shock for banks with previously under-provisioned books, NRB built in a transitional arrangement: a four-year adjustment window (spanning fiscal years 2081/82 through 2084/85) during which banks receive CET1 capital relief against the Day 1 impact of ECL adoption, declining from roughly 80 percent relief in the first	80 percent		percent|fraction	auto-extracted; assign qkey + status in triage (03)
CAND-0877	UNREVIEWED	ch-29-banking-accounting.txt	59		The framework requires commercial banks to maintain a minimum Capital Adequacy Ratio (CAR) — total qualifying capital divided by risk-weighted assets — of 11 percent, of which minimum core capital (Tier 1, essentially paid-up equity capital, share premium, and retained earnings, net of specified deductions) must be at least 8.5 percent.	11 percent		percent	auto-extracted; assign qkey + status in triage (03)
CAND-0878	UNREVIEWED	ch-29-banking-accounting.txt	59		The balance between the 8.5 percent Tier 1 floor and the 11 percent total floor can be met with supplementary (Tier 2) capital — general loan loss provisions up to a specified limit, subordinated debt instruments, and revaluation reserves, among other qualifying items.	8.5 percent		percent	auto-extracted; assign qkey + status in triage (03)
CAND-0879	UNREVIEWED	ch-29-banking-accounting.txt	61		NRB's minimum requirements are 11% total Capital Adequacy Ratio and 8.5% minimum Tier 1 (core capital) ratio, both computed against risk-weighted assets under the New Capital Adequacy Framework.	11%		percent	auto-extracted; assign qkey + status in triage (03)
CAND-0880	UNREVIEWED	ch-29-banking-accounting.txt	61		As of mid-August 2025, the commercial banking sector as a whole reported an average CAR of roughly 13.14%, comfortably above the floor — but sector averages conceal considerable dispersion between individual banks, some of which run much closer to the regulatory minimum than the headline average suggests.	13.14%		percent|word_date	auto-extracted; assign qkey + status in triage (03)
CAND-0881	UNREVIEWED	ch-29-banking-accounting.txt	62		In one NRB-compliance snapshot (Chaitra-end 2078), Standard Chartered Bank Nepal reported the highest CAR in the sector at 15.90 percent, while Himalayan Bank Limited reported the lowest compliant figure at 11.61 percent — barely above the 11 percent floor.	15.90 percent		percent	auto-extracted; assign qkey + status in triage (03)
CAND-0882	UNREVIEWED	ch-29-banking-accounting.txt	62		On core capital, NIC Asia Bank and Prabhu Bank both reported Tier 1 ratios in the 8.54–8.70 percent range — again, only marginally above the 8.5 percent minimum.	8.70 percent		percent|score_band	auto-extracted; assign qkey + status in triage (03)
CAND-0883	UNREVIEWED	ch-29-banking-accounting.txt	64		A bank sitting at 11.6% CAR against a floor of 11% has almost no room to absorb a deterioration in risk-weighted assets before breaching the regulatory minimum — a single adverse quarter of loan downgrades, each migration from Pass to a higher-risk-weight or non-performing category pulling capital down further, can move such a bank from compliant to non-compliant within two or three reporting cycl	11.6%		percent	auto-extracted; assign qkey + status in triage (03)
CAND-0884	UNREVIEWED	ch-29-banking-accounting.txt	64		A bank at 15–16% CAR has genuine shock-absorbing capacity.	16%		percent|score_band	auto-extracted; assign qkey + status in triage (03)
CAND-0885	UNREVIEWED	ch-29-banking-accounting.txt	65		Karnali Development Bank was placed under PCA in November 2024 after failing to maintain its required capital adequacy ratio; when that measure proved insufficient against the bank's deteriorating position — non-performing loans that had by then reached 40.85 percent of its portfolio, compounded by weak institutional governance and a liquidity crunch that left it unable to meet deposit repayment o	40.85 percent		percent|word_date	auto-extracted; assign qkey + status in triage (03)
CAND-0886	UNREVIEWED	ch-29-banking-accounting.txt	68		At the other end of the spectrum, sector-wide non-performing loans stood at roughly 4.62 percent as of mid-August 2025, with sector-wide loan loss provisions running about 5.09 percent of total loans — figures that look moderate in isolation but that NRB and market commentary have flagged as trending upward against a backdrop of high credit-to-GDP exposure (above 91 percent) and heavy reliance on 	4.62 percent		percent|word_date	auto-extracted; assign qkey + status in triage (03)
CAND-0887	UNREVIEWED	ch-29-banking-accounting.txt	71		Pull the CAR and Tier 1 ratio, and measure the distance to the 11 percent and 8.5 percent floors respectively, not just whether the bank clears them.	11 percent		percent	auto-extracted; assign qkey + status in triage (03)
CAND-0888	UNREVIEWED	ch-29-banking-accounting.txt	76		"A five-line ""bank scorecard"" worth keeping for every NEPSE-listed bank you follow: (1) CAR and distance from 11% floor, (2) NPL ratio and its year-over-year trend, (3) NIM and its trend, (4) Regulatory Reserve as a percentage of total reserves, and (5) restructured/rescheduled loans as a percentage of the total loan book."	11%		percent|nepse	auto-extracted; assign qkey + status in triage (03)
CAND-0889	UNREVIEWED	ch-29-banking-accounting.txt	77		Finally, situate the bank within its sector context: compare its CAR, NPL ratio, and NIM against sector averages (roughly 13 percent CAR, 4.6 percent NPL, and provisioning near 5 percent of loans as of the most recent NRB-referenced figures), and ask whether the bank is an outlier in a direction that matters — a bank meaningfully below sector CAR or meaningfully above sector NPL deserves closer sc	13 percent		percent	auto-extracted; assign qkey + status in triage (03)
CAND-0890	UNREVIEWED	ch-29-banking-accounting.txt	83		Loan classification and provisioning form the load-bearing mechanical core of bank accounting in Nepal: a five-tier system — Pass (1.25% provision), Watchlist (5%), Substandard (25%), Doubtful (50%), and Loss (100%) — driven primarily by days-past-due counts rather than management discretion, with restructured and rescheduled loans forming a special, closely-watched sub-category that is often wher	1.25%		percent	auto-extracted; assign qkey + status in triage (03)
CAND-0891	UNREVIEWED	ch-29-banking-accounting.txt	85		Capital adequacy — a minimum 11 percent CAR with at least 8.5 percent in Tier 1 core capital — is the ratio that ultimately decides institutional survival, and the Karnali Development Bank episode of late 2024, moving from Prompt Corrective Action to full NRB management takeover under Section 86(B) of the NRB Act, is the clearest recent demonstration of how capital inadequacy, asset-quality deteri	11 percent		percent	auto-extracted; assign qkey + status in triage (03)
CAND-0892	UNREVIEWED	ch-29-banking-accounting.txt	85		Sector averages — roughly 13 percent CAR and 4.6 percent NPL as of mid-2025 — describe the system in aggregate, but individual banks can sit far closer to the regulatory floor than the average suggests, and only a bank-by-bank check of distance-to-floor reveals that.	13 percent		percent	auto-extracted; assign qkey + status in triage (03)
CAND-0893	UNREVIEWED	ch-30-development-bank-finance.txt	18		In its Monetary Policy for FY 2072/73 (2015/16), NRB quadrupled the minimum paid-up capital requirement for commercial banks from Rs 2 billion to Rs 8 billion, and imposed proportionate multiples on development banks and finance companies: national-level development banks were required to raise minimum paid-up capital from roughly Rs 640 million to Rs 2.5 billion, while national-level finance comp	2072/73		fraction|amount	auto-extracted; assign qkey + status in triage (03)
CAND-0894	UNREVIEWED	ch-30-development-bank-finance.txt	18		Governor Chiranjibi Nepal gave the industry until mid-July 2017 — roughly two years — to comply.	July 2017		word_date	auto-extracted; assign qkey + status in triage (03)
CAND-0895	UNREVIEWED	ch-30-development-bank-finance.txt	20		"The 2015 capital hike (Monetary Policy FY 2072/73) is the single regulatory event most responsible for the shape of today's ""B"" and ""C"" class tier on NEPSE."	2072/73		fraction|nepse	auto-extracted; assign qkey + status in triage (03)
CAND-0896	UNREVIEWED	ch-30-development-bank-finance.txt	20		Commercial banks: Rs 2 billion to Rs 8 billion.	Rs 2		amount	auto-extracted; assign qkey + status in triage (03)
CAND-0897	UNREVIEWED	ch-30-development-bank-finance.txt	20		National-level development banks: roughly Rs 640 million to Rs 2.5 billion.	Rs 640		amount	auto-extracted; assign qkey + status in triage (03)
CAND-0898	UNREVIEWED	ch-30-development-bank-finance.txt	20		National-level finance companies: roughly Rs 300 million to Rs 800 million.	Rs 300		amount	auto-extracted; assign qkey + status in triage (03)
CAND-0899	UNREVIEWED	ch-30-development-bank-finance.txt	21		By mid-March 2022, those numbers had fallen to 27 commercial banks, 17 development banks, and 17 finance companies.	March 2022		word_date	auto-extracted; assign qkey + status in triage (03)
CAND-0900	UNREVIEWED	ch-30-development-bank-finance.txt	32		"NRB's Unified Directives cap the credit that any BFI can extend to a single borrower or borrower group as a percentage of the institution's core capital — a limit that scales with the institution's absolute capital base rather than its class label, but which functions very differently in practice for a commercial bank with Rs 8 billion-plus of paid-up capital than for a ""B"" or ""C"" class institutio"	Rs 8		amount	auto-extracted; assign qkey + status in triage (03)
CAND-0901	UNREVIEWED	ch-30-development-bank-finance.txt	40		NRB's remediation framework required these institutions to rebuild toward 25 percent of the new (post-2015) minimum paid-up capital requirement to be removed from problematic status, with a further two-year runway to reach full compliance thereafter.	25 percent		percent	auto-extracted; assign qkey + status in triage (03)
CAND-0902	UNREVIEWED	ch-30-development-bank-finance.txt	47		"A ""B"" or ""C"" class institution with a fixed-deposit share meaningfully above 60-65% of total deposits should be modelled with a higher deposit-repricing sensitivity than a commercial bank with a more balanced CASA (current and savings account) mix, because term deposits reprice to market on maturity in a way current and savings balances do not."	65%		percent|score_band	auto-extracted; assign qkey + status in triage (03)
CAND-0903	UNREVIEWED	ch-30-development-bank-finance.txt	51		"A four-line screening checklist for any ""B"" or ""C"" class stock before you go further: (1) fixed/term deposits as a share of total deposits — above roughly 60-65% deserves scrutiny; (2) number of predecessor institutions merged into the current entity and years since the most recent merger closed; (3) sector concentration in the loan book — agriculture, hydropower, real estate, or margin lending ex"	65%		percent|score_band	auto-extracted; assign qkey + status in triage (03)
CAND-0904	UNREVIEWED	ch-30-development-bank-finance.txt	55		"""B"" Development Bank~Rs 640 millionRs 2.5 billionNationwide (national-level); narrower for regional/district-level institutions"	Rs 640		amount	auto-extracted; assign qkey + status in triage (03)
CAND-0905	UNREVIEWED	ch-30-development-bank-finance.txt	56		"""C"" Finance Company~Rs 300 millionRs 800 millionNationwide (national-level, 4-10+ districts); narrower for smaller-area institutions"	Rs 300		amount|score_band	auto-extracted; assign qkey + status in triage (03)
CAND-0906	UNREVIEWED	ch-30-development-bank-finance.txt	57		Table: illustrative BFI count decline reflecting NRB-driven consolidation (based on NRB Research Department figures for peak-2012 and mid-March 2022).	March 2022		word_date	auto-extracted; assign qkey + status in triage (03)
CAND-0907	UNREVIEWED	ch-30-development-bank-finance.txt	58		Institution ClassPeak Count (~2012)Count (Mid-March 2022)Approximate Decline	March 2022		word_date	auto-extracted; assign qkey + status in triage (03)
CAND-0908	UNREVIEWED	ch-30-development-bank-finance.txt	59		"""A"" Commercial Banks3227~16%"	16%		percent	auto-extracted; assign qkey + status in triage (03)
CAND-0909	UNREVIEWED	ch-30-development-bank-finance.txt	60		"""B"" Development Banks8817~81%"	81%		percent	auto-extracted; assign qkey + status in triage (03)
CAND-0910	UNREVIEWED	ch-30-development-bank-finance.txt	61		"""C"" Finance Companies7717~78%"	78%		percent	auto-extracted; assign qkey + status in triage (03)
CAND-0911	UNREVIEWED	ch-30-development-bank-finance.txt	74		The 2015 capital directive that raised commercial bank minimum paid-up capital from Rs 2 billion to Rs 8 billion, national development bank capital from roughly Rs 640 million to Rs 2.5 billion, and national finance company capital from roughly Rs 300 million to Rs 800 million, triggered a decade of forced consolidation that shrank the development bank population from 88 to 17 and the finance comp	Rs 2		amount	auto-extracted; assign qkey + status in triage (03)
CAND-0912	UNREVIEWED	ch-31-microfinance-accounting.txt	9		Behind a microfinance company's reported 20 percent return on equity can sit ten thousand overlapping, uncollateralized loans made to the same few hundred rural households — households who took a second loan to service the first.	20 percent		percent	auto-extracted; assign qkey + status in triage (03)
CAND-0913	UNREVIEWED	ch-31-microfinance-accounting.txt	20		"NRB requires ""A"" class commercial banks to direct a defined share of their loan portfolio into designated priority categories: a minimum of roughly 10 percent to agriculture, a combined minimum of about 20 percent across tourism, micro, small and medium enterprises, energy, information technology, and export-oriented businesses using domestic raw materials, and at least 5 percent to the ""deprived "	10 percent		percent	auto-extracted; assign qkey + status in triage (03)
CAND-0914	UNREVIEWED	ch-31-microfinance-accounting.txt	25		A retail MFI drawing 70 to 90 percent of its liabilities from a handful of commercial-bank wholesale lines has effectively no lender of last resort and no depositor base to fall back on if a lending bank pulls a credit line during a stress episode — which is exactly the kind of correlated, pro-cyclical behaviour that showed up across the sector as bank credit committees grew cautious on MFI wholes	90 percent		percent	auto-extracted; assign qkey + status in triage (03)
CAND-0915	UNREVIEWED	ch-31-microfinance-accounting.txt	26		When NRB data shows wholesale-MFI non-performing loans at roughly 2.9 percent against retail-MFI non-performing loans north of 7 percent, that gap is the funding-structure distinction made visible in the numbers.	2.9 percent		percent	auto-extracted; assign qkey + status in triage (03)
CAND-0916	UNREVIEWED	ch-31-microfinance-accounting.txt	28		An MFI with 85 percent wholesale funding concentrated in three lending banks is a fundamentally different risk than one with a broad deposit base.	85 percent		percent	auto-extracted; assign qkey + status in triage (03)
CAND-0917	UNREVIEWED	ch-31-microfinance-accounting.txt	31		In 2016, NRB capped the interest rate spread — the gap between an MFI's cost of funds and its lending rate — at 7 percentage points, forcing MFIs whose cost of borrowing rose to either compress margin or push lending rates up within that spread ceiling.	7 percent		percent	auto-extracted; assign qkey + status in triage (03)
CAND-0918	UNREVIEWED	ch-31-microfinance-accounting.txt	31		By late 2023, NRB's own internal study concluded that a flat 15 percent lending-rate ceiling then in force was economically unworkable for smaller, higher-cost-structure MFIs, and recommended moving to a spread-based, cost-reflective framework instead of an absolute cap.	15 percent		percent	auto-extracted; assign qkey + status in triage (03)
CAND-0919	UNREVIEWED	ch-31-microfinance-accounting.txt	32		It first affirmed a hard 15 percent maximum lending rate applicable to microfinance loans generally, then, for loans disbursed from Shrawan 1, 2082 (July 16, 2025) onward, replaced the flat cap with a base-rate-plus-spread system: each MFI must compute its own base rate from its actual cost of funds, administrative costs, and loan-loss risk, and may add no more than 3 percentage points on top of t	15 percent		percent	auto-extracted; assign qkey + status in triage (03)
CAND-0920	UNREVIEWED	ch-31-microfinance-accounting.txt	32		Loans disbursed before that date continue to be governed by the 15 percent absolute ceiling until they mature or are rolled over.	15 percent		percent	auto-extracted; assign qkey + status in triage (03)
CAND-0921	UNREVIEWED	ch-31-microfinance-accounting.txt	32		Under the new regime, an MFI publishing a base rate of 11 percent can charge borrowers a maximum of 14 percent — a materially different economic outcome from a flat 15 percent ceiling for an MFI whose true cost structure sits below the old cap.	11 percent		percent	auto-extracted; assign qkey + status in triage (03)
CAND-0922	UNREVIEWED	ch-31-microfinance-accounting.txt	34		Two rate regimes now coexist on a typical MFI's book: legacy loans disbursed before Shrawan 1, 2082 remain capped at a flat 15 percent; new loans disbursed after that date are governed by base rate + maximum 3 percent spread, recalculated quarterly.	15 percent		percent	auto-extracted; assign qkey + status in triage (03)
CAND-0923	UNREVIEWED	ch-31-microfinance-accounting.txt	37		2016 onwardInterest rate spread capped at 7 percentage points over cost of fundsTies lending rate mechanically to funding cost; margin protected but capped	7 percent		percent	auto-extracted; assign qkey + status in triage (03)
CAND-0924	UNREVIEWED	ch-31-microfinance-accounting.txt	38		Through late 2023Flat 15% maximum lending rateSimple to enforce, but penalises smaller/higher-cost MFIs disproportionately; NRB study flags this as unsustainable for the sector's cost structure	15%		percent	auto-extracted; assign qkey + status in triage (03)
CAND-0925	UNREVIEWED	ch-31-microfinance-accounting.txt	39		From Shrawan 1, 2082 (16 Jul 2025) — new loansBase rate (own cost of funds + admin cost + risk premium) + maximum 3 percentage point spread, reviewed quarterlyCost-reflective pricing; margin protection tied to genuine efficiency rather than a uniform ceiling; legacy loans continue under 15% cap until maturity	3 percent		percent|word_date	auto-extracted; assign qkey + status in triage (03)
CAND-0926	UNREVIEWED	ch-31-microfinance-accounting.txt	47		Because the great majority of MFI lending is genuinely uncollateralized — NRB data on the sector shows roughly 85 percent of outstanding microfinance loans carrying no physical collateral at all — recovery on a defaulted MFI loan is fundamentally different from recovery on a defaulted, collateralized commercial bank loan.	85 percent		percent	auto-extracted; assign qkey + status in triage (03)
CAND-0927	UNREVIEWED	ch-31-microfinance-accounting.txt	53		NRB data for retail MFIs showed the reported NPL ratio rising from 6.17 percent at the end of Asar 2081 to 7.25 percent at the end of Asar 2082 — a 27 percent year-on-year increase in the ratio — while total loan-loss provisioning for retail MFIs grew to roughly Rs 26.24 billion, of which about Rs 15.71 billion was specifically earmarked against non-performing loans, itself up nearly 18 percent ye	6.17 percent		percent|amount	auto-extracted; assign qkey + status in triage (03)
CAND-0928	UNREVIEWED	ch-31-microfinance-accounting.txt	53		Wholesale MFIs, lending through institutional intermediaries rather than directly to end borrowers, showed a materially lower but still rising NPL ratio of about 2.93 percent, up 13 percent year-on-year, with total provisioning around Rs 2.19 billion.	2.93 percent		percent|amount	auto-extracted; assign qkey + status in triage (03)
CAND-0929	UNREVIEWED	ch-31-microfinance-accounting.txt	53		And by mid-April 2026, sector-wide data reported in the financial press showed the picture had deteriorated further still: an aggregate MFI non-performing loan ratio of 11.32 percent, up sharply from about 7 percent just nine months earlier, with total bad loans across the sector reaching roughly Rs 54.08 billion — a 74 percent year-on-year increase — against a total outstanding MFI loan base of a	11.32 percent		percent|amount|word_date	auto-extracted; assign qkey + status in triage (03)
CAND-0930	UNREVIEWED	ch-31-microfinance-accounting.txt	54		MetricAsar-end 2081 (mid-2024)Asar-end 2082 (mid-2025)Mid-April 2026	April 2026		word_date	auto-extracted; assign qkey + status in triage (03)
CAND-0931	UNREVIEWED	ch-31-microfinance-accounting.txt	55		Retail MFI NPL ratio6.17%7.25%—	6.17%		percent	auto-extracted; assign qkey + status in triage (03)
CAND-0932	UNREVIEWED	ch-31-microfinance-accounting.txt	56		Wholesale MFI NPL ratio—2.93% (up 13% YoY)—	2.93%		percent	auto-extracted; assign qkey + status in triage (03)
CAND-0933	UNREVIEWED	ch-31-microfinance-accounting.txt	57		Sector-wide MFI NPL ratio~7% (approx., 9 months prior)—11.32%	7%		percent	auto-extracted; assign qkey + status in triage (03)
CAND-0934	UNREVIEWED	ch-31-microfinance-accounting.txt	58		Sector-wide gross bad loans——~Rs 54.08 billion (+74% YoY)	74%		percent|amount	auto-extracted; assign qkey + status in triage (03)
CAND-0935	UNREVIEWED	ch-31-microfinance-accounting.txt	59		Total sector loans outstanding——~Rs 500 billion	Rs 500		amount	auto-extracted; assign qkey + status in triage (03)
CAND-0936	UNREVIEWED	ch-31-microfinance-accounting.txt	60		Share of loans without physical collateral——~85%	85%		percent	auto-extracted; assign qkey + status in triage (03)
CAND-0937	UNREVIEWED	ch-31-microfinance-accounting.txt	62		The jump from a sector NPL ratio near 7 percent to 11.32 percent in roughly nine months is not a gradual credit-cycle drift — it is the signature of a joint-liability system unwinding.	7 percent		percent	auto-extracted; assign qkey + status in triage (03)
CAND-0938	UNREVIEWED	ch-31-microfinance-accounting.txt	65		Reporting on the crisis documented at least one borrower whose obligations, spread across five separate microfinance companies — among the institutions named in that reporting were Forward Community Microfinance, Mero Microfinance, Mithila Laghubitta, Deprosc Laghubitta, and Sana Kisan Bikas Laghubitta — ballooned from a manageable starting point to roughly Rs 4.5 million over four years, purely t	Rs 4.5		amount	auto-extracted; assign qkey + status in triage (03)
CAND-0939	UNREVIEWED	ch-31-microfinance-accounting.txt	70		Concerned about the concentration of ownership and control that had built up as commercial banks and development banks acquired stakes in microfinance companies — partly as a route to more easily satisfy their own deprived-sector lending quotas discussed in Lesson 31.2 — NRB issued a directive in January 2022 forcing consolidation wherever a BFI held more than a 10 percent minority stake, or 51 pe	10 percent		percent|word_date	auto-extracted; assign qkey + status in triage (03)
CAND-0940	UNREVIEWED	ch-31-microfinance-accounting.txt	72		The 2022 crossholding directive is a useful lens for understanding why some MFI mergers on NEPSE were not strategic choices at all, but regulatory compliance exercises.			nepse	auto-extracted; assign qkey + status in triage (03)
CAND-0941	UNREVIEWED	ch-31-microfinance-accounting.txt	76		Compare the resulting figure against the sector benchmarks in the table above — an individual MFI reporting materially better asset quality than the sector-wide 11.32 percent figure deserves scrutiny of its write-off timing before you accept the number as evidence of superior underwriting.	11.32 percent		percent	auto-extracted; assign qkey + status in triage (03)
CAND-0942	UNREVIEWED	ch-31-microfinance-accounting.txt	77		Under the post-Shrawan-2082 pricing regime, an MFI's disclosed average lending yield should be broadly consistent with its own disclosed base rate plus no more than 3 percentage points, for the portion of the book disbursed after that date.	3 percent		percent	auto-extracted; assign qkey + status in triage (03)
CAND-0943	UNREVIEWED	ch-31-microfinance-accounting.txt	77		A yield that runs meaningfully above that ceiling on new-loan disbursements is either a disclosure or compliance problem, or evidence that a large share of the book remains legacy loans still governed by the older flat 15 percent cap and has not yet rolled over into the new framework — either way, it changes your forward margin assumption.	15 percent		percent	auto-extracted; assign qkey + status in triage (03)
CAND-0944	UNREVIEWED	ch-31-microfinance-accounting.txt	78		Review the shareholding structure for BFI promoter stakes near or above the 10 percent minority or 51 percent majority thresholds that triggered the 2022 consolidation directive.	10 percent		percent	auto-extracted; assign qkey + status in triage (03)
CAND-0945	UNREVIEWED	ch-31-microfinance-accounting.txt	81		Build a simple five-line diagnostic table for every MFI you cover: (1) wholesale funding share and lender concentration, (2) gross loss-adjusted NPL ratio versus the sector benchmark, (3) disclosed base rate and spread versus the 3-point statutory ceiling, (4) BFI promoter shareholding versus the 10%/51% merger-trigger thresholds, and (5) centre/group repayment trend if disclosed.	10%		percent	auto-extracted; assign qkey + status in triage (03)
CAND-0946	UNREVIEWED	ch-31-microfinance-accounting.txt	83		Reported profitability in microfinance is unusually easy to overstate relative to commercial banking, precisely because the two levers that would normally expose weakness — provisioning adequacy and write-off timing — are both judgment calls made by management, in a lending model where recovery is genuinely difficult on 85 percent of the book because there is no collateral to fall back on.	85 percent		percent	auto-extracted; assign qkey + status in triage (03)
CAND-0947	UNREVIEWED	ch-31-microfinance-accounting.txt	86		NRB moved from a flat interest-rate spread cap in 2016, to a flat 15 percent lending-rate ceiling, to a base-rate-plus-maximum-3-percent-spread framework for new loans from Shrawan 1, 2082 (July 2025) onward, while legacy loans continue under the older cap until they mature.	15 percent		percent|word_date	auto-extracted; assign qkey + status in triage (03)
CAND-0948	UNREVIEWED	ch-31-microfinance-accounting.txt	87		Multiple borrowing by the same households across several MFIs — enabled by weak cross-institutional credit checking and management incentives that rewarded disbursement growth over underwriting discipline — pushed the sector-wide non-performing loan ratio from roughly 7 percent to 11.32 percent within about nine months through early-to-mid 2026, with gross bad loans rising 74 percent year-on-year 	7 percent		percent|amount	auto-extracted; assign qkey + status in triage (03)
CAND-0949	UNREVIEWED	ch-31-microfinance-accounting.txt	89		Wholesale borrowing concentrated among a handful of commercial-bank lenders creates a liquidity risk that has no analogue in a deposit-funded institution, and BFI promoter shareholdings near the 10 percent minority or 51 percent majority thresholds set by NRB's 2022 crossholding directive create a live possibility of forced merger that a standard earnings multiple will not price in.	10 percent		percent	auto-extracted; assign qkey + status in triage (03)
CAND-0950	UNREVIEWED	ch-32-hydropower-accounting.txt	14		A hydropower company with NPR 40 billion of CWIP and no revenue is not burning value — it is building an asset whose eventual earning power depends entirely on the PPA it signs and the tariff escalation clock embedded in that PPA.	NPR 40		amount	auto-extracted; assign qkey + status in triage (03)
CAND-0951	UNREVIEWED	ch-32-hydropower-accounting.txt	22		The scale this can reach is best illustrated by Nepal's largest domestically financed plant, the 456 MW Upper Tamakoshi Hydroelectric Project (NEPSE: UPPER), built and operated by Nepal Electricity Authority's subsidiary Upper Tamakoshi Hydropower Limited.			nepse	auto-extracted; assign qkey + status in triage (03)
CAND-0952	UNREVIEWED	ch-32-hydropower-accounting.txt	22		The project's construction cost estimate rose from roughly NPR 49.29 billion to about NPR 52.29 billion as delays compounded — first from contractor underperformance (the original hydro-mechanical contractor, India's Texmaco Engineering and Railway Company, withdrew from the project, with Austria's Andritz Hydro brought in to complete the work), and further from the damage the 2015 Gorkha earthqua	NPR 49.29		amount	auto-extracted; assign qkey + status in triage (03)
CAND-0953	UNREVIEWED	ch-32-hydropower-accounting.txt	22		But the number that matters most for an accounting-literate investor is a different one: by the time the plant reached commercial operation, total project cost — construction cost plus capitalised interest — had climbed toward roughly NPR 76 billion, of which approximately NPR 24 billion was interest capitalised during construction.	NPR 76		amount	auto-extracted; assign qkey + status in triage (03)
CAND-0954	UNREVIEWED	ch-32-hydropower-accounting.txt	22		Financing for the project was split between about NPR 10.59 billion of share capital (with NEA, Nepal Telecom, Citizen Investment Trust, and Rastriya Beema Sansthan among the major institutional shareholders) and roughly NPR 41.70 billion in bank debt.	NPR 10.59		amount	auto-extracted; assign qkey + status in triage (03)
CAND-0955	UNREVIEWED	ch-32-hydropower-accounting.txt	24		Upper Tamakoshi's capitalised interest of roughly NPR 24 billion is not a rounding error — it is close to half the plant's original construction budget.	NPR 24		amount	auto-extracted; assign qkey + status in triage (03)
CAND-0956	UNREVIEWED	ch-32-hydropower-accounting.txt	39		Balephi Hydropower Limited's PPA with NEA, signed in December 2015, is a representative example of this template: NPR 4.80 per kWh for wet-season energy against NPR 8.40 per kWh for dry-season energy — a dry-season premium of 75 percent over the wet-season rate — with the contract further specifying escalation of 3 percent per year, applied seven times, starting from the thirteenth month after com	75 percent		percent|amount|word_date	auto-extracted; assign qkey + status in triage (03)
CAND-0957	UNREVIEWED	ch-32-hydropower-accounting.txt	45		Standard run-of-river template (e.g., Balephi Hydropower)4.808.403% p.a.	808.403%		percent	auto-extracted; assign qkey + status in triage (03)
CAND-0958	UNREVIEWED	ch-32-hydropower-accounting.txt	46		ERC illustrative storage tariff, Years 1-155.699.95Modelled at concessional financing assumptions	1-155		score_band	auto-extracted; assign qkey + status in triage (03)
CAND-0959	UNREVIEWED	ch-32-hydropower-accounting.txt	47		ERC illustrative storage tariff, Years 16-504.838.46Post-escalation plateau	16-504		score_band	auto-extracted; assign qkey + status in triage (03)
CAND-0960	UNREVIEWED	ch-32-hydropower-accounting.txt	48		Dudhkoshi Storage (670 MW) developer ask10.6718.673% p.a.	6718.673%		percent	auto-extracted; assign qkey + status in triage (03)
CAND-0961	UNREVIEWED	ch-32-hydropower-accounting.txt	49		Budhi Gandaki Storage (1,200 MW) developer ask12.6422.123% p.a.	6422.123%		percent	auto-extracted; assign qkey + status in triage (03)
CAND-0962	UNREVIEWED	ch-32-hydropower-accounting.txt	51		"The gap between the ERC's ""illustrative"" storage tariff (built on concessional 3.9% debt cost and 27-year tenor assumptions) and what actual Nepali developers are asking for Dudhkoshi and Budhi Gandaki — roughly double — is not developer greed alone."	3.9%		percent	auto-extracted; assign qkey + status in triage (03)
CAND-0963	UNREVIEWED	ch-32-hydropower-accounting.txt	51		It reflects the real cost of Nepali rupee project debt, typically priced closer to 10-11% with 12-year commercial tenors, against a project life of 30 to 50 years.	11%		percent|score_band	auto-extracted; assign qkey + status in triage (03)
CAND-0964	UNREVIEWED	ch-32-hydropower-accounting.txt	61		The clearest illustration in the Nepali market of a project fitting the financial-asset description is Tamakoshi-V, a 99.8 MW run-of-river plant in Dolakha district operating under a 30-year concession with a fixed tariff (subject to the standard 3 percent annual escalation) and a mandatory transfer of the asset to the Government of Nepal at the end of the concession — textbook IFRIC 12 conditions	3 percent		percent	auto-extracted; assign qkey + status in triage (03)
CAND-0965	UNREVIEWED	ch-32-hydropower-accounting.txt	68		For the first fifteen years of operation, a project typically pays a capacity royalty of roughly NPR 100 per kW per year and an energy royalty of about 2 percent of revenue.	2 percent		percent|amount	auto-extracted; assign qkey + status in triage (03)
CAND-0966	UNREVIEWED	ch-32-hydropower-accounting.txt	68		From the sixteenth through the thirtieth year, both figures rise steeply: capacity royalty to roughly NPR 1,000 per kW per year (a tenfold increase) and energy royalty to about 10 percent of revenue (a fivefold increase).	10 percent		percent|amount	auto-extracted; assign qkey + status in triage (03)
CAND-0967	UNREVIEWED	ch-32-hydropower-accounting.txt	69		Royalty componentYears 1-15 of operationYears 16-30 of operation	1-15		score_band	auto-extracted; assign qkey + status in triage (03)
CAND-0968	UNREVIEWED	ch-32-hydropower-accounting.txt	70		Capacity royalty~NPR 100 per kW per year~NPR 1,000 per kW per year	NPR 100		amount	auto-extracted; assign qkey + status in triage (03)
CAND-0969	UNREVIEWED	ch-32-hydropower-accounting.txt	71		Energy royalty~2% of revenue~10% of revenue	2%		percent	auto-extracted; assign qkey + status in triage (03)
CAND-0970	UNREVIEWED	ch-32-hydropower-accounting.txt	72		This royalty schedule runs alongside a separate, and currently more investor-visible, tax incentive schedule administered under the Income Tax Act: electricity generation enterprises are taxed at a 20 percent corporate rate, but qualifying companies (generally those reaching Rated Commercial Operation Date within a government-specified incentive window) receive a 100 percent tax rebate for their f	20 percent		percent	auto-extracted; assign qkey + status in triage (03)
CAND-0971	UNREVIEWED	ch-32-hydropower-accounting.txt	72		Dividend distributions carry a further 5 percent dividend tax at the shareholder level, and capital gains on listed hydropower shares are taxed at 7.5 percent long-term or 10 percent short-term, same as other NEPSE-listed equity.	5 percent		percent|nepse	auto-extracted; assign qkey + status in triage (03)
CAND-0972	UNREVIEWED	ch-32-hydropower-accounting.txt	74		The tax holiday and the royalty step-up run on different clocks and move in opposite directions — the tax rebate is most generous exactly when the royalty burden is lightest (years 1-15), and both flip against the company at similar points (tax rebate expires at year 15; royalty triples-to-quintuples at year 16).	1-15		score_band	auto-extracted; assign qkey + status in triage (03)
CAND-0973	UNREVIEWED	ch-32-hydropower-accounting.txt	75		There is also a construction-phase tax and duty regime worth knowing, because it explains part of why the capital cost structure looks the way it does: import duty on plant, machinery, and steel penstock/pipe is set at a nominal 1 percent with full exemption from the standard 13 percent VAT, while domestic engineering, civil, and transportation costs remain subject to the ordinary 13 percent VAT —	1 percent		percent|amount	auto-extracted; assign qkey + status in triage (03)
CAND-0974	UNREVIEWED	ch-32-hydropower-accounting.txt	81		Despite being Nepal's largest domestically financed plant and a long-time dividend-paying blue chip, UPPER had — as of mid-2026 — gone three consecutive years without holding an Annual General Meeting, with the last AGM held in Shrawan 2080 for fiscal year 2079/80, leaving shareholders without a formal channel to review audited results or elect independent directors for an extended period.	2079/80		fraction	auto-extracted; assign qkey + status in triage (03)
CAND-0975	UNREVIEWED	ch-32-hydropower-accounting.txt	81		"Rating agency ICRA Nepal downgraded the company into its 'D' (default) category following debt-servicing delays that exceeded thirty days, even as the company's long-term liabilities stood at roughly NPR 45.36 billion and it carried negative retained earnings of about NPR 10.77 billion — a stark reminder that ""largest plant in the country"" and ""high dividend history"" do not immunize a company agai"	NPR 45.36		amount	auto-extracted; assign qkey + status in triage (03)
CAND-0976	UNREVIEWED	ch-32-hydropower-accounting.txt	81		Analysts have also flagged a structural governance concern: NEA's Managing Director has simultaneously served as UPPER's board chairperson, concentrating institutional control at a company where NEA and other public institutions together hold roughly 51 percent of shares, limiting the practical influence of minority shareholders precisely when governance oversight matters most.	51 percent		percent	auto-extracted; assign qkey + status in triage (03)
CAND-0977	UNREVIEWED	ch-32-hydropower-accounting.txt	86		Eighteen years between initial project understanding and the start of substantive construction work is an extreme case, but it is not an isolated one in Nepal's hydropower pipeline — the Independent Power Producers' Association Nepal (IPPAN) estimated, in an October 2025 assessment, that delay-related costs across the sector's pipeline had reached roughly NPR 108 billion.	NPR 108		amount|word_date	auto-extracted; assign qkey + status in triage (03)
CAND-0978	UNREVIEWED	ch-32-hydropower-accounting.txt	87		"Finally, the accounting and disclosure issues covered in this chapter feed directly into a live listing-market controversy: Nepal's Securities Board (SEBON) has, in recent years, applied a ""real net worth"" threshold of roughly NPR 90 per share — a figure that appears nowhere in the Securities Act and was set administratively following a Public Accounts Committee directive in late 2023 — as an info"	NPR 90		amount	auto-extracted; assign qkey + status in triage (03)
CAND-0979	UNREVIEWED	ch-32-hydropower-accounting.txt	87		"Because construction-phase hydropower companies structurally carry lower reported net worth per share than operating companies (their equity has not yet been ""proven"" by revenue, even where their underlying project economics are sound), this threshold has disproportionately stalled hydropower IPOs specifically: roughly NPR 66.23 billion in intended capital raises across 98 companies were reported "	NPR 66.23		amount	auto-extracted; assign qkey + status in triage (03)
CAND-0980	UNREVIEWED	ch-32-hydropower-accounting.txt	87		One documented side effect has been the growth of an unregulated pre-IPO share market in which promoter-stage shares change hands well above the NPR 100 face value, with buyers told to expect post-listing prices in the NPR 1,500-2,500 range — precisely the kind of informal, disclosure-free trading environment that hydropower's construction-phase accounting opacity tends to invite.	NPR 100		amount|score_band	auto-extracted; assign qkey + status in triage (03)
CAND-0981	UNREVIEWED	ch-32-hydropower-accounting.txt	91		Before buying any hydropower stock on NEPSE, work through this sequence: (1) Confirm whether the company is pre-COD or post-COD, and if pre-COD, get the physical completion percentage and revised target COD, not just the original one.			nepse	auto-extracted; assign qkey + status in triage (03)
CAND-0982	UNREVIEWED	ch-32-hydropower-accounting.txt	94		Because Nepali hydropower projects are financed at debt ratios of 70:30 or higher and routinely run years behind schedule, capitalised interest can add close to half again to a project's base construction budget by the time it reaches commercial operation — as it did for the 456 MW Upper Tamakoshi project, where roughly NPR 24 billion in capitalised interest sat atop a roughly NPR 52 billion const	NPR 24		amount	auto-extracted; assign qkey + status in triage (03)
CAND-0983	UNREVIEWED	ch-32-hydropower-accounting.txt	95		Revenue is not a simple function of megawatts generated; it is a function of the specific PPA a company signed, including its wet-season and dry-season tariffs, its escalation schedule (commonly 3 percent annually for seven or eight years before plateauing), and whether the offtake obligation is take-or-pay or take-and-pay.	3 percent		percent	auto-extracted; assign qkey + status in triage (03)
CAND-0984	UNREVIEWED	ch-32-hydropower-accounting.txt	95		The representative run-of-river template — NPR 4.80 per unit wet season, NPR 8.40 per unit dry season, as seen in Balephi Hydropower's PPA — shows why dry-season output, though a small share of total annual generation for most run-of-river plants, disproportionately drives revenue.	NPR 4.80		amount	auto-extracted; assign qkey + status in triage (03)
CAND-0985	UNREVIEWED	ch-32-hydropower-accounting.txt	96		Layered on top of this is a royalty and tax structure that moves against the company on a fixed calendar regardless of operating performance: a ten-year full tax holiday and 2 percent energy royalty in the early years give way, at year 15 and year 16 respectively, to full taxation and a royalty band roughly five to ten times higher — meaning any margin an investor observes in a company's first dec	2 percent		percent	auto-extracted; assign qkey + status in triage (03)
CAND-0986	UNREVIEWED	ch-33-insurance-accounting.txt	16		Under the Insurance Act, 2079 (2022), it was reconstituted and formally began operating as the Nepal Insurance Authority (NIA) in August 2022, with expanded powers over licensing, solvency, actuarial practice, and market conduct.	August 2022		word_date	auto-extracted; assign qkey + status in triage (03)
CAND-0987	UNREVIEWED	ch-33-insurance-accounting.txt	18		Beema Samiti (Insurance Board) was transformed into the Nepal Insurance Authority (NIA) under the Insurance Act, 2079, formally commencing operations in August 2022.	August 2022		word_date	auto-extracted; assign qkey + status in triage (03)
CAND-0988	UNREVIEWED	ch-33-insurance-accounting.txt	20		The single biggest change to insurance accounting on NEPSE in the last decade is NFRS 17 (Insurance Contracts), Nepal's adaptation of the international standard IFRS 17.			nepse	auto-extracted; assign qkey + status in triage (03)
CAND-0989	UNREVIEWED	ch-33-insurance-accounting.txt	20		The Accounting Standards Board (ASB) Nepal set the mandatory effective date at Shrawan 1, 2080 (July 17, 2023) — meaning fiscal year 2080/81 was the first full reporting year in which every NEPSE-listed insurer, life and non-life, was required to apply it.	2080/81		fraction|nepse	auto-extracted; assign qkey + status in triage (03)
CAND-0990	UNREVIEWED	ch-33-insurance-accounting.txt	27		NFRS 17 is principles-based, not a fixed formula, and Nepal's insurers were still building common implementation practice years after the mandatory 2080/81 effective date.	2080/81		fraction	auto-extracted; assign qkey + status in triage (03)
CAND-0991	UNREVIEWED	ch-33-insurance-accounting.txt	28		The NIA's response, tightened further with effect from the fourth quarter of fiscal year 2025/26, was to require insurers to prepare two parallel sets of quarterly financial statements — one under NFRS 17, one under the Financial Statement Directive — and to permit dividend distribution only from the lower of the two resulting profit figures.	2025/26		fraction	auto-extracted; assign qkey + status in triage (03)
CAND-0992	UNREVIEWED	ch-33-insurance-accounting.txt	30		From Q4 FY2025/26, an NEPSE-listed insurer cannot simply declare a dividend against its NFRS 17 profit.			nepse	auto-extracted; assign qkey + status in triage (03)
CAND-0993	UNREVIEWED	ch-33-insurance-accounting.txt	73		The regulator raised minimum paid-up capital requirements substantially, ultimately settling on Rs 5 arba (Rs 500 crore) for life insurers and Rs 2.5 arba (Rs 250 crore) for non-life insurers, with the compliance deadline extended to Ashad 2080 (mid-July 2023) after most insurers found the original timeline unworkable.	Rs 5		amount|word_date	auto-extracted; assign qkey + status in triage (03)
CAND-0994	UNREVIEWED	ch-33-insurance-accounting.txt	75		Neither insurer could independently reach the Rs 500 crore capital floor — SLICL's pre-merger paid-up capital stood at roughly Rs 255 crore and JLI's at roughly Rs 242 crore, a combined base close enough to the regulatory threshold to clear it once merged.	Rs 500		amount	auto-extracted; assign qkey + status in triage (03)
CAND-0995	UNREVIEWED	ch-33-insurance-accounting.txt	76		The non-life side of the market saw the same dynamic play out — Sanima General Insurance merged with General Insurance Company to form Sanima GIC Insurance, again against the backdrop of the Rs 2.5 arba non-life capital threshold.	Rs 2.5		amount	auto-extracted; assign qkey + status in triage (03)
CAND-0996	UNREVIEWED	ch-33-insurance-accounting.txt	86		Contract durationLong-tail (often 10-30+ years)Short-tail (typically 12 months)	10-30		score_band	auto-extracted; assign qkey + status in triage (03)
CAND-0997	UNREVIEWED	ch-33-insurance-accounting.txt	90		Minimum paid-up capital (post-2080 directive)Rs 5 arba (Rs 500 crore)Rs 2.5 arba (Rs 250 crore)	Rs 5		amount	auto-extracted; assign qkey + status in triage (03)
CAND-0998	UNREVIEWED	ch-33-insurance-accounting.txt	95		NFRS 17, mandatory in Nepal since Shrawan 2080 (July 2023), was meant to bring international-grade rigor and comparability to this picture through discounted cash-flow measurement and the Contractual Service Margin, but the transition has been genuinely difficult — thin actuarial capacity, incomplete impact assessments, and continuing regulator-standard-setter coordination sessions well into 2026 	July 2023		word_date	auto-extracted; assign qkey + status in triage (03)
CAND-0999	UNREVIEWED	ch-33-insurance-accounting.txt	96		Premium recognition timing (the unearned premium reserve for non-life, the liability for remaining coverage for life) and claims reserving (particularly IBNR, the actuarially estimated cost of losses that have occurred but not yet been reported) are the two places where an insurer's honesty about its own risk is tested every reporting period, and the appointed actuary — now backed by a mandated be	July 2024		word_date	auto-extracted; assign qkey + status in triage (03)
CAND-1000	UNREVIEWED	ch-34-manufacturing-trading-hotel.txt	10		"Manufacturing, trading, and hotels sit at the bottom of the list, usually lumped together in investor conversation as ""the other stuff."" A widely cited snapshot of NEPSE's sector-wise market capitalisation put commercial banks at roughly 37.7 percent of total market cap, insurance at 15.3 percent, microfinance at 9.5 percent, and hydropower at 8.4 percent — while manufacturing and processing compa"	37.7 percent		percent|nepse	auto-extracted; assign qkey + status in triage (03)
CAND-1001	UNREVIEWED	ch-34-manufacturing-trading-hotel.txt	42		Gross margin25-40% (capital-intensive, capacity-driven)8-18% (thin margin, high turnover model)	40%		percent|score_band	auto-extracted; assign qkey + status in triage (03)
CAND-1002	UNREVIEWED	ch-34-manufacturing-trading-hotel.txt	43		Days Inventory Outstanding60-150 days (seasonal build-up, WIP layers)20-45 days (fast-moving distribution stock)	20-45		score_band	auto-extracted; assign qkey + status in triage (03)
CAND-1003	UNREVIEWED	ch-34-manufacturing-trading-hotel.txt	44		Days Sales Outstanding30-90 days (dealer/distributor credit)10-30 days (often advance-payment-backed)	10-30		score_band	auto-extracted; assign qkey + status in triage (03)
CAND-1004	UNREVIEWED	ch-34-manufacturing-trading-hotel.txt	50		Shivam Cements, listed via Nepal's first-ever cement-sector IPO in 2017 at premium pricing (Rs 200 to locals of the plant's district, Rs 300 to the general public, reflecting a two-tier IPO pricing structure common to large industrial issues at the time), represented a rare case of a large private manufacturer choosing to raise growth capital from the public markets rather than staying purely fami	Rs 200		amount	auto-extracted; assign qkey + status in triage (03)
CAND-1005	UNREVIEWED	ch-34-manufacturing-trading-hotel.txt	54		When a plant runs at 85 percent of rated capacity instead of 60 percent, the same fixed overhead is spread across far more units, and cost per bag of cement or per case of beverage drops sharply, flowing straight into gross margin.	85 percent		percent	auto-extracted; assign qkey + status in triage (03)
CAND-1006	UNREVIEWED	ch-34-manufacturing-trading-hotel.txt	58		Nepali manufacturers and hotels overwhelmingly use the straight-line method for buildings and structures, and either straight-line or a reducing-balance method for plant and machinery, furniture, and equipment, with useful lives commonly set in the range of 25-50 years for factory buildings and hotel structures, 10-20 years for major plant and machinery, and considerably shorter for furniture, fix	25-50		score_band	auto-extracted; assign qkey + status in triage (03)
CAND-1007	UNREVIEWED	ch-34-manufacturing-trading-hotel.txt	71		What the Nepali hotel sector experienced in fiscal year 2025/26 illustrates a different and much harder risk category: acute event shock layered on top of a genuinely strong underlying tourism market.	2025/26		fraction	auto-extracted; assign qkey + status in triage (03)
CAND-1008	UNREVIEWED	ch-34-manufacturing-trading-hotel.txt	73		Nepal recorded a record 1,209,357 foreign tourist arrivals in fiscal year 2025/26, with arrivals in the first seven months of calendar 2026 up 6.84 percent year-on-year — by every macro indicator, a strong tourism year.	6.84 percent		percent|fraction	auto-extracted; assign qkey + status in triage (03)
CAND-1009	UNREVIEWED	ch-34-manufacturing-trading-hotel.txt	73		Yet eight listed hotel companies collectively swung from a combined net profit of roughly Rs 1.02 billion in FY 2024/25 to a combined net loss of roughly Rs 255.9 million in FY 2025/26, with total revenue falling 14.5 percent from Rs 7.29 billion to Rs 6.23 billion.	14.5 percent		percent|fraction|amount	auto-extracted; assign qkey + status in triage (03)
CAND-1010	UNREVIEWED	ch-34-manufacturing-trading-hotel.txt	73		"The cause was not the tourism market — it was the September 2025 ""Gen-Z protests,"" which directly damaged and disrupted hotel operations."	September 2025		word_date	auto-extracted; assign qkey + status in triage (03)
CAND-1011	UNREVIEWED	ch-34-manufacturing-trading-hotel.txt	73		Taragaon Regency (the Hyatt-branded property) was targeted during the unrest and remained closed for nearly a year with no confirmed reopening date as of the report, with 133 staff placed on leave, and posted a loss of roughly Rs 705.7 million.	Rs 705.7		amount	auto-extracted; assign qkey + status in triage (03)
CAND-1012	UNREVIEWED	ch-34-manufacturing-trading-hotel.txt	73		Hyatt Centric (City Hotel) posted a loss of about Rs 170 million on revenue of Rs 530 million.	Rs 170		amount	auto-extracted; assign qkey + status in triage (03)
CAND-1013	UNREVIEWED	ch-34-manufacturing-trading-hotel.txt	73		Oriental Hotels (Radisson) posted a loss of about Rs 47.5 million on revenue of just over Rs 1 billion.	Rs 47.5		amount	auto-extracted; assign qkey + status in triage (03)
CAND-1014	UNREVIEWED	ch-34-manufacturing-trading-hotel.txt	73		Soaltee Hotel was the standout exception, remaining solidly profitable with revenue of roughly Rs 3.14 billion and profit of about Rs 761.1 million, translating to an EPS of roughly Rs 6.48 — a reminder that within a shared shock, balance sheet strength, brand positioning, and physical exposure to the specific unrest locations produced dramatically different outcomes across four hotels operating i	Rs 3.14		amount	auto-extracted; assign qkey + status in triage (03)
CAND-1015	UNREVIEWED	ch-34-manufacturing-trading-hotel.txt	76		Hospitality earnings in Nepal have demonstrated repeatedly — most recently through the September 2025 unrest — that they can swing from record-tourism-year profitability to sector-wide losses within a single fiscal year due to a single event unrelated to underlying demand fundamentals.	September 2025		word_date	auto-extracted; assign qkey + status in triage (03)
CAND-1016	UNREVIEWED	ch-34-manufacturing-trading-hotel.txt	91		Nepal's tourism calendar creates genuine, forecastable seasonality between autumn and spring peaks and monsoon and winter troughs — but the sector's defining lesson from fiscal year 2025/26 is that seasonality is the manageable risk, while acute political and social shocks are not.	2025/26		fraction	auto-extracted; assign qkey + status in triage (03)
CAND-1017	UNREVIEWED	ch-34-manufacturing-trading-hotel.txt	91		A record 1.2 million tourist arrivals coexisted with eight listed hotels swinging from a combined profit near Rs 1 billion to a combined loss near Rs 256 million, driven almost entirely by the September 2025 unrest that shuttered Taragaon Regency for the better part of a year while Soaltee, less directly exposed, stayed comfortably profitable.	Rs 1		amount|word_date	auto-extracted; assign qkey + status in triage (03)
CAND-1018	UNREVIEWED	ch-35-capital-gains-tax.txt	10		A Nepali investor who buys 500 shares of a hydropower company on NEPSE and sells them fourteen months later for a profit will never file that gain the way a shopkeeper files trading income or a landlord files rental income.			nepse	auto-extracted; assign qkey + status in triage (03)
CAND-1019	UNREVIEWED	ch-35-capital-gains-tax.txt	12		The rates below are the ones in force today, under the Finance Act 2083, effective from Shrawan 1, 2083 (roughly mid-July 2026) — the fiscal year Nepal is currently inside.	July 2026		word_date	auto-extracted; assign qkey + status in triage (03)
CAND-1020	UNREVIEWED	ch-35-capital-gains-tax.txt	13		Investor CategorySecurity TypeHolding PeriodCurrent CGT Rate (FY 2083/84)	2083/84		fraction	auto-extracted; assign qkey + status in triage (03)
CAND-1021	UNREVIEWED	ch-35-capital-gains-tax.txt	14		Resident individualListed (NEPSE)More than 365 days7.5%	7.5%		percent|nepse	auto-extracted; assign qkey + status in triage (03)
CAND-1022	UNREVIEWED	ch-35-capital-gains-tax.txt	15		Resident individualListed (NEPSE)365 days or less10%	10%		percent|nepse	auto-extracted; assign qkey + status in triage (03)
CAND-1023	UNREVIEWED	ch-35-capital-gains-tax.txt	16		Resident individualUnlistedAny period10%	10%		percent	auto-extracted; assign qkey + status in triage (03)
CAND-1024	UNREVIEWED	ch-35-capital-gains-tax.txt	17		Resident entity/institutionListed (NEPSE)Any period10%	10%		percent|nepse	auto-extracted; assign qkey + status in triage (03)
CAND-1025	UNREVIEWED	ch-35-capital-gains-tax.txt	18		Resident entity/institutionUnlistedAny period15%	15%		percent	auto-extracted; assign qkey + status in triage (03)
CAND-1026	UNREVIEWED	ch-35-capital-gains-tax.txt	19		Non-residentListed or unlistedAny period25%	25%		percent	auto-extracted; assign qkey + status in triage (03)
CAND-1027	UNREVIEWED	ch-35-capital-gains-tax.txt	22		The single most consequential legal change in this area in the last several years arrived with the FY 2083/84 budget, presented by the Finance Minister on Jestha 15, 2083 (May 29, 2026) and taking effect from Shrawan 1, 2083.	2083/84		fraction	auto-extracted; assign qkey + status in triage (03)
CAND-1028	UNREVIEWED	ch-35-capital-gains-tax.txt	22		First, it raised the individual rates: the long-term rate moved from 5% to 7.5%, and the short-term rate moved from 7.5% to 10%.	5%		percent	auto-extracted; assign qkey + status in triage (03)
CAND-1029	UNREVIEWED	ch-35-capital-gains-tax.txt	25		They remain outside the final-tax regime and are still subject to the standard framework of reconciliation on the annual return, at 10% for resident individuals and 15% for resident entities.	10%		percent	auto-extracted; assign qkey + status in triage (03)
CAND-1030	UNREVIEWED	ch-35-capital-gains-tax.txt	27		The count runs on calendar days, not trading days — weekends, Dashain holidays, and NEPSE closures all count toward the 365, because the clock starts on the settlement date of the purchase and ends on the settlement date of the sale.			nepse	auto-extracted; assign qkey + status in triage (03)
CAND-1031	UNREVIEWED	ch-35-capital-gains-tax.txt	32		Pre-2076/77Income Tax Act 2058 (original)7.5% flat7.5% flat10%	7.5%		percent	auto-extracted; assign qkey + status in triage (03)
CAND-1032	UNREVIEWED	ch-35-capital-gains-tax.txt	33		FY 2076/77 (mid-2019)Finance Act 20765% flat5% flat10%	20765%		percent|fraction	auto-extracted; assign qkey + status in triage (03)
CAND-1033	UNREVIEWED	ch-35-capital-gains-tax.txt	34		FY 2078/79 (Shrawan 2078 / July 2021)Finance Act 20785%7.5%10%	20785%		percent|fraction|word_date	auto-extracted; assign qkey + status in triage (03)
CAND-1034	UNREVIEWED	ch-35-capital-gains-tax.txt	35		FY 2083/84 (Shrawan 2083 / July 2026) — currentFinance Act 20837.5%10%10%	20837.5%		percent|fraction|word_date	auto-extracted; assign qkey + status in triage (03)
CAND-1035	UNREVIEWED	ch-35-capital-gains-tax.txt	37		In May 2019, the government cut the individual CGT rate on shares from a flat 7.5% to a flat 5%, applied uniformly regardless of holding period — a straightforward relief measure aimed at a market that had been depressed for several years.	7.5%		percent|word_date	auto-extracted; assign qkey + status in triage (03)
CAND-1036	UNREVIEWED	ch-35-capital-gains-tax.txt	37		"Two years later, the Finance Act 2078 reintroduced a holding-period distinction, effective Shrawan 1, 2078: long-term holders kept the 5% rate, but anyone selling within 365 days was pushed back up to 7.5% — commentators at the time described it as ""short-term traders to be taxed 50% more."" That same long-term/short-term architecture survives today; only the numbers inside it have risen."	5%		percent	auto-extracted; assign qkey + status in triage (03)
CAND-1037	UNREVIEWED	ch-35-capital-gains-tax.txt	38		The FY 2083/84 change did not touch this architecture — it kept the long-term discount relative to short-term trading intact, which tells you the policy goal (reward patient capital, discourage rapid churn) has outlasted three separate finance ministers.	2083/84		fraction	auto-extracted; assign qkey + status in triage (03)
CAND-1038	UNREVIEWED	ch-35-capital-gains-tax.txt	38		What changed was the size of the gap being monetized: the government raised both legs by 2.5 percentage points, which for a short-term trader is a one-third increase in tax burden (7.5% to 10%) and for a long-term holder is a 50% increase (5% to 7.5%).	2.5 percent		percent	auto-extracted; assign qkey + status in triage (03)
CAND-1039	UNREVIEWED	ch-35-capital-gains-tax.txt	38		Investors who had structured their trading around the old 5%/7.5% split — deliberately holding past the one-year mark to capture the discount — still benefit from doing so under the new regime; the absolute discount (2.5 points) is unchanged even though both rates are higher in absolute terms.	5%		percent	auto-extracted; assign qkey + status in triage (03)
CAND-1040	UNREVIEWED	ch-35-capital-gains-tax.txt	47		The current broker commission slab, in effect since Jestha 1, 2081 (mid-May 2024) after a 10% reduction ordered by SEBON, is:	10%		percent|word_date	auto-extracted; assign qkey + status in triage (03)
CAND-1041	UNREVIEWED	ch-35-capital-gains-tax.txt	49		Up to Rs 50,0000.36%	0000.36%		percent|amount	auto-extracted; assign qkey + status in triage (03)
CAND-1042	UNREVIEWED	ch-35-capital-gains-tax.txt	50		Rs 50,000 – Rs 5,00,0000.33%	0000.33%		percent|amount	auto-extracted; assign qkey + status in triage (03)
CAND-1043	UNREVIEWED	ch-35-capital-gains-tax.txt	51		Rs 5,00,000 – Rs 20,00,0000.31%	0000.31%		percent|amount	auto-extracted; assign qkey + status in triage (03)
CAND-1044	UNREVIEWED	ch-35-capital-gains-tax.txt	52		Rs 20,00,000 – Rs 1,00,00,0000.27%	0000.27%		percent|amount	auto-extracted; assign qkey + status in triage (03)
CAND-1045	UNREVIEWED	ch-35-capital-gains-tax.txt	53		Above Rs 1,00,00,0000.24%	0000.24%		percent|amount	auto-extracted; assign qkey + status in triage (03)
CAND-1046	UNREVIEWED	ch-35-capital-gains-tax.txt	54		On top of the broker's slab, every transaction also carries a SEBON regulatory fee of 0.015% of transaction value and a CDSC/DP charge of roughly Rs 25 per transaction leg — both small individually, but both mandatory inputs into the WACC calculation, and both easy to leave out if an investor tries to reconstruct cost basis by hand from memory of the quoted share price alone.	0.015%		percent|amount	auto-extracted; assign qkey + status in triage (03)
CAND-1047	UNREVIEWED	ch-35-capital-gains-tax.txt	60		1100Rs 600Rs 60,000Rs 198.00Rs 9.00Rs 20.83Rs 60,227.83	Rs 600		amount	auto-extracted; assign qkey + status in triage (03)
CAND-1048	UNREVIEWED	ch-35-capital-gains-tax.txt	61		220Rs 610Rs 12,200Rs 43.92Rs 1.83Rs 4.17Rs 12,249.92	Rs 610		amount	auto-extracted; assign qkey + status in triage (03)
CAND-1049	UNREVIEWED	ch-35-capital-gains-tax.txt	62		31,000Rs 620Rs 620,000Rs 1,922.00Rs 93.00Rs 25.00Rs 622,040.00	Rs 620		amount	auto-extracted; assign qkey + status in triage (03)
CAND-1050	UNREVIEWED	ch-35-capital-gains-tax.txt	63		Total1,120—Rs 692,200———Rs 694,517.75	Rs 692,200		amount	auto-extracted; assign qkey + status in triage (03)
CAND-1051	UNREVIEWED	ch-35-capital-gains-tax.txt	64		WACC = Rs 694,517.75 ÷ 1,120 shares = Rs 620.11 per share	Rs 694,517.75		amount	auto-extracted; assign qkey + status in triage (03)
CAND-1052	UNREVIEWED	ch-35-capital-gains-tax.txt	65		That Rs 620.11 — not Rs 600, not Rs 620, not a simple average of the three quoted prices — is the figure the broker's system will use as cost basis the moment any portion of this 1,120-share holding is sold.	Rs 620.11		amount	auto-extracted; assign qkey + status in triage (03)
CAND-1053	UNREVIEWED	ch-35-capital-gains-tax.txt	65		If the investor later sells 500 shares at Rs 750, the taxable gain per share is Rs 750 minus fees minus Rs 620.11, not Rs 750 minus Rs 600.	Rs 750,		amount	auto-extracted; assign qkey + status in triage (03)
CAND-1054	UNREVIEWED	ch-35-capital-gains-tax.txt	72		Take an investor holding 1,000 shares at a WACC of Rs 500 per share — a cost pool of Rs 500,000.	Rs 500		amount	auto-extracted; assign qkey + status in triage (03)
CAND-1055	UNREVIEWED	ch-35-capital-gains-tax.txt	72		The company declares a 10% bonus.	10%		percent	auto-extracted; assign qkey + status in triage (03)
CAND-1056	UNREVIEWED	ch-35-capital-gains-tax.txt	72		The pool is unchanged at Rs 500,000, but the share count is now 1,100.	Rs 500,000,		amount	auto-extracted; assign qkey + status in triage (03)
CAND-1057	UNREVIEWED	ch-35-capital-gains-tax.txt	73		New WACC = Rs 500,000 ÷ 1,100 = Rs 454.55 per share	Rs 500,000		amount	auto-extracted; assign qkey + status in triage (03)
CAND-1058	UNREVIEWED	ch-35-capital-gains-tax.txt	74		When the investor eventually sells at, say, Rs 700, the taxable gain per share is Rs 245.45 rather than the Rs 200 it would have been against the pre-bonus WACC of Rs 500.	Rs 700,		amount	auto-extracted; assign qkey + status in triage (03)
CAND-1059	UNREVIEWED	ch-35-capital-gains-tax.txt	86		Prior to the FY 2083/84 declaration of listed-share CGT as a final tax, individuals whose total annual income exceeded Rs 40 lakh were separately required to file a D-4 statement and obtain tax clearance from the IRD by the end of Ashoj, even though the broker had already withheld tax at the point of sale — a genuine double-touch on compliance for larger investors.	2083/84		fraction|amount	auto-extracted; assign qkey + status in triage (03)
CAND-1060	UNREVIEWED	ch-35-capital-gains-tax.txt	87		Miss that window and you do not just delay your own payment; you expose yourself to a penalty equal to 20% of the sell transaction amount, charged for failing to deliver shares you sold.	20%		percent	auto-extracted; assign qkey + status in triage (03)
CAND-1061	UNREVIEWED	ch-35-capital-gains-tax.txt	89		The 20% EDIS penalty for a missed T+1 transfer deadline is separate from, and can be far larger than, the capital gains tax on the same sale.	20%		percent	auto-extracted; assign qkey + status in triage (03)
CAND-1062	UNREVIEWED	ch-35-capital-gains-tax.txt	89		A short-term trade with a modest gain, taxed at 10%, can still cost an investor an amount several times the tax itself if the electronic share transfer is not authorized in Meroshare by 9:00 PM the day after the trade.	10%		percent	auto-extracted; assign qkey + status in triage (03)
CAND-1063	UNREVIEWED	ch-35-capital-gains-tax.txt	90		For institutional sellers — banks, insurance companies, mutual funds, brokerage proprietary desks — the mechanics of withholding are identical at the point of sale (10% is deducted through the same CDSC infrastructure), but the tax treatment downstream differs from the individual regime.	10%		percent	auto-extracted; assign qkey + status in triage (03)
CAND-1064	UNREVIEWED	ch-35-capital-gains-tax.txt	90		Share trading gains for most institutions are booked as ordinary business income and consolidated into the entity's annual corporate tax return; the 10% withheld at settlement functions there as an advance tax credit against the institution's overall corporate tax liability rather than as a final, self-contained tax the way it now is for individuals.	10%		percent	auto-extracted; assign qkey + status in triage (03)
CAND-1065	UNREVIEWED	ch-35-capital-gains-tax.txt	96		Secondary market purchaseKartik 2081800Rs 480Original purchase, holding clock starts here	Rs 480		amount	auto-extracted; assign qkey + status in triage (03)
CAND-1066	UNREVIEWED	ch-35-capital-gains-tax.txt	97		Bonus allotment (10%)Ashoj 208280Rs 0Zero cost, separate holding clock starts here	10%		percent|amount	auto-extracted; assign qkey + status in triage (03)
CAND-1067	UNREVIEWED	ch-35-capital-gains-tax.txt	98		Rights allotmentMagh 2082200Rs 100Genuine new capital, separate holding clock starts here	Rs 100		amount	auto-extracted; assign qkey + status in triage (03)
CAND-1068	UNREVIEWED	ch-35-capital-gains-tax.txt	99		Secondary market purchaseBhadra 2083300Rs 560Recent top-up, most recent holding clock	Rs 560		amount	auto-extracted; assign qkey + status in triage (03)
CAND-1069	UNREVIEWED	ch-35-capital-gains-tax.txt	100		Her WACC pool, including the roughly Rs 3.6 lakh original purchase cost (with fees), the zero-cost bonus shares, the Rs 20,000 rights subscription (with fees), and the recent Rs 1.68 lakh top-up (with fees), works out to a blended WACC of roughly Rs 435 per share once all four events are pooled and divided across 1,380 shares — pulled down from her original Rs 480 entry price by the zero-cost bonu	Rs 3.6		amount	auto-extracted; assign qkey + status in triage (03)
CAND-1070	UNREVIEWED	ch-35-capital-gains-tax.txt	101		In Ashwin 2083, Sunita sells 600 shares at Rs 650 each.	Rs 650		amount	auto-extracted; assign qkey + status in triage (03)
CAND-1071	UNREVIEWED	ch-35-capital-gains-tax.txt	101		The sale therefore qualifies for the long-term individual rate of 7.5% under the current Finance Act 2083 regime, not the 10% short-term rate — even though her most recent purchase, three weeks before the bonus and rights events layered in, would not have qualified on its own.	7.5%		percent	auto-extracted; assign qkey + status in triage (03)
CAND-1072	UNREVIEWED	ch-35-capital-gains-tax.txt	102		Gain per share = Rs 650 (less proportionate fees) − Rs 435 (WACC) ≈ Rs 210 Total gain on 600 shares ≈ Rs 126,000 Tax withheld at 7.5% ≈ Rs 9,450, deducted automatically at settlement	7.5%		percent|amount	auto-extracted; assign qkey + status in triage (03)
CAND-1073	UNREVIEWED	ch-35-capital-gains-tax.txt	103		Had Sunita instead sold her most recent Bhadra 2083 purchase — the batch bought only weeks earlier — the same transaction would have been taxed at 10%, and her taxable gain per share would have been calculated against that batch's own higher cost, not the blended pool figure a naive investor might assume applies uniformly.	10%		percent	auto-extracted; assign qkey + status in triage (03)
CAND-1074	UNREVIEWED	ch-35-capital-gains-tax.txt	107		As of today, under the Finance Act 2083 (effective Shrawan 1, 2083), a resident individual pays 7.5% on gains from shares held more than 365 days and 10% on gains from shares held 365 days or fewer, both now treated as a final tax rather than an advance payment subject to later reconciliation.	7.5%		percent	auto-extracted; assign qkey + status in triage (03)
CAND-1075	UNREVIEWED	ch-35-capital-gains-tax.txt	107		Resident institutions pay a flat 10% regardless of holding period, though for most entities this functions as a credit against ordinary corporate tax rather than a closed-out final liability.	10%		percent	auto-extracted; assign qkey + status in triage (03)
CAND-1076	UNREVIEWED	ch-35-capital-gains-tax.txt	107		Unlisted securities sit outside this simplified regime entirely, taxed at 10% for individuals and 15% for entities under the standard filing framework, with no final-tax relief.	10%		percent	auto-extracted; assign qkey + status in triage (03)
CAND-1077	UNREVIEWED	ch-35-capital-gains-tax.txt	108		The rate an investor pays has changed materially over a short span: a flat 5% in the years following 2019, a 5%/7.5% long-term/short-term split from 2078 onward, and the current 7.5%/10% split since 2083 — each change reflecting a different balance the government struck between relieving a struggling market, discouraging speculative churn, and raising revenue from an increasingly active retail tra	5%		percent	auto-extracted; assign qkey + status in triage (03)
CAND-1078	UNREVIEWED	ch-35-capital-gains-tax.txt	109		Underneath the rate sits the cost basis, and Nepal computes cost basis by WACC — a single pooled average across every purchase of a given scrip in an account, inclusive of broker commission, SEBON's 0.015% fee, and the CDSC/DP charge on every leg — never by tracking individual lots the way FIFO or LIFO systems do elsewhere.	0.015%		percent	auto-extracted; assign qkey + status in triage (03)
CAND-1079	UNREVIEWED	ch-35-capital-gains-tax.txt	110		The one place friction remains sharp is the EDIS transfer deadline: shares sold must be electronically authorized for transfer from the investor's demat account to the broker's by 9:00 PM on T+1, and missing that window triggers a 20% penalty on the sale amount — a settlement-discipline cost entirely separate from, and potentially far larger than, the capital gains tax itself.	20%		percent	auto-extracted; assign qkey + status in triage (03)
CAND-1080	UNREVIEWED	ch-36-dividend-interest-tax.txt	13		"The company's board proposes a dividend, typically expressed as a percentage of paid-up capital (for example, ""20 percent,"" meaning NPR 20 per NPR 100 share)."	20 percent		percent|amount	auto-extracted; assign qkey + status in triage (03)
CAND-1081	UNREVIEWED	ch-36-dividend-interest-tax.txt	14		For Lakshmi, this meant a declared dividend of, say, NPR 2,000 on her two hundred shares (at an assumed 10 percent dividend rate on NPR 100 paid-up value per share) would arrive in her account as NPR 1,900, with NPR 100 already sitting with the IRD in her name.	10 percent		percent|amount	auto-extracted; assign qkey + status in triage (03)
CAND-1082	UNREVIEWED	ch-36-dividend-interest-tax.txt	16		The five percent dividend withholding rate is set under Schedule 1, Section 2(3) of the Income Tax Act, 2058, and has remained unchanged through every Finance Act from 2077/78 through the current 2082/83 fiscal year.	2077/78		fraction	auto-extracted; assign qkey + status in triage (03)
CAND-1083	UNREVIEWED	ch-36-dividend-interest-tax.txt	22		Cash dividendResident individual5%Yes (Section 92 final withholding payment)ITA 2058, Sched.	5%		percent	auto-extracted; assign qkey + status in triage (03)
CAND-1084	UNREVIEWED	ch-36-dividend-interest-tax.txt	23		Cash dividendResident company/institution5%Effectively yes, via §53(3) exclusionITA 2058 §53(3); §88	5%		percent	auto-extracted; assign qkey + status in triage (03)
CAND-1085	UNREVIEWED	ch-36-dividend-interest-tax.txt	24		Bonus share (stock dividend)Resident individual5% of face valueYes, settled before demat creditITA 2058 §53(1); IRD directive	5%		percent	auto-extracted; assign qkey + status in triage (03)
CAND-1086	UNREVIEWED	ch-36-dividend-interest-tax.txt	25		Bank/FI deposit interestResident individual5%Yes (Section 92)ITA 2058, Sched.	5%		percent	auto-extracted; assign qkey + status in triage (03)
CAND-1087	UNREVIEWED	ch-36-dividend-interest-tax.txt	26		Listed debenture/bond interestResident individual5%Yes (Section 92)ITA 2058, Sched.	5%		percent	auto-extracted; assign qkey + status in triage (03)
CAND-1088	UNREVIEWED	ch-36-dividend-interest-tax.txt	27		Bank/FI deposit or debenture interestResident company/institution5% (advance)No — added to taxable incomeITA 2058 §88; taxed at 25-30%	5%		percent|score_band	auto-extracted; assign qkey + status in triage (03)
CAND-1089	UNREVIEWED	ch-36-dividend-interest-tax.txt	28		Dividend or interestNon-resident5% (dividend); 15% (most interest)Yes, subject to any applicable tax treatyITA 2058 §87-88; DTAA overrides	5%		percent|score_band	auto-extracted; assign qkey + status in triage (03)
CAND-1090	UNREVIEWED	ch-36-dividend-interest-tax.txt	31		A retail investor earning NPR 500,000 in cash dividends across a diversified NEPSE portfolio in a given fiscal year owes precisely NPR 25,000 in tax on that income — no more, regardless of whether the investor's salary alone already places them in the top slab.	NPR 500,000		amount|nepse	auto-extracted; assign qkey + status in triage (03)
CAND-1091	UNREVIEWED	ch-36-dividend-interest-tax.txt	33		Consider two Kathmandu residents with identical total annual income of NPR 1.8 million.	NPR 1.8		amount	auto-extracted; assign qkey + status in triage (03)
CAND-1092	UNREVIEWED	ch-36-dividend-interest-tax.txt	33		The second earns NPR 1.2 million in salary and NPR 600,000 in dividends from a NEPSE portfolio built over a decade.	NPR 1.2		amount|nepse	auto-extracted; assign qkey + status in triage (03)
CAND-1093	UNREVIEWED	ch-36-dividend-interest-tax.txt	33		Only the salary portion is pushed through the progressive slabs; the NPR 600,000 in dividends is taxed at a flat five percent and never enters the slab calculation at all.	NPR 600,000		amount	auto-extracted; assign qkey + status in triage (03)
CAND-1094	UNREVIEWED	ch-36-dividend-interest-tax.txt	41		Under Section 53(1) of the Income Tax Act, a company that capitalises its retained earnings and issues bonus shares to existing shareholders is treated, for tax purposes, as having distributed a dividend equal to the face value of those newly issued shares — in NEPSE's case, essentially always NPR 100 per share, since Nepali listed companies overwhelmingly maintain a par value of NPR 100.	NPR 100		amount|nepse	auto-extracted; assign qkey + status in triage (03)
CAND-1095	UNREVIEWED	ch-36-dividend-interest-tax.txt	46		Because tax has already been paid on the face value of the bonus shares as deemed dividend income, the shareholder's acquisition cost for those specific shares is treated as their face value (NPR 100 per share), not zero.	NPR 100		amount	auto-extracted; assign qkey + status in triage (03)
CAND-1096	UNREVIEWED	ch-36-dividend-interest-tax.txt	46		When those shares are eventually sold on NEPSE, capital gains tax — a separate tax addressed in its own right elsewhere in this book — is computed on the difference between the sale price and this NPR 100 cost basis, not on the full sale price.	NPR 100		amount|nepse	auto-extracted; assign qkey + status in triage (03)
CAND-1097	UNREVIEWED	ch-36-dividend-interest-tax.txt	48		Keep a simple running spreadsheet of the AGM date, bonus ratio, shares received, and assumed NPR 100 per share cost basis for each tranche; you will need exactly this data when you eventually compute capital gains on a partial sale of a scrip you have held across multiple bonus cycles.	NPR 100		amount	auto-extracted; assign qkey + status in triage (03)
CAND-1098	UNREVIEWED	ch-36-dividend-interest-tax.txt	49		(HHL), and the company's AGM approves a 15 percent bonus share issue.	15 percent		percent	auto-extracted; assign qkey + status in triage (03)
CAND-1099	UNREVIEWED	ch-36-dividend-interest-tax.txt	51		Bonus shares issued1,000 x 15%150 shares	15%		percent	auto-extracted; assign qkey + status in triage (03)
CAND-1100	UNREVIEWED	ch-36-dividend-interest-tax.txt	52		Deemed dividend value150 shares x NPR 100 face value15,000	NPR 100		amount	auto-extracted; assign qkey + status in triage (03)
CAND-1101	UNREVIEWED	ch-36-dividend-interest-tax.txt	53		Tax withheld at 5%15,000 x 5%750	5%		percent	auto-extracted; assign qkey + status in triage (03)
CAND-1102	UNREVIEWED	ch-36-dividend-interest-tax.txt	55		Shareholder's cost basis per bonus shareFace value on which tax was paidNPR 100	NPR 100		amount	auto-extracted; assign qkey + status in triage (03)
CAND-1103	UNREVIEWED	ch-36-dividend-interest-tax.txt	56		Total cost basis added to shareholder's holding150 x NPR 10015,000	NPR 10015,000		amount	auto-extracted; assign qkey + status in triage (03)
CAND-1104	UNREVIEWED	ch-36-dividend-interest-tax.txt	57		Notice that the shareholder receives the full 150 shares and pays nothing directly, yet has legitimately established an additional NPR 15,000 of cost basis in HHL stock — a figure that will directly reduce capital gains tax owed whenever those 150 shares are sold.	NPR 15,000		amount	auto-extracted; assign qkey + status in triage (03)
CAND-1105	UNREVIEWED	ch-36-dividend-interest-tax.txt	61		A retail investor holding, say, a bank debenture paying an 11 percent annual coupon receives, after withholding, an effective 10.45 percent net yield — a gap worth building into any yield comparison between debentures and dividend-paying equities, since the headline coupon rate quoted in offer documents is always the pre-tax figure.	11 percent		percent	auto-extracted; assign qkey + status in triage (03)
CAND-1106	UNREVIEWED	ch-36-dividend-interest-tax.txt	63		The Finance Bill accompanying the 2080/81 budget floated a proposal to raise withholding on bank deposit interest, a move that drew immediate and vocal opposition from the banking sector and depositor advocacy groups on the grounds that it would discourage formal savings at a time when banks were already competing hard for deposits.	2080/81		fraction	auto-extracted; assign qkey + status in triage (03)
CAND-1107	UNREVIEWED	ch-36-dividend-interest-tax.txt	68		BFI savings accountAny licensed bank/finance company5%YesAt each interest credit (often monthly/quarterly)	5%		percent	auto-extracted; assign qkey + status in triage (03)
CAND-1108	UNREVIEWED	ch-36-dividend-interest-tax.txt	69		BFI fixed deposit3-month to 5-year FD5%YesAt maturity or each coupon date	5%		percent	auto-extracted; assign qkey + status in triage (03)
CAND-1109	UNREVIEWED	ch-36-dividend-interest-tax.txt	70		Listed bank debentureNCD traded on NEPSE5%YesSemi-annual coupon date	5%		percent	auto-extracted; assign qkey + status in triage (03)
CAND-1110	UNREVIEWED	ch-36-dividend-interest-tax.txt	71		Government/development bond (via mutual fund)Held inside a mutual fund scheme5% at fund level, pass-through to unit holderGenerally yes at unit-holder levelAt fund distribution	5%		percent	auto-extracted; assign qkey + status in triage (03)
CAND-1111	UNREVIEWED	ch-36-dividend-interest-tax.txt	82		Resident individual (personal investor)5%, final (Section 92)5%, final (Section 92)	5%		percent	auto-extracted; assign qkey + status in triage (03)
CAND-1112	UNREVIEWED	ch-36-dividend-interest-tax.txt	83		Resident company receiving from another resident companyExcluded from taxable income (Section 53(3)); 5% withheld is terminalFully taxable at 25% (or 30% for BFIs/insurers); 5% withheld is a credit only	5%		percent	auto-extracted; assign qkey + status in triage (03)
CAND-1113	UNREVIEWED	ch-36-dividend-interest-tax.txt	85		Non-resident individual/entity5%, subject to any applicable double tax avoidance agreementTypically higher (commonly 15%), subject to any applicable treaty	5%		percent	auto-extracted; assign qkey + status in triage (03)
CAND-1114	UNREVIEWED	ch-36-dividend-interest-tax.txt	95		"A company declaring a ""25 percent dividend"" is declaring NPR 25 of dividend per NPR 100 share, before tax; your realised cash yield on that declaration is NPR 23.75 per share, a distinction that matters when comparing dividend yields across companies, or when comparing equity dividend yield against a bank fixed deposit's quoted interest rate, since both figures reported in the market are conventio"	25 percent		percent|amount	auto-extracted; assign qkey + status in triage (03)
CAND-1115	UNREVIEWED	ch-36-dividend-interest-tax.txt	97		Dividend and interest income earned by Nepali retail investors from NEPSE-listed shares, bank deposits, and listed debentures is taxed at a uniform five percent withholding rate under Schedule 1, Section 2(3) of the Income Tax Act, 2058, deducted at source by the paying company or bank before any cash reaches the investor.			nepse	auto-extracted; assign qkey + status in triage (03)
CAND-1116	UNREVIEWED	ch-36-dividend-interest-tax.txt	98		Bonus shares receive the same five percent treatment as cash dividends, but assessed on the face value of the newly issued shares (ordinarily NPR 100 per share on NEPSE) rather than on any cash sum, under the deemed-dividend rule in Section 53(1).	NPR 100		amount|nepse	auto-extracted; assign qkey + status in triage (03)
CAND-1117	UNREVIEWED	ch-36-dividend-interest-tax.txt	98		The tax paid at this stage is not a sunk cost, however — it establishes the shareholder's NPR 100-per-share cost basis in those bonus shares, a figure that directly reduces capital gains tax owed whenever the shares are eventually sold, and one that disciplined investors should track scrip by scrip and AGM by AGM.	NPR 100		amount	auto-extracted; assign qkey + status in triage (03)
CAND-1118	UNREVIEWED	ch-36-dividend-interest-tax.txt	99		Interest income from bank fixed deposits, savings accounts, and listed corporate debentures follows a parallel five percent, final-withholding structure for individual recipients, though the rate has not been entirely free of political contest — a 2080/81 budget-cycle proposal to raise bank-deposit withholding met sufficient pushback that it was not carried into the enacted rate, leaving five perc	2080/81		fraction	auto-extracted; assign qkey + status in triage (03)
CAND-1119	UNREVIEWED	ch-37-rights-bonus-tax.txt	9		declared a 15 percent stock dividend, he watched his DEMAT statement update, saw the 5 percent tax deducted at source on the deemed dividend value, and filed the withholding certificate away as instructed.	15 percent		percent	auto-extracted; assign qkey + status in triage (03)
CAND-1120	UNREVIEWED	ch-37-rights-bonus-tax.txt	11		Under the dividend-withholding framework of the Income Tax Act, 2058 — administered through Section 88 provisions on dividend distribution — a 5 percent withholding tax applies to the value of the bonus at the moment of issuance, and that 5 percent becomes a final tax for a resident individual investor.	5 percent		percent	auto-extracted; assign qkey + status in triage (03)
CAND-1121	UNREVIEWED	ch-37-rights-bonus-tax.txt	18		Tax event at issuanceNoneDeemed dividend, 5% final withholding tax	5%		percent	auto-extracted; assign qkey + status in triage (03)
CAND-1122	UNREVIEWED	ch-37-rights-bonus-tax.txt	24		For a rights issue this typically includes the per-share issue price set by the company (frequently Rs 100 per share at par, though premium rights issues do occur), any bank service charge or ASBA (Applicant Supported by Blocked Amount) processing fee deducted at the time of application, and any DP (Depository Participant) charge associated with crediting the shares.	Rs 100		amount	auto-extracted; assign qkey + status in triage (03)
CAND-1123	UNREVIEWED	ch-37-rights-bonus-tax.txt	25		Worked example: Suppose you hold 500 shares of Himalchuli Cement Ltd., and the company announces a rights issue in the ratio of 1:2 (one new share for every two held) at an issue price of Rs 100 per share.	Rs 100		amount	auto-extracted; assign qkey + status in triage (03)
CAND-1124	UNREVIEWED	ch-37-rights-bonus-tax.txt	26		Cash paid: 250 shares × Rs 100 = Rs 25,000 ASBA/bank processing charge (flat, illustrative): Rs 10 Total cost basis added: Rs 25,010 Cost basis per rights share: Rs 25,010 ÷ 250 = Rs 100.04	Rs 100		amount	auto-extracted; assign qkey + status in triage (03)
CAND-1125	UNREVIEWED	ch-37-rights-bonus-tax.txt	27		This Rs 100.04 per share is what enters your holding's weighted average cost calculation — not zero, not the current market price of the parent share, and not the face value used for bonus shares.	Rs 100.04		amount	auto-extracted; assign qkey + status in triage (03)
CAND-1126	UNREVIEWED	ch-37-rights-bonus-tax.txt	36		Chapter 36 walked through the mechanics of the withholding calculation itself — the gross-up formula that requires a company to divide the announced bonus value by 0.95 to determine the pre-tax distribution, then withhold 5 percent of that grossed-up figure.	5 percent		percent	auto-extracted; assign qkey + status in triage (03)
CAND-1127	UNREVIEWED	ch-37-rights-bonus-tax.txt	38		"In practice, ""the value of a bonus share"" for this purpose has historically been anchored to the share's face value (commonly Rs 100 for most NEPSE-listed companies, though some older listings carry different paid-up denominations), because the deemed-dividend withholding itself is calculated against that face value at the point of capitalisation, not against the fluctuating market price."	Rs 100		amount|nepse	auto-extracted; assign qkey + status in triage (03)
CAND-1128	UNREVIEWED	ch-37-rights-bonus-tax.txt	40		"In Jestha 2075 (June 2018), the Inland Revenue Department issued a directive instructing NEPSE and the depository system to calculate capital gains on bonus and rights shares using the paid-up (face) value of the share as the cost basis, replacing an older practice under which brokers had been using an ""average base price"" derived from market data."	June 2018		word_date|nepse	auto-extracted; assign qkey + status in triage (03)
CAND-1129	UNREVIEWED	ch-37-rights-bonus-tax.txt	40		For a company with a standard Rs 100 face value, this meant every bonus share's cost basis was fixed at Rs 100 regardless of what the market price had done since issuance — a materially higher basis than under the prior average-price method for most growth stocks, but still a basis, not zero.	Rs 100		amount	auto-extracted; assign qkey + status in triage (03)
CAND-1130	UNREVIEWED	ch-37-rights-bonus-tax.txt	43		If your bonus share's cost basis is recorded as its face value (say Rs 100), and you later sell it at Rs 850, your taxable capital gain is Rs 750 per share.	Rs 100		amount	auto-extracted; assign qkey + status in triage (03)
CAND-1131	UNREVIEWED	ch-37-rights-bonus-tax.txt	44		"If your bonus share's cost basis is instead recorded as zero — as some broker calculators and even some DP account statements default to, treating ""you paid nothing for it"" too literally — your taxable capital gain balloons to the full Rs 850 per share."	Rs 850		amount	auto-extracted; assign qkey + status in triage (03)
CAND-1132	UNREVIEWED	ch-37-rights-bonus-tax.txt	45		At a long-term capital gains rate, the zero-basis treatment can nearly double your effective tax bill on the bonus portion of your holding, and it does so on top of the 5 percent dividend withholding you already paid when the bonus was issued.	5 percent		percent	auto-extracted; assign qkey + status in triage (03)
CAND-1133	UNREVIEWED	ch-37-rights-bonus-tax.txt	47		Consider an investor holding 1,000 shares of a hypothetical company, Sagarmatha Hydro Ltd., who received a 10 percent bonus (100 new shares) in a year when the company's face value was Rs 100.	10 percent		percent|amount	auto-extracted; assign qkey + status in triage (03)
CAND-1134	UNREVIEWED	ch-37-rights-bonus-tax.txt	47		The company withheld dividend tax of roughly Rs 5,263 on the grossed-up bonus value (100 shares × Rs 100 ÷ 0.95 × 5%).	5%		percent|amount	auto-extracted; assign qkey + status in triage (03)
CAND-1135	UNREVIEWED	ch-37-rights-bonus-tax.txt	47		Two years later, the investor sells those 100 bonus shares at a market price of Rs 620 each — proceeds of Rs 62,000.	Rs 620		amount	auto-extracted; assign qkey + status in triage (03)
CAND-1136	UNREVIEWED	ch-37-rights-bonus-tax.txt	47		Using face-value cost basis (Rs 100 × 100 = Rs 10,000), the taxable capital gain is Rs 52,000, taxed at the applicable long-term rate.	Rs 100		amount	auto-extracted; assign qkey + status in triage (03)
CAND-1137	UNREVIEWED	ch-37-rights-bonus-tax.txt	47		Using zero cost basis, the taxable gain is the full Rs 62,000.	Rs 62,000		amount	auto-extracted; assign qkey + status in triage (03)
CAND-1138	UNREVIEWED	ch-37-rights-bonus-tax.txt	47		The difference in taxable gain — Rs 10,000 — is exactly the value already taxed once as a deemed dividend.	Rs 10,000		amount	auto-extracted; assign qkey + status in triage (03)
CAND-1139	UNREVIEWED	ch-37-rights-bonus-tax.txt	48		The prudent position for an investor — and the one this book recommends you hold your broker and DP records to — is that the face value already subjected to the 5 percent withholding must carry forward as cost basis.	5 percent		percent	auto-extracted; assign qkey + status in triage (03)
CAND-1140	UNREVIEWED	ch-37-rights-bonus-tax.txt	59		Initial purchase (200 shares @ Rs 400 + Rs 320 brokerage/SEBON/DP charges)20080,32020080,320401.60	Rs 400		amount	auto-extracted; assign qkey + status in triage (03)
CAND-1141	UNREVIEWED	ch-37-rights-bonus-tax.txt	60		Rights issue, 1:2 @ Rs 100 par (100 new shares) + Rs 10 ASBA charge10010,01030090,330301.10	Rs 100		amount	auto-extracted; assign qkey + status in triage (03)
CAND-1142	UNREVIEWED	ch-37-rights-bonus-tax.txt	61		Bonus issue, 10% on 300 shares (30 new shares) @ Rs 100 face value, already taxed at 5% withholding303,00033093,330282.82	10%		percent|amount	auto-extracted; assign qkey + status in triage (03)
CAND-1143	UNREVIEWED	ch-37-rights-bonus-tax.txt	62		Second market purchase (70 shares @ Rs 550 + Rs 270 charges)7038,770400132,100330.25	Rs 550		amount	auto-extracted; assign qkey + status in triage (03)
CAND-1144	UNREVIEWED	ch-37-rights-bonus-tax.txt	63		The rights allotment, priced well below the prevailing WACC of Rs 401.60, pulled the average down to Rs 301.10 — a rights issue priced at a discount to your cost base will always do this, and a rights issue priced above your existing WACC would push it up instead.	Rs 401.60		amount	auto-extracted; assign qkey + status in triage (03)
CAND-1145	UNREVIEWED	ch-37-rights-bonus-tax.txt	63		The bonus allotment then pulled the average down further, from Rs 301.10 to Rs 282.82, because the face-value cost of Rs 100 per bonus share is virtually always below whatever the blended average happens to be at that point — this is close to a mechanical certainty for any company whose share price trades above face value, which is the overwhelming majority of the exchange.	Rs 301.10		amount	auto-extracted; assign qkey + status in triage (03)
CAND-1146	UNREVIEWED	ch-37-rights-bonus-tax.txt	63		The final market purchase, executed above the prevailing WACC, pushed the average back up to Rs 330.25.	Rs 330.25		amount	auto-extracted; assign qkey + status in triage (03)
CAND-1147	UNREVIEWED	ch-37-rights-bonus-tax.txt	64		This single blended figure — Rs 330.25 in the example above — is what your broker's system will apply against the sale price of any shares of Himal Hydro Ltd.	Rs 330.25		amount	auto-extracted; assign qkey + status in triage (03)
CAND-1148	UNREVIEWED	ch-37-rights-bonus-tax.txt	71		The shareholder is then taxed a second time, at 5 percent, when the reserve is converted into a share and credited to the shareholder's account, on the theory that this is economically equivalent to a cash dividend.	5 percent		percent	auto-extracted; assign qkey + status in triage (03)
CAND-1149	UNREVIEWED	ch-37-rights-bonus-tax.txt	73		Under the Finance Bill presented for fiscal year 2083/84 (the current fiscal year at time of writing, effective from Shrawan 1, 2083 — mid-July 2026), the rate applied to gains on listed shares held for one year or less rose from 7.5 percent to 10 percent, and the rate on gains from shares held for more than one year rose from 5 percent to 7.5 percent.	7.5 percent		percent|fraction|word_date	auto-extracted; assign qkey + status in triage (03)
CAND-1150	UNREVIEWED	ch-37-rights-bonus-tax.txt	73		Gains on unlisted company shares continue to be taxed at a flat 10 percent regardless of holding period.	10 percent		percent	auto-extracted; assign qkey + status in triage (03)
CAND-1151	UNREVIEWED	ch-37-rights-bonus-tax.txt	75		Current capital gains tax rates on listed shares for a resident individual, effective FY 2083/84 (from mid-July 2026): 10 percent on gains where the shares were held 365 days or less; 7.5 percent on gains where the shares were held more than 365 days.	10 percent		percent|fraction|word_date	auto-extracted; assign qkey + status in triage (03)
CAND-1152	UNREVIEWED	ch-37-rights-bonus-tax.txt	75		This replaces the 7.5 percent / 5 percent structure that applied in FY 2082/83.	7.5 percent		percent|fraction	auto-extracted; assign qkey + status in triage (03)
CAND-1153	UNREVIEWED	ch-37-rights-bonus-tax.txt	75		Unlisted shares remain taxed at a flat 10 percent irrespective of holding period.	10 percent		percent	auto-extracted; assign qkey + status in triage (03)
CAND-1154	UNREVIEWED	ch-37-rights-bonus-tax.txt	76		A bonus lot mistakenly recorded at zero cost, taxed at the new 7.5 percent long-term rate instead of correctly reflecting its face-value basis, produces a materially larger overpayment than the identical error would have produced under last year's 5 percent rate.	7.5 percent		percent	auto-extracted; assign qkey + status in triage (03)
CAND-1155	UNREVIEWED	ch-37-rights-bonus-tax.txt	80		For every bonus issue you receive, retain: the company's board/AGM resolution announcing the bonus percentage and the share's face value at the time, and — most importantly — the TDS certificate or equivalent withholding confirmation showing the 5 percent dividend tax was deducted and deposited.	5 percent		percent	auto-extracted; assign qkey + status in triage (03)
CAND-1156	UNREVIEWED	ch-37-rights-bonus-tax.txt	92		A bonus share, by contrast, is a deemed dividend distribution of the company's own reserves, taxed at a 5 percent final withholding rate on its face value at the moment of issuance — a rule Chapter 36 established and this chapter has built directly upon rather than repeated.	5 percent		percent	auto-extracted; assign qkey + status in triage (03)
CAND-1157	UNREVIEWED	ch-37-rights-bonus-tax.txt	93		The defensible, double-taxation-avoiding answer is that the face value already subjected to the 5 percent withholding should carry forward as the share's cost basis for capital gains purposes — a position the Inland Revenue Department itself adopted through its Jestha 2075 directive, before investor protest and a government task force forced a pause on implementation.	5 percent		percent	auto-extracted; assign qkey + status in triage (03)
CAND-1158	UNREVIEWED	ch-37-rights-bonus-tax.txt	95		Effective from fiscal year 2083/84 (mid-July 2026), the capital gains tax on listed shares rose to 10 percent for holdings of 365 days or less and 7.5 percent for holdings beyond that threshold, up from 7.5 percent and 5 percent respectively the year before — a final withholding tax for the ordinary, non-commercial individual investor, deducted automatically by your broker at settlement.	10 percent		percent|fraction|word_date	auto-extracted; assign qkey + status in triage (03)
CAND-1159	UNREVIEWED	ch-38-tax-planning.txt	11		As of the writing of this chapter, in Bhadra 2083 (August 2026), Nepal is operating under the tax structure introduced by the Finance Act 2083, effective from Shrawan 1, 2083 (17 July 2026) — the start of the current fiscal year, FY 2083/84.	2083/84		fraction|word_date	auto-extracted; assign qkey + status in triage (03)
CAND-1160	UNREVIEWED	ch-38-tax-planning.txt	13		"Effective Shrawan 1, 2083 (17 July 2026) under the Finance Act 2083, capital gains tax on listed shares for resident natural persons stands at 7.5 percent for shares held more than 365 days (""long-term"") and 10 percent for shares held 365 days or fewer (""short-term"")."	7.5 percent		percent|word_date	auto-extracted; assign qkey + status in triage (03)
CAND-1161	UNREVIEWED	ch-38-tax-planning.txt	13		This replaced the FY 2082/83 structure of 5 percent and 7.5 percent respectively — a flat 2.5-percentage-point increase at both ends of the holding-period spectrum.	5 percent		percent|fraction	auto-extracted; assign qkey + status in triage (03)
CAND-1162	UNREVIEWED	ch-38-tax-planning.txt	13		Dividend income on listed shares continues to be taxed at a flat 5 percent, withheld by the distributing company.	5 percent		percent	auto-extracted; assign qkey + status in triage (03)
CAND-1163	UNREVIEWED	ch-38-tax-planning.txt	15		CategoryFY 2082/83 (ended Ashad 2083)FY 2083/84 (current)	2082/83		fraction	auto-extracted; assign qkey + status in triage (03)
CAND-1164	UNREVIEWED	ch-38-tax-planning.txt	16		Resident individual, listed shares, held >365 days5.0%7.5%	5.0%		percent	auto-extracted; assign qkey + status in triage (03)
CAND-1165	UNREVIEWED	ch-38-tax-planning.txt	17		Resident individual, listed shares, held ≤365 days7.5%10.0%	7.5%		percent	auto-extracted; assign qkey + status in triage (03)
CAND-1166	UNREVIEWED	ch-38-tax-planning.txt	18		Dividend on listed shares (resident individual)5.0% (final)5.0% (final)	5.0%		percent	auto-extracted; assign qkey + status in triage (03)
CAND-1167	UNREVIEWED	ch-38-tax-planning.txt	19		Resident entity/institution, listed shares10.0% (flat, no holding-period benefit)10.0% (flat, no holding-period benefit)	10.0%		percent	auto-extracted; assign qkey + status in triage (03)
CAND-1168	UNREVIEWED	ch-38-tax-planning.txt	20		Resident individual, unlisted shares10.0%10.0%	10.0%		percent	auto-extracted; assign qkey + status in triage (03)
CAND-1169	UNREVIEWED	ch-38-tax-planning.txt	28		On a genuine long-term winner — say a position that has appreciated 150 percent over three years — the difference between paying 7.5 percent and 10 percent on that gain is the difference between keeping roughly 92.5 percent of your profit and keeping 90 percent of it.	150 percent		percent	auto-extracted; assign qkey + status in triage (03)
CAND-1170	UNREVIEWED	ch-38-tax-planning.txt	28		This is the one number in Nepali equity taxation that is entirely, 100 percent within your control, because you — not the market, not the company, not the IRD — decide the day you sell.	100 percent		percent	auto-extracted; assign qkey + status in triage (03)
CAND-1171	UNREVIEWED	ch-38-tax-planning.txt	30		"In NEPSE's T+1 settlement environment, this means the clock that determines whether you cross into ""long-term"" territory is anchored to when the shares were actually credited to your demat account, and when they are actually debited on sale."			nepse	auto-extracted; assign qkey + status in triage (03)
CAND-1172	UNREVIEWED	ch-38-tax-planning.txt	33		"Nepali brokers and the CDSC infrastructure generally do not operate a strict ""first-in-first-out"" lot-selection system that lets an investor cherry-pick which specific tranche of a scrip is being disposed of at sale time, the way sophisticated brokerage platforms in the US allow ""specific lot identification."" Bonus and rights shares in particular are folded into your holding on a weighted-average "	2076/77		fraction	auto-extracted; assign qkey + status in triage (03)
CAND-1173	UNREVIEWED	ch-38-tax-planning.txt	36		Selling today locks in the short-term rate (10 percent under FY 2083/84 law) on the entire gain.	10 percent		percent|fraction	auto-extracted; assign qkey + status in triage (03)
CAND-1174	UNREVIEWED	ch-38-tax-planning.txt	36		Waiting 25 more days — assuming no material change in the investment thesis — converts the entire position to the long-term rate (7.5 percent).	7.5 percent		percent	auto-extracted; assign qkey + status in triage (03)
CAND-1175	UNREVIEWED	ch-38-tax-planning.txt	36		On a gain of NPR 800,000, that 2.5-point difference is NPR 20,000 in tax saved for the cost of three and a half weeks of additional market exposure.	NPR 800,000,		amount	auto-extracted; assign qkey + status in triage (03)
CAND-1176	UNREVIEWED	ch-38-tax-planning.txt	38		This is not a rule that will hold forever — rates could as easily fall in a future budget aimed at reviving capital markets, as happened in FY 2076/77 when the rate was cut from 7.5 percent to 5 percent for long-term individual holders.	7.5 percent		percent|fraction	auto-extracted; assign qkey + status in triage (03)
CAND-1177	UNREVIEWED	ch-38-tax-planning.txt	50		"But rebalancing on NEPSE has a tax dimension that a purely mechanical rebalancing rule (say, ""trim anything above 15 percent of portfolio value"") can blindly walk into: every rebalancing trade is a taxable event, subject to whichever CGT rate its holding period earns, and a high-turnover rebalancing habit systematically pushes more of your gains into the short-term bracket."	15 percent		percent|nepse	auto-extracted; assign qkey + status in triage (03)
CAND-1178	UNREVIEWED	ch-38-tax-planning.txt	51		"An investor who ""actively manages"" the same portfolio — rotating in and out of sector calls every few months in response to news, rumour, or momentum — will find that most of their gains are realised well inside the 365-day window, permanently locking themselves into the short-term rate (now a full 10 percent under FY 2083/84 law) on the majority of their trading profits, on top of paying broker c"	10 percent		percent|fraction	auto-extracted; assign qkey + status in triage (03)
CAND-1179	UNREVIEWED	ch-38-tax-planning.txt	52		In the FY 2080/81 budget, the government introduced a provision that alarmed the retail investing public: an additional layer of income tax, on top of ordinary CGT, on gains earned from share trading.	2080/81		fraction	auto-extracted; assign qkey + status in triage (03)
CAND-1180	UNREVIEWED	ch-38-tax-planning.txt	52		NEPSE fell more than 90 points across two trading sessions on the news before the Inland Revenue Department issued a public clarification.			nepse	auto-extracted; assign qkey + status in triage (03)
CAND-1181	UNREVIEWED	ch-38-tax-planning.txt	54		"Following the FY 2080/81 budget announcement, the IRD explicitly clarified that the new additional income-tax provision on share gains applied only to ""commercial investors"" — those whose pattern of share dealing is substantial and systematic enough to constitute a business — and explicitly did not apply to ordinary ""non-commercial"" natural investors."	2080/81		fraction	auto-extracted; assign qkey + status in triage (03)
CAND-1182	UNREVIEWED	ch-38-tax-planning.txt	54		The IRD's own illustrative example: an individual earning NPR 3,000,000 from share transactions in a year pays 5 percent CGT (NPR 150,000 at the rate then in force) and, if classified as a genuine small/non-commercial investor, owes nothing further on the remaining NPR 2,850,000.	5 percent		percent|amount	auto-extracted; assign qkey + status in triage (03)
CAND-1183	UNREVIEWED	ch-38-tax-planning.txt	58		The tax-planning implication is straightforward, and it dovetails with the investment philosophy this book has argued for since Part I: a lower-turnover, holding-period-disciplined approach is not merely more tax-efficient at the margin (more gains captured at 7.5 percent rather than 10 percent) — it is also the posture least likely to invite reclassification risk in the first place.	7.5 percent		percent	auto-extracted; assign qkey + status in triage (03)
CAND-1184	UNREVIEWED	ch-38-tax-planning.txt	63		A retired parent in the lowest income bracket and a high-earning professional pay the identical 7.5 percent/10 percent CGT and 5 percent dividend tax on their own shares — the personal tax bracket is simply irrelevant to these two income types for a non-commercial investor.	7.5 percent		percent	auto-extracted; assign qkey + status in triage (03)
CAND-1185	UNREVIEWED	ch-38-tax-planning.txt	85		Distributions from the fund to unit holders are, further, treated as exempt in the hands of the resident recipient — a materially different treatment from the flat 5 percent final withholding tax that applies to dividends paid directly by a listed company to its individual shareholders.	5 percent		percent	auto-extracted; assign qkey + status in triage (03)
CAND-1186	UNREVIEWED	ch-38-tax-planning.txt	88		Tax on distributions received while holding5% flat, final withholding on dividendsDistributions to resident unit holders treated as exempt	5%		percent	auto-extracted; assign qkey + status in triage (03)
CAND-1187	UNREVIEWED	ch-38-tax-planning.txt	89		Tax on your own exit (selling the position/unit)CGT at 7.5%/10% depending on your holding period in that scripCGT at the same listed-security rates (7.5%/10%) applies to the unit sale, based on your own holding period in the fund	7.5%		percent	auto-extracted; assign qkey + status in triage (03)
CAND-1188	UNREVIEWED	ch-38-tax-planning.txt	94		The rates themselves — 7.5 percent long-term and 10 percent short-term CGT on listed shares, 5 percent final tax on dividends, all under the Finance Act 2083 effective from Shrawan 1, 2083 — are numbers you should expect to see revised again in a future budget, most likely upward given the trend of the last two fiscal years, and the durable lesson of this chapter is not the specific figures but th	7.5 percent		percent	auto-extracted; assign qkey + status in triage (03)
CAND-1189	UNREVIEWED	ch-38-tax-planning.txt	95		The first lever, and the one most fully within your control, is holding-period discipline: knowing your exact settlement-date anniversary for every meaningful position, understanding that the 365-day line is a cliff rather than a slope, and sequencing large disposals to capture the long-term rate wherever the underlying investment case supports the wait — while never holding a deteriorating busine	2.5 percent		percent	auto-extracted; assign qkey + status in triage (03)
CAND-1190	UNREVIEWED	ch-38-tax-planning.txt	95		The third is turnover awareness: understanding that every rebalancing trade is a taxable event whose rate depends on holding period, and that a trading pattern substantial enough in frequency and scale can shift your classification from a non-commercial investor enjoying final, schedular tax treatment to a commercial one facing additional progressive income tax — a risk the market learned about th	2080/81		fraction	auto-extracted; assign qkey + status in triage (03)
CAND-1191	UNREVIEWED	ch-39-valuation-ratios.txt	12		Consider the second-quarter (Poush-end) results of fiscal year 2082/83 — the most recent full reporting cycle available at the time of writing — across a cross-section of Nepal's commercial banks.	2082/83		fraction	auto-extracted; assign qkey + status in triage (03)
CAND-1192	UNREVIEWED	ch-39-valuation-ratios.txt	25		First, within a single sector — commercial banking, the most homogeneous, most heavily regulated corner of NEPSE — P/E multiples still range from under 8x to over 300x.			nepse	auto-extracted; assign qkey + status in triage (03)
CAND-1193	UNREVIEWED	ch-39-valuation-ratios.txt	25		NIC Asia's EPS of Rs 1.76 was compressed by a large capital base relative to a temporarily subdued profit quarter, and dividing a perfectly ordinary share price by a near-zero EPS manufactures a P/E of 343x that tells you nothing about value and everything about the denominator problem.	Rs 1.76		amount	auto-extracted; assign qkey + status in triage (03)
CAND-1194	UNREVIEWED	ch-39-valuation-ratios.txt	25		"A bank at Rs 604 is not ""343 times more expensive"" than Nepal Bank at Rs 136 trading on 7.67x — it is a warning that the ratio has broken down."	Rs 604		amount	auto-extracted; assign qkey + status in triage (03)
CAND-1195	UNREVIEWED	ch-39-valuation-ratios.txt	30		If the EPS is below roughly Rs 5, or if the company reported a loss in any of the trailing four quarters, treat the P/E as unreliable and switch your primary lens to P/B or price-to-sales instead.	Rs 5,		amount	auto-extracted; assign qkey + status in triage (03)
CAND-1196	UNREVIEWED	ch-39-valuation-ratios.txt	35		Life Insurance63.8025.27 – 115.73Actuarial reserve accounting, high embedded-growth expectations, thin free float	27 – 115		score_band	auto-extracted; assign qkey + status in triage (03)
CAND-1197	UNREVIEWED	ch-39-valuation-ratios.txt	36		Microfinance47.1312.63 – 389.58Small paid-up capital, merger and capital-adequacy driven EPS swings	63 – 389		score_band	auto-extracted; assign qkey + status in triage (03)
CAND-1198	UNREVIEWED	ch-39-valuation-ratios.txt	37		Finance Companies42.133.62 – 203.23Legacy sub-sector, uneven asset quality, illiquid counters	62 – 203		score_band	auto-extracted; assign qkey + status in triage (03)
CAND-1199	UNREVIEWED	ch-39-valuation-ratios.txt	38		General Insurance40.2419.27 – 124.48Similar actuarial dynamics to life insurance, smaller scale	27 – 124		score_band	auto-extracted; assign qkey + status in triage (03)
CAND-1200	UNREVIEWED	ch-39-valuation-ratios.txt	39		Hotels & Tourism38.0525.55 – 58.45Recovery narrative pricing, small float	55 – 58		score_band	auto-extracted; assign qkey + status in triage (03)
CAND-1201	UNREVIEWED	ch-39-valuation-ratios.txt	40		Development Banks36.191.81 – 302.09Wide range of asset quality and scale	81 – 302		score_band	auto-extracted; assign qkey + status in triage (03)
CAND-1202	UNREVIEWED	ch-39-valuation-ratios.txt	42		Commercial Banks13.065.49 – 27.39NRB-regulated capital and ROE ceilings, mature and comparable earnings	49 – 27		score_band	auto-extracted; assign qkey + status in triage (03)
CAND-1203	UNREVIEWED	ch-39-valuation-ratios.txt	43		Manufacturing & Processing11.793.07 – 20.73Mature, low-growth, commodity-like margins	07 – 20		score_band	auto-extracted; assign qkey + status in triage (03)
CAND-1204	UNREVIEWED	ch-39-valuation-ratios.txt	44		"Absolute levels drift year to year — commercial banking, for instance, was averaging closer to 15.8x with a P/B near 1.51x in a late-2025 sector survey, still the ""most rationally valued"" segment of the market even as NEPSE's headline P/E pushed toward record territory."			nepse	auto-extracted; assign qkey + status in triage (03)
CAND-1205	UNREVIEWED	ch-39-valuation-ratios.txt	47		Compare that to Chilime Hydropower, which has built a dividend track record stretching back to fiscal year 2060/61, with an average payout around 29% and a peak near 70% — a company old enough that its earnings have normalised into a steadier, more interpretable pattern.	29%		percent|fraction	auto-extracted; assign qkey + status in triage (03)
CAND-1206	UNREVIEWED	ch-39-valuation-ratios.txt	58		A bank with a non-performing loan ratio under 1% (EBL) commands a materially higher price-to-book than one carrying an NPL ratio nearly seven times as high (KBL), because the market is, correctly, pricing in the probability that KBL's book value overstates the true collectible value of its loan portfolio.	1%		percent	auto-extracted; assign qkey + status in triage (03)
CAND-1207	UNREVIEWED	ch-39-valuation-ratios.txt	62		Suppose a commercial bank reports total shareholders' equity — paid-up capital plus reserves and retained earnings — of Rs 18 billion, against 120 million shares outstanding.	Rs 18		amount	auto-extracted; assign qkey + status in triage (03)
CAND-1208	UNREVIEWED	ch-39-valuation-ratios.txt	62		Book value per share is Rs 18,000,000,000 ÷ 120,000,000 = Rs 150.	Rs 18,000,000,000		amount	auto-extracted; assign qkey + status in triage (03)
CAND-1209	UNREVIEWED	ch-39-valuation-ratios.txt	62		If the share trades at Rs 270, the P/B is 1.8x.	Rs 270,		amount	auto-extracted; assign qkey + status in triage (03)
CAND-1210	UNREVIEWED	ch-39-valuation-ratios.txt	62		Compare that instantly to the bank's return on equity: a bank earning an ROE of 16-18% arguably deserves to trade above book, because it is compounding shareholder capital faster than a bank earning 8-10% ROE, all else equal.	18%		percent|score_band	auto-extracted; assign qkey + status in triage (03)
CAND-1211	UNREVIEWED	ch-39-valuation-ratios.txt	64		"In the NRB-regulated banking sector, P/B below 1.0 combined with an NPL ratio above 4-5% and a capital adequacy ratio near the regulatory floor is a classic ""value trap"" signature — the stock looks statistically cheap on book value, but the book value itself is compromised by asset quality problems the ratio alone cannot see."	5%		percent|score_band	auto-extracted; assign qkey + status in triage (03)
CAND-1212	UNREVIEWED	ch-39-valuation-ratios.txt	66		In Nepal's retail investment culture, however, the headline number that circulates — in AGM notices, in newspaper tables, in WhatsApp groups — is something else entirely: the dividend percentage declared on face value (par value), which for the overwhelming majority of NEPSE-listed companies is Rs 100 per share.	Rs 100		amount|nepse	auto-extracted; assign qkey + status in triage (03)
CAND-1213	UNREVIEWED	ch-39-valuation-ratios.txt	70		Unilever Nepal (UNL)1,842%Cash	1,842%		percent	auto-extracted; assign qkey + status in triage (03)
CAND-1214	UNREVIEWED	ch-39-valuation-ratios.txt	71		Nepal Telecom (NTC)30%Cash	30%		percent	auto-extracted; assign qkey + status in triage (03)
CAND-1215	UNREVIEWED	ch-39-valuation-ratios.txt	72		Nepal Life Insurance (NLIC)21.05%5% bonus + 16.05% cash	21.05%		percent	auto-extracted; assign qkey + status in triage (03)
CAND-1216	UNREVIEWED	ch-39-valuation-ratios.txt	73		Standard Chartered Bank Nepal (SCB)19%Cash	19%		percent	auto-extracted; assign qkey + status in triage (03)
CAND-1217	UNREVIEWED	ch-39-valuation-ratios.txt	74		Agricultural Development Bank (ADBL)13%3.25% bonus + 9.75% cash	13%		percent	auto-extracted; assign qkey + status in triage (03)
CAND-1218	UNREVIEWED	ch-39-valuation-ratios.txt	75		Nabil Bank (NABIL)12.5%Cash	12.5%		percent	auto-extracted; assign qkey + status in triage (03)
CAND-1219	UNREVIEWED	ch-39-valuation-ratios.txt	76		"Read literally, Unilever Nepal's ""1,842%"" looks absurd — and it is, until you remember it is 1,842% of Rs 100 face value, i.e., Rs 1,842 per share in cash, on a stock that trades in the tens of thousands of rupees because of its extremely small share count and near-total absence of bonus dilution over decades."	1,842%		percent|amount	auto-extracted; assign qkey + status in triage (03)
CAND-1220	UNREVIEWED	ch-39-valuation-ratios.txt	78		It declared a 12.5% cash dividend, meaning Rs 12.50 per share on face value.	12.5%		percent|amount	auto-extracted; assign qkey + status in triage (03)
CAND-1221	UNREVIEWED	ch-39-valuation-ratios.txt	78		From the same reporting period used in Lesson 39.1, Nabil's price was approximately Rs 546.	Rs 546		amount	auto-extracted; assign qkey + status in triage (03)
CAND-1222	UNREVIEWED	ch-39-valuation-ratios.txt	79		Rs 12.50 ÷ Rs 546 = 2.29%	2.29%		percent|amount	auto-extracted; assign qkey + status in triage (03)
CAND-1223	UNREVIEWED	ch-39-valuation-ratios.txt	80		Now take Standard Chartered Nepal, which declared 19% cash — Rs 19 per share — against an implied price of roughly Rs 628:	19%		percent|amount	auto-extracted; assign qkey + status in triage (03)
CAND-1224	UNREVIEWED	ch-39-valuation-ratios.txt	81		Rs 19 ÷ Rs 628 = 3.02%	3.02%		percent|amount	auto-extracted; assign qkey + status in triage (03)
CAND-1225	UNREVIEWED	ch-39-valuation-ratios.txt	82		Both look unremarkable once converted — squarely in the 2-3% range that characterises yield on Nepal's larger, more mature bank counters, broadly consistent with NEPSE's market-wide dividend yield, which has hovered around just 1-2% during periods when the index itself has been expensive.	3%		percent|score_band|nepse	auto-extracted; assign qkey + status in triage (03)
CAND-1226	UNREVIEWED	ch-39-valuation-ratios.txt	82		"That is a world away from the ""12.5%"" or ""19%"" a reader skims off a newspaper table."	12.5%		percent	auto-extracted; assign qkey + status in triage (03)
CAND-1227	UNREVIEWED	ch-39-valuation-ratios.txt	84		A dividend percentage quoted in an AGM notice, a newspaper business page, or a brokerage app is almost always calculated on Rs 100 face value, not on the market price you would actually pay.	Rs 100		amount	auto-extracted; assign qkey + status in triage (03)
CAND-1228	UNREVIEWED	ch-39-valuation-ratios.txt	84		"Before treating any ""dividend %"" as an income return, divide the rupee amount (percentage × Rs 100 ÷ 100) by the current market price — not by the face value — to get the true yield."	Rs 100		amount	auto-extracted; assign qkey + status in triage (03)
CAND-1229	UNREVIEWED	ch-39-valuation-ratios.txt	85		A thinly-traded, high-priced counter can declare a modest-looking face-value percentage and still deliver a respectable true yield, while a low-priced, heavily bonus-diluted counter can declare a large-looking face-value percentage and deliver a true yield under 2%.	2%		percent	auto-extracted; assign qkey + status in triage (03)
CAND-1230	UNREVIEWED	ch-39-valuation-ratios.txt	85		"Bonus components compound the confusion further: when ADBL declares ""13% (3.25% bonus + 9.75% cash),"" the cash component alone is the income return; the bonus component is not income at all — it is additional shares, which dilutes future EPS and, mechanically, tends to pull the share price down roughly in proportion on the ex-dividend date."	13%		percent	auto-extracted; assign qkey + status in triage (03)
CAND-1231	UNREVIEWED	ch-39-valuation-ratios.txt	93		A worked numeric example: A company reports profit of Rs 400 million for the year and has 10,000,000 shares outstanding at the start of the year.	Rs 400		amount	auto-extracted; assign qkey + status in triage (03)
CAND-1232	UNREVIEWED	ch-39-valuation-ratios.txt	93		Partway through the year it issues a 10% bonus (1,000,000 new shares).	10%		percent	auto-extracted; assign qkey + status in triage (03)
CAND-1233	UNREVIEWED	ch-39-valuation-ratios.txt	94		Incorrect (year-end share count only): Rs 400,000,000 ÷ 11,000,000 shares — but only applying this to the current year while leaving last year's comparative EPS on the old 10,000,000 share base overstates apparent earnings growth.	Rs 400,000,000		amount	auto-extracted; assign qkey + status in triage (03)
CAND-1234	UNREVIEWED	ch-39-valuation-ratios.txt	95		If last year's profit was Rs 350 million, restated prior-year EPS becomes Rs 350,000,000 ÷ 11,000,000 = Rs 31.82, and current-year EPS becomes Rs 400,000,000 ÷ 11,000,000 = Rs 36.36 — a genuine, comparable growth rate of roughly 14.3%, rather than a growth rate artificially inflated by comparing an unadjusted small prior-year denominator to a larger current one.	14.3%		percent|amount	auto-extracted; assign qkey + status in triage (03)
CAND-1235	UNREVIEWED	ch-39-valuation-ratios.txt	97		Nepal Rastra Bank's 2015 directive raising minimum paid-up capital requirements for commercial banks (to Rs 8 billion) triggered a multi-year wave of bonus share issuances across the entire banking sector between roughly 2015 and 2018, as banks capitalised reserves rather than raise fresh cash to meet the new floor.	Rs 8		amount	auto-extracted; assign qkey + status in triage (03)
CAND-1236	UNREVIEWED	ch-39-valuation-ratios.txt	98		The NIC Asia case from Lesson 39.1 — a P/E of 343x built on an EPS of just Rs 1.76 — is worth revisiting through this lens.	Rs 1.76		amount	auto-extracted; assign qkey + status in triage (03)
CAND-1237	UNREVIEWED	ch-39-valuation-ratios.txt	103		During the speculative peak of 2021, NEPSE's market P/E reached roughly 42.28x — a level that, in hindsight, marked an unsustainable valuation extreme, followed by a multi-year correction that pulled the ratio down substantially before a subsequent recovery.			nepse	auto-extracted; assign qkey + status in triage (03)
CAND-1238	UNREVIEWED	ch-39-valuation-ratios.txt	103		As of a recent reading in early 2026, the market P/E had climbed back to approximately 38x, with the market's aggregate price-to-book near 2.78x, dividend yield compressed to just 1-2%, and market capitalisation equal to roughly 72.6% of GDP — all readings clustered near the upper end of NEPSE's own historical range.	2%		percent|score_band|nepse	auto-extracted; assign qkey + status in triage (03)
CAND-1239	UNREVIEWED	ch-39-valuation-ratios.txt	106		NEPSE (Nepal)≈381-2%	2%		percent|score_band|nepse	auto-extracted; assign qkey + status in triage (03)
CAND-1240	UNREVIEWED	ch-39-valuation-ratios.txt	110		MSCI Frontier Markets13.33.11%	33.11%		percent	auto-extracted; assign qkey + status in triage (03)
CAND-1241	UNREVIEWED	ch-39-valuation-ratios.txt	111		Bangladesh (DSE)10.13-4%	4%		percent|score_band	auto-extracted; assign qkey + status in triage (03)
CAND-1242	UNREVIEWED	ch-39-valuation-ratios.txt	112		Sri Lanka (CSE)10.6-11.33-3.2%	3.2%		percent|score_band	auto-extracted; assign qkey + status in triage (03)
CAND-1243	UNREVIEWED	ch-39-valuation-ratios.txt	113		Pakistan (KSE-100)8.7~6.8%	6.8%		percent	auto-extracted; assign qkey + status in triage (03)
CAND-1244	UNREVIEWED	ch-39-valuation-ratios.txt	114		Kenya (NSE)7.34-6%	6%		percent|score_band	auto-extracted; assign qkey + status in triage (03)
CAND-1245	UNREVIEWED	ch-39-valuation-ratios.txt	115		NEPSE, at roughly 38x, trades at nearly double the multiple of the MSCI Frontier Markets basket it structurally belongs to, and at two to five times the multiples of comparable South Asian peers — Bangladesh, Sri Lanka, and Pakistan — that share Nepal's broad emerging-market growth profile.			nepse	auto-extracted; assign qkey + status in triage (03)
CAND-1246	UNREVIEWED	ch-39-valuation-ratios.txt	115		Meanwhile NEPSE's dividend yield, at 1-2%, sits well below every one of those peer markets, several of which pay 3-7%.	2%		percent|score_band|nepse	auto-extracted; assign qkey + status in triage (03)
CAND-1247	UNREVIEWED	ch-39-valuation-ratios.txt	116		"None of this means the multiple is ""wrong"" in a way that forces immediate correction — Nepal's market has sustained rich multiples for extended stretches before — but it does mean a NEPSE-wide P/E near 38x, at nearly the same level that preceded the 2021 correction, is information a disciplined investor should not ignore, even while continuing to buy selectively into individual counters that scree"			nepse	auto-extracted; assign qkey + status in triage (03)
CAND-1248	UNREVIEWED	ch-39-valuation-ratios.txt	118		Reading NEPSE's aggregate P/E against its own history (roughly 38x now, versus a 2021 bubble peak of 42.28x) and against regional peers (Bangladesh 10.1x, Sri Lanka ~11x, Pakistan 8.7x) simultaneously gives a fuller sentiment read than either comparison alone — the historical comparison flags where Nepal stands relative to its own past excess, and the peer comparison flags how much of that valuati			nepse	auto-extracted; assign qkey + status in triage (03)
CAND-1249	UNREVIEWED	ch-39-valuation-ratios.txt	119		The practical takeaway for a retail investor is not to sell everything the moment the market-wide P/E crosses some magic threshold — no such precise trigger exists — but to treat a rising aggregate multiple as a reason to demand a higher margin of safety on new purchases, to lean more heavily on the sector-relative and company-specific tools from Lessons 39.1 through 39.5 rather than on market mom			nepse	auto-extracted; assign qkey + status in triage (03)
CAND-1250	UNREVIEWED	ch-39-valuation-ratios.txt	124		Dividend yield carries the single most consequential Nepal-specific trap in this chapter: the near-universal practice of quoting dividends as a percentage of Rs 100 face value rather than as a percentage of market price.	Rs 100		amount	auto-extracted; assign qkey + status in triage (03)
CAND-1251	UNREVIEWED	ch-39-valuation-ratios.txt	124		Every headline dividend percentage an investor encounters — whether Unilever Nepal's startling 1,842% or Nabil Bank's modest-sounding 12.5% — must be converted to a true yield on market price before it means anything as an income measure, and bonus components within a declared dividend must be mentally separated from cash components, since only the cash portion is actual income.	1,842%		percent	auto-extracted; assign qkey + status in triage (03)
CAND-1252	UNREVIEWED	ch-39-valuation-ratios.txt	126		Finally, NEPSE's own aggregate P/E functions as a market-wide sentiment gauge distinct from any individual company's valuation — currently sitting near 38x, within reach of the 42.28x reached at the 2021 bubble peak, and running at roughly two to five times the multiples of comparable regional peers like Bangladesh, Sri Lanka, and Pakistan while paying out a comparatively thin 1-2% dividend yield.	2%		percent|score_band|nepse	auto-extracted; assign qkey + status in triage (03)
CAND-1253	UNREVIEWED	ch-40-profitability-ratios.txt	16		This is precisely why bank ROA figures look deceptively small (often under 2%) next to bank ROE figures that can reach the mid-teens: banks are leverage machines by design, regulated to run on thin equity cushions, and ROA reflects that reality honestly while ROE amplifies it.	2%		percent	auto-extracted; assign qkey + status in triage (03)
CAND-1254	UNREVIEWED	ch-40-profitability-ratios.txt	19		A hydropower stock at 4% ROE two years after commissioning may be a better long-term hold than a finance company at 14% ROE built on aggressive leverage into a rate-sensitive book.	4%		percent	auto-extracted; assign qkey + status in triage (03)
CAND-1255	UNREVIEWED	ch-40-profitability-ratios.txt	21		"Screening NEPSE stocks by a single ROE cutoff (e.g., ""only buy above 15% ROE"") without sector adjustment systematically overweights leveraged financials and thin-equity manufacturers, and systematically excludes newly commissioned hydropower and early-stage insurers — regardless of their actual long-run quality."	15%		percent|nepse	auto-extracted; assign qkey + status in triage (03)
CAND-1256	UNREVIEWED	ch-40-profitability-ratios.txt	24		Nepal Rastra Bank's minimum paid-up capital requirement for commercial banks — NPR 8 billion, in place since the 2015 merger-driven capital hike — sits underneath balance sheets that, for the larger banks, now exceed NPR 150-250 billion in assets.	NPR 8		amount|score_band	auto-extracted; assign qkey + status in triage (03)
CAND-1257	UNREVIEWED	ch-40-profitability-ratios.txt	26		Nepal Rastra Bank's own Financial Stability Report data and sector coverage through FY2024/25 show the aggregate Return on Equity for commercial banks falling into the high single digits — reported as low as roughly 7.7% in one widely cited aggregate reading — down from the low-to-mid teens the sector used to post in the years before the 2022-2023 liquidity crunch.	7.7%		percent	auto-extracted; assign qkey + status in triage (03)
CAND-1258	UNREVIEWED	ch-40-profitability-ratios.txt	26		A separate reading of the top ten banks by size for the second quarter of FY2081/82 put aggregate ROE at around 9.4%.	9.4%		percent	auto-extracted; assign qkey + status in triage (03)
CAND-1259	UNREVIEWED	ch-40-profitability-ratios.txt	26		ROA across the sector, consistent with the leverage story above, typically sits in a much narrower band of roughly 1.0% to 1.8%, rarely straying far from that regardless of which individual bank you look at — because ROA is a function of margin and efficiency, which move slowly, while ROE amplifies whatever leverage a bank happens to be running.	1.0%		percent	auto-extracted; assign qkey + status in triage (03)
CAND-1260	UNREVIEWED	ch-40-profitability-ratios.txt	28		Nepal Rastra Bank directly constrains bank profitability through several levers that have no equivalent in other NEPSE sectors: a mandated interest rate spread ceiling (historically around 4.4 percentage points between weighted average lending and deposit rates for commercial banks, with a somewhat wider allowance for development banks and finance companies), minimum capital adequacy ratios under 	4.4 percent		percent|nepse	auto-extracted; assign qkey + status in triage (03)
CAND-1261	UNREVIEWED	ch-40-profitability-ratios.txt	32		Nepali commercial banks have typically operated with NIM in a range of roughly 3.0% to 4.5%, though the exact figure has compressed over the past two years as deposit rates rose faster than banks could reprice their loan books, and as intense competition for deposits during liquidity-tight periods pushed up the cost of funds.	3.0%		percent	auto-extracted; assign qkey + status in triage (03)
CAND-1262	UNREVIEWED	ch-40-profitability-ratios.txt	48		Net Profit Margin240 / 95025.3%	95025.3%		percent	auto-extracted; assign qkey + status in triage (03)
CAND-1263	UNREVIEWED	ch-40-profitability-ratios.txt	49		Asset Turnover950 / 18,5005.1%	5005.1%		percent	auto-extracted; assign qkey + status in triage (03)
CAND-1264	UNREVIEWED	ch-40-profitability-ratios.txt	50		Equity Multiplier18,500 / 1,85010.0x	500 / 1		fraction	auto-extracted; assign qkey + status in triage (03)
CAND-1265	UNREVIEWED	ch-40-profitability-ratios.txt	51		ROE (product of the three)25.3% x 5.1% x 10.012.9%	25.3%		percent	auto-extracted; assign qkey + status in triage (03)
CAND-1266	UNREVIEWED	ch-40-profitability-ratios.txt	52		ROA (check: Net Profit / Assets)240 / 18,5001.3%	5001.3%		percent|fraction	auto-extracted; assign qkey + status in triage (03)
CAND-1267	UNREVIEWED	ch-40-profitability-ratios.txt	53		"Notice what the decomposition reveals that the headline 12.9% ROE alone does not: this bank's operating margin (25.3%) is healthy and its asset efficiency (5.1% — essentially its ""yield"" on the whole balance sheet) is unremarkable but normal for the sector, and the entire ROE outcome depends heavily on the 10.0x equity multiplier."	12.9%		percent	auto-extracted; assign qkey + status in triage (03)
CAND-1268	UNREVIEWED	ch-40-profitability-ratios.txt	53		If Nepal Rastra Bank tightened capital adequacy requirements and forced this bank to raise fresh equity, pushing the multiplier down to 8.0x, ROE would fall to roughly 10.3% even with identical operating performance — nothing about the underlying business changed, only its capital structure did.	10.3%		percent	auto-extracted; assign qkey + status in triage (03)
CAND-1269	UNREVIEWED	ch-40-profitability-ratios.txt	53		This is exactly the kind of shift NEPSE investors lived through during the 2022-2023 period, when several banks issued rights shares or FPOs to meet capital requirements, diluting equity and mechanically compressing ROE even as NIM and asset quality were, in some cases, stable or improving.			nepse	auto-extracted; assign qkey + status in triage (03)
CAND-1270	UNREVIEWED	ch-40-profitability-ratios.txt	60		A 1-2% ROE on a pre-COD hydropower company tells you almost nothing about what its ROE will look like once turbines are spinning.	2%		percent|score_band	auto-extracted; assign qkey + status in triage (03)
CAND-1271	UNREVIEWED	ch-40-profitability-ratios.txt	67		Pre-COD (construction)~0-2%, driven by treasury interest, not operationsBorrowing costs capitalised (NAS 23); no operating revenue yet	2%		percent|score_band	auto-extracted; assign qkey + status in triage (03)
CAND-1272	UNREVIEWED	ch-40-profitability-ratios.txt	68		Year 1-2 post-CODVolatile, often 2-8%, strong seasonal swingRamp-up, defects liability period, dry-season generation shortfall	8%		percent|score_band	auto-extracted; assign qkey + status in triage (03)
CAND-1273	UNREVIEWED	ch-40-profitability-ratios.txt	69		"Mature post-COD (Year 3+)Roughly 8-20%+, still seasonal quarter to quarterFull design capacity utilisation; high fixed-cost, high-margin cash generation; leverage effect from project debt now fully ""working"""	20%		percent|score_band	auto-extracted; assign qkey + status in triage (03)
CAND-1274	UNREVIEWED	ch-40-profitability-ratios.txt	71		Illustrative construction-to-maturity trajectory for a mid-sized run-of-river plant (stylized, NPR crore): Year -1 (pre-COD): Revenue 0, Net Profit 4 (treasury income only), Equity 120, ROE ~3%.	3%		percent	auto-extracted; assign qkey + status in triage (03)
CAND-1275	UNREVIEWED	ch-40-profitability-ratios.txt	71		Year 1 (post-COD, ramp-up): Revenue 65, Net Profit 8, Equity 128, ROE ~6%.	6%		percent	auto-extracted; assign qkey + status in triage (03)
CAND-1276	UNREVIEWED	ch-40-profitability-ratios.txt	71		Year 4 (mature): Revenue 95, Net Profit 22, Equity 145, ROE ~15%.	15%		percent	auto-extracted; assign qkey + status in triage (03)
CAND-1277	UNREVIEWED	ch-40-profitability-ratios.txt	77		Established, well-capitalised life insurers have historically posted ROE in the wide range of roughly 12% to 25%+ in strong years, materially higher than the banking sector average, precisely because investment income compounds on a large fund base sitting atop a comparatively thin equity layer — the insurance-sector version of the same leverage-like effect seen in banking and hydropower, except h	12%		percent	auto-extracted; assign qkey + status in triage (03)
CAND-1278	UNREVIEWED	ch-40-profitability-ratios.txt	81		Non-life insurer ROE in Nepal has typically run somewhat lower and more volatile than life insurer ROE — commonly in a rough 8% to 15% band — reflecting both thinner reserve bases to invest and more claims-driven earnings volatility.	8%		percent	auto-extracted; assign qkey + status in triage (03)
CAND-1279	UNREVIEWED	ch-40-profitability-ratios.txt	92		Always cross-check with ROA and with the operating margin directly — a consumer company with a genuinely strong 15-20% net profit margin and healthy asset turnover is a good business regardless of what its ROE says; the ROE figure on its own, in a thin-equity name, tells you more about capital structure history than about current execution.	20%		percent|score_band	auto-extracted; assign qkey + status in triage (03)
CAND-1280	UNREVIEWED	ch-40-profitability-ratios.txt	96		Net profit marginOften 10-25% for branded consumer namesPricing power, distribution strength, low input-cost volatility pass-through	25%		percent|score_band	auto-extracted; assign qkey + status in triage (03)
CAND-1281	UNREVIEWED	ch-40-profitability-ratios.txt	99		Resulting ROECan range from respectable to extreme (50%+ in some names, some years)Product of the three components above — driven disproportionately by the multiplier in the thinnest-equity names	50%		percent	auto-extracted; assign qkey + status in triage (03)
CAND-1282	UNREVIEWED	ch-40-profitability-ratios.txt	107		Commercial banks~8-16% (sector average recently ~7.7-9.4%)~1.0-1.8%NIM x leverage (equity multiplier ~9-12x)Capital raises mechanically dilute ROE; NIM trend is the leading indicator	16%		percent|score_band	auto-extracted; assign qkey + status in triage (03)
CAND-1283	UNREVIEWED	ch-40-profitability-ratios.txt	108		Hydropower, pre-COD~0-2%~0-1%Treasury interest on idle IPO/construction fundsNot predictive of post-COD profitability at all	2%		percent|score_band	auto-extracted; assign qkey + status in triage (03)
CAND-1284	UNREVIEWED	ch-40-profitability-ratios.txt	109		Hydropower, post-COD (mature)~8-20%+~5-10%PPA tariff x capacity utilisation x project leverageStrong seasonal (wet/dry season) swings quarter to quarter	20%		percent|score_band	auto-extracted; assign qkey + status in triage (03)
CAND-1285	UNREVIEWED	ch-40-profitability-ratios.txt	110		Life insurance~12-25%+~2-4%Investment income on life fund, more than underwritingRides interest rate cycles; underwriting result can be masked	25%		percent|score_band	auto-extracted; assign qkey + status in triage (03)
CAND-1286	UNREVIEWED	ch-40-profitability-ratios.txt	111		Non-life insurance~8-15%~3-5%Combined ratio + investment income on technical reservesClaims volatility (esp.	15%		percent|score_band	auto-extracted; assign qkey + status in triage (03)
CAND-1287	UNREVIEWED	ch-40-profitability-ratios.txt	112		Manufacturing/consumer (branded)Wide — respectable to 50%+ in thin-equity names~5-20%+Net margin x asset turnover, amplified by low equity baseExtreme ROE often reflects legacy thin equity, not current execution	50%		percent|score_band	auto-extracted; assign qkey + status in triage (03)
CAND-1288	UNREVIEWED	ch-40-profitability-ratios.txt	114		First, always locate a company within its own sector's row before judging the number — a 12% ROE is disappointing for a strong life insurer in a normal rate year, roughly average for a bank, and quite good for a two-year-old hydropower plant still working through its ramp-up.	12%		percent	auto-extracted; assign qkey + status in triage (03)
CAND-1289	UNREVIEWED	ch-40-profitability-ratios.txt	116		Before comparing two NEPSE stocks from different sectors on profitability, write down, side by side: (1) ROE, (2) ROA, (3) the equity multiplier (Assets / Equity), and (4) the sector-specific driver metric (NIM, capacity utilisation, combined ratio, or net margin, as applicable).			nepse	auto-extracted; assign qkey + status in triage (03)
CAND-1290	UNREVIEWED	ch-40-profitability-ratios.txt	120		For banks, ROE is dominated by the equity multiplier — a structural feature of a regulated, deposit-funded business running at nine to twelve times leverage — layered on top of Net Interest Margin, the bank-specific profitability engine that has compressed sector-wide in recent years, with aggregate commercial bank ROE falling into the high single digits even as ROA has stayed in its normal, narro	1.8%		percent|score_band	auto-extracted; assign qkey + status in triage (03)
CAND-1291	UNREVIEWED	ch-41-asset-quality-ratios.txt	9		A bank with 22 percent return on equity can still be a value trap if its loan book is quietly rotting.	22 percent		percent	auto-extracted; assign qkey + status in triage (03)
CAND-1292	UNREVIEWED	ch-41-asset-quality-ratios.txt	9		A hydropower company with a 9 percent tariff escalation clause can still default on its term loan if its interest coverage has slipped below one.	9 percent		percent	auto-extracted; assign qkey + status in triage (03)
CAND-1293	UNREVIEWED	ch-41-asset-quality-ratios.txt	9		By the end of Lesson 41.6 you will have every ratio category needed to underwrite a NEPSE-listed company the way a credit officer or an institutional analyst would — not just the way a headline-chasing retail trader does.			nepse	auto-extracted; assign qkey + status in triage (03)
CAND-1294	UNREVIEWED	ch-41-asset-quality-ratios.txt	17		NRB's Key Financial Indicators as of Asadh-end 2082 (mid-July 2025) put the system-wide NPL ratio at roughly 3.66 percent.	3.66 percent		percent|word_date	auto-extracted; assign qkey + status in triage (03)
CAND-1295	UNREVIEWED	ch-41-asset-quality-ratios.txt	17		By the time NRB's Financial Stability Report covered the third quarter of FY 2025/26, the sector-wide figure had jumped to 5.60 percent — a sharp deterioration within a matter of quarters, driven by a loan quality review that pushed several banks to reclassify restructured and rolled-over loans more conservatively.	5.60 percent		percent|fraction	auto-extracted; assign qkey + status in triage (03)
CAND-1296	UNREVIEWED	ch-41-asset-quality-ratios.txt	19		BankNPL Ratio (Q3 FY 2025/26)Notes	2025/26		fraction	auto-extracted; assign qkey + status in triage (03)
CAND-1297	UNREVIEWED	ch-41-asset-quality-ratios.txt	20		Everest Bank Limited0.61%Lowest in the sector; up slightly from 0.38% at Asadh-end 2082	0.61%		percent	auto-extracted; assign qkey + status in triage (03)
CAND-1298	UNREVIEWED	ch-41-asset-quality-ratios.txt	21		Standard Chartered Bank Nepal1.81%Foreign-parent bank; conservative underwriting book	1.81%		percent	auto-extracted; assign qkey + status in triage (03)
CAND-1299	UNREVIEWED	ch-41-asset-quality-ratios.txt	22		Nepal SBI Bank2.53%Consistently below sector average	2.53%		percent	auto-extracted; assign qkey + status in triage (03)
CAND-1300	UNREVIEWED	ch-41-asset-quality-ratios.txt	23		Siddhartha Bank3.71%Near sector average	3.71%		percent	auto-extracted; assign qkey + status in triage (03)
CAND-1301	UNREVIEWED	ch-41-asset-quality-ratios.txt	24		Nabil Bank4.37%Largest private bank by assets	4.37%		percent	auto-extracted; assign qkey + status in triage (03)
CAND-1302	UNREVIEWED	ch-41-asset-quality-ratios.txt	25		Rastriya Banijya Bank4.48%State-owned; large legacy book	4.48%		percent	auto-extracted; assign qkey + status in triage (03)
CAND-1303	UNREVIEWED	ch-41-asset-quality-ratios.txt	26		Himalayan Bank7.68%Post NIC Asia-Himalayan merger book	7.68%		percent	auto-extracted; assign qkey + status in triage (03)
CAND-1304	UNREVIEWED	ch-41-asset-quality-ratios.txt	27		Nepal Investment Mega Bank8.41%Post-merger integration effects	8.41%		percent	auto-extracted; assign qkey + status in triage (03)
CAND-1305	UNREVIEWED	ch-41-asset-quality-ratios.txt	28		Prabhu Bank8.84%Among the highest in the sector	8.84%		percent	auto-extracted; assign qkey + status in triage (03)
CAND-1306	UNREVIEWED	ch-41-asset-quality-ratios.txt	29		NIC Asia Bank8.85%Highest among large commercial banks	8.85%		percent	auto-extracted; assign qkey + status in triage (03)
CAND-1307	UNREVIEWED	ch-41-asset-quality-ratios.txt	31		Everest Bank Limited has held the lowest NPL ratio among commercial banks across two consecutive reporting periods — 0.38 percent at Asadh-end 2082 and 0.61 percent a few quarters later — while NIC Asia Bank and Prabhu Bank sat near 8.85 percent and 8.84 percent respectively in the same later period.	0.38 percent		percent	auto-extracted; assign qkey + status in triage (03)
CAND-1308	UNREVIEWED	ch-41-asset-quality-ratios.txt	34		NRB requires escalating provisioning by category — a Watchlist loan might require 5 percent provisioning, Substandard 25 percent, Doubtful 50 percent, and Loss 100 percent.	5 percent		percent	auto-extracted; assign qkey + status in triage (03)
CAND-1309	UNREVIEWED	ch-41-asset-quality-ratios.txt	34		A bank whose NPL book is concentrated in Loss-category loans but which has provisioned adequately (PCR near or above 100 percent) has already absorbed the pain in its books; a bank with the same NPL ratio but a PCR of 40–50 percent is still sitting on unrecognized losses that will hit future quarters' profit and, ultimately, its capital.	100 percent		percent|score_band	auto-extracted; assign qkey + status in triage (03)
CAND-1310	UNREVIEWED	ch-41-asset-quality-ratios.txt	35		Worked example: Suppose a mid-sized commercial bank reports gross NPLs of Rs 8.40 billion against total loans of Rs 190 billion (NPL ratio = 4.42 percent) and has booked loan loss provisions of Rs 5.30 billion.	4.42 percent		percent|amount	auto-extracted; assign qkey + status in triage (03)
CAND-1311	UNREVIEWED	ch-41-asset-quality-ratios.txt	36		PCR = 5.30 ÷ 8.40 = 63.1 percent	63.1 percent		percent	auto-extracted; assign qkey + status in triage (03)
CAND-1312	UNREVIEWED	ch-41-asset-quality-ratios.txt	37		That leaves Rs 3.10 billion of the NPL book unprovisioned.	Rs 3.10		amount	auto-extracted; assign qkey + status in triage (03)
CAND-1313	UNREVIEWED	ch-41-asset-quality-ratios.txt	37		If even half of that eventually needs writing off, the bank absorbs a one-time hit of roughly Rs 1.55 billion — for a bank with, say, Rs 24 billion of core capital, that is a manageable 6.5 percent capital hit, uncomfortable but not solvency-threatening.	6.5 percent		percent|amount	auto-extracted; assign qkey + status in triage (03)
CAND-1314	UNREVIEWED	ch-41-asset-quality-ratios.txt	37		Run the same arithmetic with a PCR of 35 percent instead of 63 percent and the unprovisioned exposure more than doubles, which is the kind of stress test every investor should run mentally before buying a bank purely on trailing P/E.	35 percent		percent	auto-extracted; assign qkey + status in triage (03)
CAND-1315	UNREVIEWED	ch-41-asset-quality-ratios.txt	38		NIC Asia Bank's reported loan loss provisioning of roughly Rs 22.32 billion sounds enormous in isolation — but scale it against its own NPL base and total loan book before concluding the bank is well-cushioned.	Rs 22.32		amount	auto-extracted; assign qkey + status in triage (03)
CAND-1316	UNREVIEWED	ch-41-asset-quality-ratios.txt	39		When a bank's Watchlist-to-total-loans figure moves from, say, 2 percent to 5 percent in a single reporting period, treat it as an early warning on the NPL ratio one to two quarters ahead of when the number itself moves, not as a footnote to skip past on the way to the profit figure.	2 percent		percent	auto-extracted; assign qkey + status in triage (03)
CAND-1317	UNREVIEWED	ch-41-asset-quality-ratios.txt	43		"Under NRB's Basel III-aligned Capital Adequacy Framework, Class ""A"" commercial banks must maintain a minimum Common Equity Tier 1 (CET1) ratio of 4.5 percent, a minimum Tier 1 ratio of 6 percent, a minimum total capital ratio of 8.5 percent, and — critically — an additional Capital Conservation Buffer (CCB) of 2.5 percent, bringing the effective minimum total CAR to 11 percent of risk-weighted ass"	4.5 percent		percent	auto-extracted; assign qkey + status in triage (03)
CAND-1318	UNREVIEWED	ch-41-asset-quality-ratios.txt	43		Fall below that 11 percent line and NRB's dividend directive kicks in: banks are restricted from distributing cash dividends until the buffer is rebuilt.	11 percent		percent	auto-extracted; assign qkey + status in triage (03)
CAND-1319	UNREVIEWED	ch-41-asset-quality-ratios.txt	45		"NRB mandates a minimum CAR of 11 percent (inclusive of the 2.5 percent capital conservation buffer) for Class ""A"" commercial banks."	11 percent		percent	auto-extracted; assign qkey + status in triage (03)
CAND-1320	UNREVIEWED	ch-41-asset-quality-ratios.txt	46		As of Asadh-end 2082 (mid-July 2025), the sector-wide average CAR stood near 12.78 percent (core capital adequacy near 10.03 percent) — comfortably above the 11 percent floor, but with real dispersion underneath:	12.78 percent		percent|word_date	auto-extracted; assign qkey + status in triage (03)
CAND-1321	UNREVIEWED	ch-41-asset-quality-ratios.txt	47		BankTotal CAR (Asadh-end 2082 / mid-July 2025)Buffer above 11% minimum	11%		percent|word_date	auto-extracted; assign qkey + status in triage (03)
CAND-1322	UNREVIEWED	ch-41-asset-quality-ratios.txt	48		Standard Chartered Bank Nepal17.82%+6.82 pp	17.82%		percent	auto-extracted; assign qkey + status in triage (03)
CAND-1323	UNREVIEWED	ch-41-asset-quality-ratios.txt	49		Prabhu Bank13.90%+2.90 pp	13.90%		percent	auto-extracted; assign qkey + status in triage (03)
CAND-1324	UNREVIEWED	ch-41-asset-quality-ratios.txt	50		Nepal Investment Mega Bank13.73%+2.73 pp	13.73%		percent	auto-extracted; assign qkey + status in triage (03)
CAND-1325	UNREVIEWED	ch-41-asset-quality-ratios.txt	51		NIC Asia Bank13.42%+2.42 pp	13.42%		percent	auto-extracted; assign qkey + status in triage (03)
CAND-1326	UNREVIEWED	ch-41-asset-quality-ratios.txt	52		Agriculture Development Bank13.36%+2.36 pp	13.36%		percent	auto-extracted; assign qkey + status in triage (03)
CAND-1327	UNREVIEWED	ch-41-asset-quality-ratios.txt	53		Nepal Bank Limited13.06%+2.06 pp	13.06%		percent	auto-extracted; assign qkey + status in triage (03)
CAND-1328	UNREVIEWED	ch-41-asset-quality-ratios.txt	54		Global IME Bank12.97%+1.97 pp	12.97%		percent	auto-extracted; assign qkey + status in triage (03)
CAND-1329	UNREVIEWED	ch-41-asset-quality-ratios.txt	55		NMB Bank12.03%+1.03 pp	12.03%		percent	auto-extracted; assign qkey + status in triage (03)
CAND-1330	UNREVIEWED	ch-41-asset-quality-ratios.txt	56		Nabil Bank11.94%+0.94 pp	11.94%		percent	auto-extracted; assign qkey + status in triage (03)
CAND-1331	UNREVIEWED	ch-41-asset-quality-ratios.txt	57		Rastriya Banijya Bank11.84%+0.84 pp	11.84%		percent	auto-extracted; assign qkey + status in triage (03)
CAND-1332	UNREVIEWED	ch-41-asset-quality-ratios.txt	58		Siddhartha Bank11.77%+0.77 pp	11.77%		percent	auto-extracted; assign qkey + status in triage (03)
CAND-1333	UNREVIEWED	ch-41-asset-quality-ratios.txt	59		Himalayan Bank11.16%+0.16 pp	11.16%		percent	auto-extracted; assign qkey + status in triage (03)
CAND-1334	UNREVIEWED	ch-41-asset-quality-ratios.txt	60		Himalayan Bank's 0.16 percentage-point cushion is the number that should stop a dividend-focused investor cold — a single adverse quarter of credit-loss recognition (which, given Himalayan's NPL ratio of 7.68 percent noted in Lesson 41.1, is a live risk) could push it below the regulatory floor and trigger a dividend freeze regardless of how the P&L otherwise looks.	0.16 percent		percent	auto-extracted; assign qkey + status in triage (03)
CAND-1335	UNREVIEWED	ch-41-asset-quality-ratios.txt	63		A bank with high ROE but a CAR buffer of only 0.16 percentage points above the floor cannot compound its book value the way its ROE alone suggests — it will be forced into a rights issue, a slower loan growth path, or a dividend cut.	0.16 percent		percent	auto-extracted; assign qkey + status in triage (03)
CAND-1336	UNREVIEWED	ch-41-asset-quality-ratios.txt	63		Conversely, Standard Chartered Nepal's 6.82 percentage-point buffer means it can grow its RWA book substantially before needing new capital, which is one reason foreign-parented banks with high CAR often trade at a valuation premium despite modest headline growth — the market is pricing in capital-funded compounding capacity, not just this year's earnings.	6.82 percent		percent	auto-extracted; assign qkey + status in triage (03)
CAND-1337	UNREVIEWED	ch-41-asset-quality-ratios.txt	65		Before buying any bank stock for its dividend yield, calculate: (Current CAR − 11%) × Risk-Weighted Assets = Rupee cushion available before a dividend freeze becomes a regulatory risk.	11%		percent	auto-extracted; assign qkey + status in triage (03)
CAND-1338	UNREVIEWED	ch-41-asset-quality-ratios.txt	65		"A bank with a thin cushion (under 1 percentage point) should be screened as a ""dividend-at-risk"" holding regardless of how attractive its trailing yield looks on a broker app."	1 percent		percent	auto-extracted; assign qkey + status in triage (03)
CAND-1339	UNREVIEWED	ch-41-asset-quality-ratios.txt	95		"Worked example (illustrative): Consider ""Kalpataru Hydropower Ltd."" (a hypothetical mid-sized run-of-river plant used here purely for illustration), a 24 MW project with total project cost of Rs 4.80 billion, financed 75:25 debt-to-equity:"	Rs 4.80		amount	auto-extracted; assign qkey + status in triage (03)
CAND-1340	UNREVIEWED	ch-41-asset-quality-ratios.txt	96		Debt: Rs 3.60 billion at an average lending rate of 10.5 percent → annual interest expense ≈ Rs 378 million	10.5 percent		percent|amount	auto-extracted; assign qkey + status in triage (03)
CAND-1341	UNREVIEWED	ch-41-asset-quality-ratios.txt	97		Equity: Rs 1.20 billion	Rs 1.20		amount	auto-extracted; assign qkey + status in triage (03)
CAND-1342	UNREVIEWED	ch-41-asset-quality-ratios.txt	99		Once commissioned and generating at a plant load factor of roughly 45 percent (typical for run-of-river design energy), annual energy sales at the PPA tariff might generate EBIT of roughly Rs 520 million.	45 percent		percent|amount	auto-extracted; assign qkey + status in triage (03)
CAND-1343	UNREVIEWED	ch-41-asset-quality-ratios.txt	101		Compare this to the same project ten years into its 25-30 year loan amortisation schedule, where a declining principal balance and (if the loan is fixed-rate) unchanged tariff escalation typically push ICR up toward 2.5–3.5x as the debt burden shrinks relative to a stable or growing revenue base.	25-30		score_band	auto-extracted; assign qkey + status in triage (03)
CAND-1344	UNREVIEWED	ch-41-asset-quality-ratios.txt	103		When NRB tightens monetary policy and base rates rise — as happened through parts of FY 2079/80 and FY 2080/81 — every hydropower company's interest expense rises immediately while its PPA revenue (fixed or only slowly escalating under NEA contracts) does not.	2079/80		fraction	auto-extracted; assign qkey + status in triage (03)
CAND-1345	UNREVIEWED	ch-41-asset-quality-ratios.txt	103		Always stress-test a hydropower company's interest coverage ratio against a 150–200 basis point increase in average lending rates before treating current-year ICR as durable.	150–200		score_band	auto-extracted; assign qkey + status in triage (03)
CAND-1346	UNREVIEWED	ch-41-asset-quality-ratios.txt	118		In a widely cited comparison from Q3 of FY 2074/75 (2018), Prime Commercial Bank posted a cost-to-income ratio of just 19.85 percent — meaning it spent under 20 rupees to generate 100 rupees of operating income — against a sector average of 37.31 percent, while Nepal Credit and Commercial Bank sat at the other extreme with 58.66 percent, spending nearly 59 rupees for every 100 rupees earned.	19.85 percent		percent|fraction	auto-extracted; assign qkey + status in triage (03)
CAND-1347	UNREVIEWED	ch-41-asset-quality-ratios.txt	122		Worked example: Consider a hypothetical FMCG bottling manufacturer with net sales of Rs 6.2 billion and total assets of Rs 3.1 billion.	Rs 6.2		amount	auto-extracted; assign qkey + status in triage (03)
CAND-1348	UNREVIEWED	ch-41-asset-quality-ratios.txt	124		Compare this to a hypothetical cement manufacturer with net sales of Rs 8.0 billion but total assets of Rs 16.0 billion (heavy kiln, quarry, and plant investment):	Rs 8.0		amount	auto-extracted; assign qkey + status in triage (03)
CAND-1349	UNREVIEWED	ch-41-asset-quality-ratios.txt	136		Block 2 — Sector-specific stability columns: for banks, NPL Ratio, PCR, CAR, CAR headroom above 11%; for insurers, Solvency Ratio and headroom above 1.5 / 1.3; for hydropower and manufacturers, D/E and Interest Coverage Ratio.	11%		percent|fraction	auto-extracted; assign qkey + status in triage (03)
CAND-1350	UNREVIEWED	ch-41-asset-quality-ratios.txt	139		Build one flag column per company using simple conditional formatting rules you set once: NPL Ratio > 5% → amber; CAR headroom < 1 percentage point → red; Solvency Ratio within 0.3 of the regulatory floor → red; Interest Coverage < 1.5x → red.	5%		percent	auto-extracted; assign qkey + status in triage (03)
CAND-1351	UNREVIEWED	ch-41-asset-quality-ratios.txt	142		Bank ACommercial BankCAR11.16% (headroom 0.16pp)Red — thin buffer	11.16%		percent	auto-extracted; assign qkey + status in triage (03)
CAND-1352	UNREVIEWED	ch-41-asset-quality-ratios.txt	143		Bank BCommercial BankNPL Ratio0.61%Green — sector-leading	0.61%		percent	auto-extracted; assign qkey + status in triage (03)
CAND-1353	UNREVIEWED	ch-41-asset-quality-ratios.txt	146		Notice that this single table already reproduces the real dispersion you saw in Lessons 41.1 through 41.4 — Everest Bank's 0.61 percent NPL ratio, Himalayan Bank's 0.16 percentage-point CAR cushion, Oriental Insurance's 1.60 solvency ratio sitting just above its 1.5 floor, and a hydropower company's characteristically thin post-commissioning interest coverage.	0.61 percent		percent	auto-extracted; assign qkey + status in triage (03)
CAND-1354	UNREVIEWED	ch-41-asset-quality-ratios.txt	147		A workable weighting for a bank might allocate 35 percent of the composite score to CAR headroom, 35 percent to the NPL ratio (inverted, so lower NPL scores higher), 15 percent to PCR, and 15 percent to cost-to-income — reflecting that capital and asset quality matter roughly twice as much to survivability as operating efficiency does.	35 percent		percent	auto-extracted; assign qkey + status in triage (03)
CAND-1355	UNREVIEWED	ch-41-asset-quality-ratios.txt	149		NPL ratios, CAR buffers, and solvency ratios can move materially within a single quarter — as the jump from a 3.66 percent to a 5.60 percent sector NPL ratio within a few quarters in this chapter demonstrates.	3.66 percent		percent	auto-extracted; assign qkey + status in triage (03)
CAND-1356	UNREVIEWED	ch-41-asset-quality-ratios.txt	152		The real figures pulled from NRB, the Nepal Insurance Authority, and NEPSE-listed company disclosures in this chapter — Everest Bank's sector-leading 0.61 percent NPL ratio, Himalayan Bank's razor-thin 0.16 percentage-point CAR cushion, the non-life insurance sector's 2.67 average solvency ratio against a 1.5 floor, Prime Commercial Bank's 19.85 percent cost-to-income ratio against a 58.66 percent	0.61 percent		percent|nepse	auto-extracted; assign qkey + status in triage (03)
CAND-1357	UNREVIEWED	ch-41-asset-quality-ratios.txt	153		Practically, this means every NEPSE investor should hold two spreadsheets, not one: the valuation sheet built in earlier Part VII chapters, tracking P/E, P/BV, dividend yield, and EPS growth; and the stability scorecard built in Lesson 41.6, tracking NPL/CAR for banks, solvency for insurers, and D/E/interest coverage for hydropower and manufacturers.			nepse	auto-extracted; assign qkey + status in triage (03)
CAND-1358	UNREVIEWED	ch-42-project-finance.txt	19		"Do not confuse ""non-recourse to the sponsor"" with ""no risk to the sponsor."" Sponsors still lose their entire equity investment — often 25-30% of project cost — if the project fails."	30%		percent|score_band	auto-extracted; assign qkey + status in triage (03)
CAND-1359	UNREVIEWED	ch-42-project-finance.txt	24		"First, the Power Purchase Agreement (PPA), a long-term contract (typically 20-35 years in Nepal, sometimes with a build-own-operate-transfer or ""BOOT"" tenor) under which Nepal Electricity Authority (NEA), the state-owned utility, agrees to buy all the electricity the project generates at a pre-agreed tariff structure (commonly a two-season, two-time-of-day rate reflecting Nepal's wet-season surplu"	20-35		score_band	auto-extracted; assign qkey + status in triage (03)
CAND-1360	UNREVIEWED	ch-42-project-finance.txt	30		A 70:30 ratio means 70% of the project's cost comes from bank loans and 30% from the promoters' own money.	70%		percent	auto-extracted; assign qkey + status in triage (03)
CAND-1361	UNREVIEWED	ch-42-project-finance.txt	36		Moratorium (grace period)Interest-only or capitalised-interest period during construction, typically 3-5 years	3-5		score_band	auto-extracted; assign qkey + status in triage (03)
CAND-1362	UNREVIEWED	ch-42-project-finance.txt	42		Chilime Hydropower Company, a 22.1 MW plant on the Chilime Khola in Rasuwa district and one of NEA's earliest subsidiary companies, is often cited as Nepal's pioneering project-company model — an NEA-controlled SPV that later opened its shares to the general public and local Rasuwa residents specifically, well before hydropower IPOs became a routine NEPSE listing pathway.			nepse	auto-extracted; assign qkey + status in triage (03)
CAND-1363	UNREVIEWED	ch-42-project-finance.txt	44		A single large storage or peaking-run-of-river project — something in the 400-900 MW range — can cost well over NPR 100 billion.	NPR 100		amount|score_band	auto-extracted; assign qkey + status in triage (03)
CAND-1364	UNREVIEWED	ch-42-project-finance.txt	47		That ceiling stood at NPR 25 crore (NPR 250 million) in fund-based exposure for years, a figure trivial next to a large hydropower project's financing needs — which is exactly why syndication among multiple banks, rather than one bank lending alone, became the default mechanism for financing anything beyond a small run-of-river scheme.	NPR 25		amount	auto-extracted; assign qkey + status in triage (03)
CAND-1365	UNREVIEWED	ch-42-project-finance.txt	48		This regulatory picture changed materially in 2025 (fiscal year 2082/83 in the Nepali calendar), when NRB issued a directive removing the fixed Single Obligor Limit ceiling altogether, shifting responsibility for setting individual borrower exposure limits to each bank's own internal credit risk framework and board-approved policies, rather than a hard regulatory number.	2082/83		fraction	auto-extracted; assign qkey + status in triage (03)
CAND-1366	UNREVIEWED	ch-42-project-finance.txt	50		Banks in Nepal remain subject to a cap on their aggregate exposure to the hydropower sector as a whole — commonly cited at around 50% of a bank's core capital — meaning even a bank flush with room under the new single-obligor rule may still be constrained by how much of its total lending book it is permitted to park in hydropower generally.	50%		percent	auto-extracted; assign qkey + status in triage (03)
CAND-1367	UNREVIEWED	ch-42-project-finance.txt	51		No single bank's management or board wants 100% of a NPR 50-100 billion exposure sitting against one river, one EPC contractor, and one power purchaser, however creditworthy.	100%		percent|amount|score_band	auto-extracted; assign qkey + status in triage (03)
CAND-1368	UNREVIEWED	ch-42-project-finance.txt	79		A DSCR of 1.3x means the project generated 30% more cash than it strictly needed to make that period's loan payment — the cushion lenders require as protection against a bad hydrology year.	30%		percent	auto-extracted; assign qkey + status in triage (03)
CAND-1369	UNREVIEWED	ch-42-project-finance.txt	84		Upper Tamakoshi (456 MW) is Nepal's largest operating hydropower plant, commissioned in July 2021, and is a valuable case study precisely because it broke from the pattern of foreign-financed mega-projects.	July 2021		word_date	auto-extracted; assign qkey + status in triage (03)
CAND-1370	UNREVIEWED	ch-42-project-finance.txt	84		Its ownership structure blends public and community interests: NEA holds 41%, with Nepal Telecom, Citizen Investment Trust, and Rastriya Beema Sansthan (the state insurance corporation) holding smaller stakes, alongside a 10% quota reserved specifically for residents of Dolakha district (where the project is located), 15% for the general public, and the remainder for EPF contributors and NEA/compa	41%		percent	auto-extracted; assign qkey + status in triage (03)
CAND-1371	UNREVIEWED	ch-42-project-finance.txt	85		"Chilime Hydropower Company (22.1 MW), an earlier and much smaller NEA subsidiary project in Rasuwa district, is often cited as Nepal's original template for the ""community-inclusive"" project-company model — later becoming one of the first hydropower companies listed on NEPSE, with a portion of shares specifically reserved for local project-affected residents."			nepse	auto-extracted; assign qkey + status in triage (03)
CAND-1372	UNREVIEWED	ch-42-project-finance.txt	97		Nepal Rastra Bank's historic Single Obligor Limit, which capped any one bank's exposure to a single borrower at NPR 25 crore before being removed entirely in a 2025 directive, illustrates how regulation has both constrained and, more recently, sought to unlock larger project financings — while sectoral concentration limits on aggregate hydropower exposure (commonly cited near 50% of a bank's core 	50%		percent|amount	auto-extracted; assign qkey + status in triage (03)
CAND-1373	UNREVIEWED	ch-43-hydropower-financial-model.txt	23		Illustratively, a typical recent PPA for a small-to-medium run-of-river project has set the dry-season tariff at roughly NPR 8.40 per kWh and the wet-season tariff at roughly NPR 4.80 per kWh — meaning the dry-season rate is close to 75% higher than the wet-season rate for physically identical electricity.	75%		percent|amount	auto-extracted; assign qkey + status in triage (03)
CAND-1374	UNREVIEWED	ch-43-hydropower-financial-model.txt	26		A common structure seen in recent NEA PPAs escalates both the dry- and wet-season tariffs by roughly 3% per year for the first eight years of commercial operation, after which the tariff freezes at whatever level it reached and stays there — in nominal rupee terms — for the remaining 22 or so years of the agreement.	3%		percent	auto-extracted; assign qkey + status in triage (03)
CAND-1375	UNREVIEWED	ch-43-hydropower-financial-model.txt	28		Escalation is front-loaded and finite — a common modelling error is escalating the tariff for the entire 25-30 year PPA term instead of only the first several years specified in the actual PPA, which can inflate total project revenue by a substantial margin and make an unbankable project look investable on paper.	25-30		score_band	auto-extracted; assign qkey + status in triage (03)
CAND-1376	UNREVIEWED	ch-43-hydropower-financial-model.txt	31		The 456 MW Upper Tamakoshi Hydroelectric Project — a peaking run-of-river scheme built by an NEA subsidiary — was hit by a major flood and landslide event in July 2021 just before scheduled commissioning, damaging the powerhouse and delaying commercial operation.	July 2021		word_date	auto-extracted; assign qkey + status in triage (03)
CAND-1377	UNREVIEWED	ch-43-hydropower-financial-model.txt	36		"P50 is the energy output that has a 50% probability of being equalled or exceeded in any given year — in plain terms, the ""median"" year, exceeded half the time and not reached half the time."	50%		percent	auto-extracted; assign qkey + status in triage (03)
CAND-1378	UNREVIEWED	ch-43-hydropower-financial-model.txt	37		P90 is the energy output that has a 90% probability of being equalled or exceeded — a deliberately conservative figure, because it is only not achieved in roughly one year out of ten.	90%		percent	auto-extracted; assign qkey + status in triage (03)
CAND-1379	UNREVIEWED	ch-43-hydropower-financial-model.txt	40		P50 and P90 energy estimates can differ by 10-20% or more for a given river, depending on how variable and how well-gauged its flow record is.	20%		percent|score_band	auto-extracted; assign qkey + status in triage (03)
CAND-1380	UNREVIEWED	ch-43-hydropower-financial-model.txt	44		Their Plant Load Factor (PLF), sometimes called capacity factor, which measures actual energy generated over a period as a percentage of the theoretical maximum if the plant ran at full rated capacity every hour of that period, is a design choice as much as a hydrological outcome: a peaking plant is deliberately built to run at a lower average PLF (often 30-45%) while concentrating its generation 	45%		percent|score_band	auto-extracted; assign qkey + status in triage (03)
CAND-1381	UNREVIEWED	ch-43-hydropower-financial-model.txt	49		Suppose a 25 MW run-of-river project has a base construction cost (civil works, electromechanical equipment, transmission line, land, and development costs) of NPR 5.4 billion, financed 70:30, so debt is NPR 3.78 billion drawn progressively across a four-year construction period.	NPR 5.4		amount	auto-extracted; assign qkey + status in triage (03)
CAND-1382	UNREVIEWED	ch-43-hydropower-financial-model.txt	49		"If the average outstanding balance during construction carries an interest rate of roughly 10.5% per year (fairly typical for a Nepali hydropower term loan denominated in NPR), and the debt is drawn evenly, the capitalised interest accrued over those four years might add somewhere in the region of NPR 500-650 million to the final project cost — pushing total CAPEX from the ""base"" NPR 5.4 billion f"	10.5%		percent|amount|score_band	auto-extracted; assign qkey + status in triage (03)
CAND-1383	UNREVIEWED	ch-43-hydropower-financial-model.txt	49		That NPR 600 million is not paper money — it becomes real debt principal that has to be repaid out of operating revenue for the next 15 years, and it is why disciplined construction scheduling (avoiding delays that stretch out the interest-accrual period) is one of the single highest-value levers a developer has over total project economics.	NPR 600		amount	auto-extracted; assign qkey + status in triage (03)
CAND-1384	UNREVIEWED	ch-43-hydropower-financial-model.txt	52		Nepali tax law generally allows hydropower generation assets to be depreciated for tax purposes using a written-down value (declining balance) method under a specified depreciation pool and rate set by the Income Tax Act, distinct from whatever depreciation policy the company uses for its own financial reporting (which may use straight-line depreciation over the asset's useful economic life, often	30-35		score_band	auto-extracted; assign qkey + status in triage (03)
CAND-1385	UNREVIEWED	ch-43-hydropower-financial-model.txt	63		The example assumes energy generation held at the P90 case (35 GWh dry-season, 83 GWh wet-season, 118 GWh total per year), a starting dry-season tariff of NPR 8.40/kWh and wet-season tariff of NPR 4.80/kWh escalating 3% annually, O&M costs of NPR 60 million in Year 1 escalating 6% annually, royalty at a representative NPR 150/kW capacity charge plus 1.85% of gross energy revenue, no cash income ta	3%		percent|amount	auto-extracted; assign qkey + status in triage (03)
CAND-1386	UNREVIEWED	ch-43-hydropower-financial-model.txt	73		First, DSCR rises steadily over the eight-year window purely because the PPA's escalation clause lifts revenue by 3% a year while debt service is held flat and O&M rises more slowly than revenue — this is exactly the kind of pattern lenders like to see, since it means the tightest DSCR year (and the year most exposed to a hydrology shortfall) is Year 1, right at 1.28x, just above a typical 1.25x c	3%		percent	auto-extracted; assign qkey + status in triage (03)
CAND-1387	UNREVIEWED	ch-43-hydropower-financial-model.txt	73		Second, notice how thin that Year 1 margin really is: if actual Year 1 generation came in even 5% below the P90 estimate used here, CFADS would fall by roughly NPR 31 million, pulling DSCR down toward 1.21x — below a 1.25x covenant in many loan agreements.	5%		percent|amount	auto-extracted; assign qkey + status in triage (03)
CAND-1388	UNREVIEWED	ch-43-hydropower-financial-model.txt	75		Chilime Hydropower Company Limited — a 22.1 MW run-of-river plant on the Chilime Khola and one of the first Nepali hydropower companies listed on the Nepal Stock Exchange (NEPSE) — is often cited by Nepali analysts as a useful public reference point for run-of-river cash flow and dividend behaviour, since its listed financial statements let investors observe, year by year, how seasonal revenue spl			nepse	auto-extracted; assign qkey + status in triage (03)
CAND-1389	UNREVIEWED	ch-43-hydropower-financial-model.txt	82		Domestic sale, 3-10 MW~NPR 100/kW~1.75-2% of revenue~NPR 1,000/kW~10% of revenue	2%		percent|amount|score_band	auto-extracted; assign qkey + status in triage (03)
CAND-1390	UNREVIEWED	ch-43-hydropower-financial-model.txt	83		Domestic sale, 10-100 MW~NPR 150/kW~1.85% of revenue~NPR 1,000-1,500/kW~10% of revenue	1.85%		percent|amount|score_band	auto-extracted; assign qkey + status in triage (03)
CAND-1391	UNREVIEWED	ch-43-hydropower-financial-model.txt	84		Export, run-of-river~NPR 400/kW~7.5% of revenue~NPR 1,800/kW~12% of revenue	7.5%		percent|amount	auto-extracted; assign qkey + status in triage (03)
CAND-1392	UNREVIEWED	ch-43-hydropower-financial-model.txt	85		Export, storage/peaking~NPR 500/kW~10% of revenue~NPR 2,000/kW~15% of revenue	10%		percent|amount	auto-extracted; assign qkey + status in triage (03)
CAND-1393	UNREVIEWED	ch-43-hydropower-financial-model.txt	87		Energy royalty on domestic sale can roughly quintuple (from under 2% to around 10% of revenue), and capacity royalty can rise by a factor of ten or more, at exactly the point in the project's life when the initial debt is typically close to fully repaid — meaning the step-up mostly affects the equity holders' later-year cash flow and any levelized return calculation, rather than debt serviceabilit	2%		percent	auto-extracted; assign qkey + status in triage (03)
CAND-1394	UNREVIEWED	ch-43-hydropower-financial-model.txt	88		Under provisions applicable to projects reaching commercial operation within specified windows set by successive Finance Acts, hydropower generation companies have typically been entitled to a substantial income tax holiday — commonly structured as a full (100%) rebate on corporate income tax for an initial period (often ten years) from the start of commercial operation, followed by a partial reba	100%		percent	auto-extracted; assign qkey + status in triage (03)
CAND-1395	UNREVIEWED	ch-43-hydropower-financial-model.txt	90		A commonly cited structure for the hydropower income tax holiday is: 100% rebate (i.e., zero corporate income tax) for the first 10 years of commercial operation, followed by a 50% rebate on the standard corporate rate for years 11 through 15, after which full standard corporate tax applies.	100%		percent	auto-extracted; assign qkey + status in triage (03)
CAND-1396	UNREVIEWED	ch-43-hydropower-financial-model.txt	91		"Because the tax holiday, the royalty step-up, and (for projects with PPA escalation) the tariff freeze all occur at different points in the project's life, a single year's numbers — even a well-chosen ""representative"" year — tell you very little about whether the project is a good investment across its full 25-30 year PPA term."	25-30		score_band	auto-extracted; assign qkey + status in triage (03)
CAND-1397	UNREVIEWED	ch-43-hydropower-financial-model.txt	96		Given how many step-changes occur in a Nepali hydropower project's economics — tariff escalation ending around year 8, tax holiday tapering around years 10-15, and royalty stepping up at year 15 — a single representative year can be chosen (deliberately or not) to look far more attractive than the levelized reality across the full term.	10-15		score_band	auto-extracted; assign qkey + status in triage (03)
CAND-1398	UNREVIEWED	ch-44-evaluating-hydropower-stock.txt	21		In Nepal's climate, river flow is dictated by the monsoon: roughly 80% of annual precipitation falls between June and September.	80%		percent	auto-extracted; assign qkey + status in triage (03)
CAND-1399	UNREVIEWED	ch-44-evaluating-hydropower-stock.txt	21		A pure ROR plant on a river without significant glacial or spring-fed baseflow will generate at or near full capacity during the monsoon and can fall to a fraction of that — sometimes 20-30% of installed capacity — during the dry months of December through April.	30%		percent|score_band	auto-extracted; assign qkey + status in triage (03)
CAND-1400	UNREVIEWED	ch-44-evaluating-hydropower-stock.txt	29		For some of the older private plants on NEPSE — several of which date to the mid-1990s and early 2000s, including some of BPC's and Chilime's founding assets — investors need to actually check how many years remain on the PPA, because a plant approaching PPA expiry faces real uncertainty about what tariff it will earn afterward.			nepse	auto-extracted; assign qkey + status in triage (03)
CAND-1401	UNREVIEWED	ch-44-evaluating-hydropower-stock.txt	41		For a pure ROR plant with strong dry-season flow deficits, a load factor in the 40-55% range is often normal and not a red flag by itself; what you want to track is whether that load factor is stable, improving, or deteriorating year over year for reasons unrelated to rainfall.	55%		percent|score_band	auto-extracted; assign qkey + status in triage (03)
CAND-1402	UNREVIEWED	ch-44-evaluating-hydropower-stock.txt	59		This makes hydropower one of the cleanest sectors on NEPSE for a proper multi-stage DCF: project out annual free cash flow to equity for the remaining PPA term, explicitly modelling the seasonality from Lesson 44.2, the royalty step-up from Lesson 44.3, the tax-holiday expiry, and the debt amortisation and refinancing schedule, discount those cash flows at a cost of equity that reflects Nepal's ri			nepse	auto-extracted; assign qkey + status in triage (03)
CAND-1403	UNREVIEWED	ch-44-evaluating-hydropower-stock.txt	78		"""Arun Valley Hydropower Development Company"" (a privately promoted, NEPSE-listed developer of a smaller project) is a completely different entity from ""Arun-3,"" the roughly 900 MW project being built on the same river system by an Indian state-owned developer under a separate bilateral arrangement and not listed on NEPSE at all."			nepse	auto-extracted; assign qkey + status in triage (03)
CAND-1404	UNREVIEWED	ch-44-evaluating-hydropower-stock.txt	81		Early years (often first 10-15 yrs)Lower fixed per-kW rateLower percentage of energy valueOften a holiday or concessional rate for an initial window	10-15		score_band	auto-extracted; assign qkey + status in triage (03)
CAND-1405	UNREVIEWED	ch-44-evaluating-hydropower-stock.txt	86		This chapter has tried to convert the project-finance and modelling discipline of Chapters 42 and 43 into a working checklist for picking, or rejecting, a specific NEPSE-listed hydropower stock.			nepse	auto-extracted; assign qkey + status in triage (03)
CAND-1406	UNREVIEWED	ch-44-evaluating-hydropower-stock.txt	91		"Chapter 45, ""The Philosophy of Valuation,"" steps back to ask what a valuation exercise is actually trying to answer and why different methods can legitimately disagree, and Chapter 46, ""Discounted Cash Flow (DCF) Valuation,"" builds out the DCF framework in full rigor and generality — applicable not just to hydropower but to banks, manufacturers, hospitality companies, and every other corner of the"			nepse	auto-extracted; assign qkey + status in triage (03)
CAND-1407	UNREVIEWED	ch-45-philosophy-valuation.txt	12		The price of a share of Nabil Bank or Chilime Hydropower or Unilever Nepal on the NEPSE (Nepal Stock Exchange) trading screen at 11:45 AM on a Tuesday is simply the level at which the most recent buyer and seller agreed to transact.			nepse	auto-extracted; assign qkey + status in triage (03)
CAND-1408	UNREVIEWED	ch-45-philosophy-valuation.txt	29		"If a DCF says a stock is worth NPR 450 and a peer-multiple comparison says NPR 650, the gap itself is information: either the market is paying an unusually rich multiple for the peer group (possibly due to sentiment, as later lessons will discuss), or your DCF assumptions are too conservative, or the company genuinely deserves to trade differently from its ""comparables"" because it is not as compar"	NPR 450		amount	auto-extracted; assign qkey + status in triage (03)
CAND-1409	UNREVIEWED	ch-45-philosophy-valuation.txt	79		(2) What decision does this valuation inform — buying a small number of shares on the NEPSE screen, or acquiring meaningful control?			nepse	auto-extracted; assign qkey + status in triage (03)
CAND-1410	UNREVIEWED	ch-46-dcf-valuation.txt	10		If a friend offers you a choice between NPR 100,000 today or NPR 100,000 in exactly one year, and you trust the friend completely, you would almost certainly take the money today.	NPR 100,000		amount	auto-extracted; assign qkey + status in triage (03)
CAND-1411	UNREVIEWED	ch-46-dcf-valuation.txt	10		Because you could deposit that NPR 100,000 in a fixed deposit at a commercial bank, earn interest on it for a year, and end up with more than NPR 100,000 by the time your friend's promised payment would have arrived.	NPR 100,000		amount	auto-extracted; assign qkey + status in triage (03)
CAND-1412	UNREVIEWED	ch-46-dcf-valuation.txt	11		"Instead of asking ""what is NPR 100,000 next year worth to me today,"" a DCF model asks ""what is this company's entire stream of future cash — the cash it will generate this year, next year, the year after, and so on into the distant future — worth to an investor today?"" To answer that question, an analyst does two things."	NPR 100,000		amount	auto-extracted; assign qkey + status in triage (03)
CAND-1413	UNREVIEWED	ch-46-dcf-valuation.txt	12		Suppose a Nepali fixed deposit currently pays 8% per year.	8%		percent	auto-extracted; assign qkey + status in triage (03)
CAND-1414	UNREVIEWED	ch-46-dcf-valuation.txt	12		If you were promised NPR 108 in exactly one year, and you had access to that 8% deposit rate today, the promise of NPR 108 next year is worth exactly NPR 100 to you today — because NPR 100 placed in the deposit today would itself grow into NPR 108 in one year.	8%		percent|amount	auto-extracted; assign qkey + status in triage (03)
CAND-1415	UNREVIEWED	ch-46-dcf-valuation.txt	12		The NPR 100 is the present value of the NPR 108 future amount, using 8% as the discount rate.	8%		percent|amount	auto-extracted; assign qkey + status in triage (03)
CAND-1416	UNREVIEWED	ch-46-dcf-valuation.txt	12		If instead the promise were riskier — say, a promise from a private company rather than a government-backed bank, where there is some chance the money never arrives — you would not be willing to pay NPR 100 today for a promise of NPR 108 in a year.	NPR 100		amount	auto-extracted; assign qkey + status in triage (03)
CAND-1417	UNREVIEWED	ch-46-dcf-valuation.txt	12		You would want a higher expected return to compensate for the extra risk, meaning you would only pay something less than NPR 100 for that same promised NPR 108.	NPR 100		amount	auto-extracted; assign qkey + status in triage (03)
CAND-1418	UNREVIEWED	ch-46-dcf-valuation.txt	17		If a stock's price only makes sense assuming 20% perpetual growth, that is useful information regardless of what your own model says.	20%		percent	auto-extracted; assign qkey + status in triage (03)
CAND-1419	UNREVIEWED	ch-46-dcf-valuation.txt	38		Mature-market ERPs (built from many decades of, for example, US or developed-market stock market history) are commonly estimated in a broad range around 4–6%.	6%		percent|score_band	auto-extracted; assign qkey + status in triage (03)
CAND-1420	UNREVIEWED	ch-46-dcf-valuation.txt	42		The second workaround is simply to use a small set of reasonable qualitative brackets — for example, treating regulated, essential-service businesses with stable demand (established commercial banks, hydropower plants with long-term power purchase agreements already signed and in operation) as lower-beta (perhaps 0.7–0.9), and treating more cyclical, discretionary, or leverage-heavy businesses (ho	7–0		score_band	auto-extracted; assign qkey + status in triage (03)
CAND-1421	UNREVIEWED	ch-46-dcf-valuation.txt	43		Putting the pieces together with illustrative, order-of-magnitude figures: a risk-free rate proxy of roughly 7% (a normalised, multi-quarter average of longer-maturity Nepali government securities, deliberately smoothing over the recent liquidity-driven swings), a mature-market ERP of roughly 5%, a Nepal country risk premium of roughly 4–5% given the market's frontier status, and a company-specifi	7%		percent|score_band	auto-extracted; assign qkey + status in triage (03)
CAND-1422	UNREVIEWED	ch-46-dcf-valuation.txt	43		A lower-risk regulated utility with beta 0.8 might land closer to 14–15%; a higher-risk, highly leveraged cyclical business with beta 1.3 might land at 18% or more.	15%		percent|score_band	auto-extracted; assign qkey + status in triage (03)
CAND-1423	UNREVIEWED	ch-46-dcf-valuation.txt	43		"These are illustrative ranges, not fixed rules — the discipline is in building the number up transparently from its components, stating every assumption explicitly, and then stress-testing the final valuation against a plausible range of discount rates (a topic taken up fully in Lesson 46.6), rather than presenting a single false-precision figure like ""14.73%"" as though it were an observed fact ra"	14.73%		percent	auto-extracted; assign qkey + status in triage (03)
CAND-1424	UNREVIEWED	ch-46-dcf-valuation.txt	50		In practice, this means the terminal growth rate should be anchored near a country's expected long-run nominal GDP growth rate (real GDP growth plus inflation) — for Nepal, taking into account the country's growth trajectory and inflation history, a terminal growth rate in the region of 4–6% is a commonly defensible anchor, though this should be revisited as Nepal's macroeconomic outlook evolves.	6%		percent|score_band	auto-extracted; assign qkey + status in triage (03)
CAND-1425	UNREVIEWED	ch-46-dcf-valuation.txt	50		Using a terminal growth rate materially above this — say, 8% or 10%, forever — is one of the most common ways analysts (deliberately or accidentally) inflate a DCF valuation, because the terminal value is extremely sensitive to the gap between the discount rate and the growth rate, as the worked example in the next lesson will demonstrate numerically.	8%		percent	auto-extracted; assign qkey + status in triage (03)
CAND-1426	UNREVIEWED	ch-46-dcf-valuation.txt	53		In most real-world DCF models — and this is especially pronounced in Nepal, where near-term forecast periods are short relative to the very long operating life of assets like hydropower plants — terminal value commonly makes up 60% to 80%, sometimes more, of the total calculated valuation.	60%		percent	auto-extracted; assign qkey + status in triage (03)
CAND-1427	UNREVIEWED	ch-46-dcf-valuation.txt	58		(HHPL) — a fictional, mid-sized run-of-river hydropower company, illustrative of the kind of counter that trades on NEPSE's hydropower sub-index, with 3 crore shares outstanding and a long-term PPA already signed with the Nepal Electricity Authority.			nepse	auto-extracted; assign qkey + status in triage (03)
CAND-1428	UNREVIEWED	ch-46-dcf-valuation.txt	59		Suppose an analyst has done the work described in Lessons 46.2 and 46.3: reconstructed HHPL's historical FCFE from several years of audited statements, projected FCFE forward five years reflecting the declining debt-service burden, and built up a cost of equity of 14.5% using the CAPM framework — a risk-free rate proxy around 7%, a combined equity and country risk premium reflecting Nepal's fronti	14.5%		percent	auto-extracted; assign qkey + status in triage (03)
CAND-1429	UNREVIEWED	ch-46-dcf-valuation.txt	59		The analyst has also settled on a terminal growth rate of 4%, anchored to a conservative view of Nepal's long-run nominal GDP growth.	4%		percent	auto-extracted; assign qkey + status in triage (03)
CAND-1430	UNREVIEWED	ch-46-dcf-valuation.txt	60		YearProjected FCFE (NPR crore)Discount Factor @ 14.5%Present Value (NPR crore)	14.5%		percent	auto-extracted; assign qkey + status in triage (03)
CAND-1431	UNREVIEWED	ch-46-dcf-valuation.txt	66		Sum of Present Values (Years 1–5)56.24	1–5		score_band	auto-extracted; assign qkey + status in triage (03)
CAND-1432	UNREVIEWED	ch-46-dcf-valuation.txt	69		Reading this table mechanically: each year's projected FCFE is multiplied by its discount factor (1 ÷ (1.145)^n for year n) to arrive at that year's present value — for instance, Year 3's NPR 18 crore, five years before it lands in HHPL's shareholders' hands in full, is worth NPR 12.00 crore in today's terms once discounted at 14.5% for three years.	14.5%		percent|amount	auto-extracted; assign qkey + status in triage (03)
CAND-1433	UNREVIEWED	ch-46-dcf-valuation.txt	69		The five years of explicit present values sum to NPR 56.24 crore.	NPR 56.24		amount	auto-extracted; assign qkey + status in triage (03)
CAND-1434	UNREVIEWED	ch-46-dcf-valuation.txt	69		Terminal value is then calculated using the Gordon Growth formula on the cash flow expected in the first year after the forecast window: Year 5's FCFE of NPR 21 crore, grown one more year at the 4% terminal rate, gives NPR 21.84 crore, divided by the gap between the discount rate and the growth rate (14.5% − 4% = 10.5%), giving a terminal value of NPR 208.00 crore as of the end of Year 5.	4%		percent|amount	auto-extracted; assign qkey + status in triage (03)
CAND-1435	UNREVIEWED	ch-46-dcf-valuation.txt	69		That terminal value is itself a future amount as of today, so it must also be discounted back five years at 14.5%, giving a present value of NPR 105.77 crore.	14.5%		percent|amount	auto-extracted; assign qkey + status in triage (03)
CAND-1436	UNREVIEWED	ch-46-dcf-valuation.txt	69		Adding the present value of the explicit forecast period (NPR 56.24 crore) to the present value of the terminal value (NPR 105.77 crore) gives a total estimated equity value of NPR 162.01 crore.	NPR 56.24		amount	auto-extracted; assign qkey + status in triage (03)
CAND-1437	UNREVIEWED	ch-46-dcf-valuation.txt	69		Dividing by HHPL's 3 crore outstanding shares gives an estimated intrinsic value of roughly NPR 54.00 per share.	NPR 54.00		amount	auto-extracted; assign qkey + status in triage (03)
CAND-1438	UNREVIEWED	ch-46-dcf-valuation.txt	70		Notice immediately, as flagged in Lesson 46.4, that the terminal value's present value (NPR 105.77 crore) makes up about 65% of HHPL's total estimated equity value — the majority of what this valuation claims the company is worth rests on a single assumption about growth forever after Year 5, discounted back through a single assumption about the appropriate long-run discount rate.	65%		percent|amount	auto-extracted; assign qkey + status in triage (03)
CAND-1439	UNREVIEWED	ch-46-dcf-valuation.txt	70		This is not a flaw specific to this example; it is a structural feature of DCF valuation applied to almost any going concern, and it is precisely why Lesson 46.6 turns next to testing how sensitive this NPR 54.00-per-share estimate actually is to reasonable changes in those two assumptions.	NPR 54.00		amount	auto-extracted; assign qkey + status in triage (03)
CAND-1440	UNREVIEWED	ch-46-dcf-valuation.txt	72		The HHPL example above produced a single, clean number: NPR 54.00 per share.	NPR 54.00		amount	auto-extracted; assign qkey + status in triage (03)
CAND-1441	UNREVIEWED	ch-46-dcf-valuation.txt	74		Discount Rate ↓ / Terminal Growth Rate →2%4%6%	2%		percent	auto-extracted; assign qkey + status in triage (03)
CAND-1442	UNREVIEWED	ch-46-dcf-valuation.txt	75		12.5%NPR 57.5NPR 67.3NPR 83.1	12.5%		percent|amount	auto-extracted; assign qkey + status in triage (03)
CAND-1443	UNREVIEWED	ch-46-dcf-valuation.txt	76		14.5% (base case)NPR 47.8NPR 54.0NPR 63.1	14.5%		percent|amount	auto-extracted; assign qkey + status in triage (03)
CAND-1444	UNREVIEWED	ch-46-dcf-valuation.txt	77		16.5%NPR 40.7NPR 44.9NPR 50.7	16.5%		percent|amount	auto-extracted; assign qkey + status in triage (03)
CAND-1445	UNREVIEWED	ch-46-dcf-valuation.txt	78		The spread here is striking: across a discount rate range of only four percentage points (12.5% to 16.5%, both defensible depending on how one estimates beta and the country risk premium) and a terminal growth range of only four percentage points (2% to 6%, both defensible depending on one's view of Nepal's long-run nominal growth), HHPL's estimated per-share value swings from roughly NPR 40.7 to 	12.5%		percent|amount	auto-extracted; assign qkey + status in triage (03)
CAND-1446	UNREVIEWED	ch-46-dcf-valuation.txt	78		An investor who took only the base-case NPR 54.00 figure at face value, without appreciating this range, could be lulled into false confidence about the precision of the estimate.	NPR 54.00		amount	auto-extracted; assign qkey + status in triage (03)
CAND-1447	UNREVIEWED	ch-46-dcf-valuation.txt	78		"The honest and useful way to present a DCF output is therefore not ""HHPL is worth NPR 54.00 per share"" but rather ""under a set of reasonable assumptions, HHPL appears to be worth somewhere in the range of roughly NPR 40 to NPR 85 per share, with NPR 54 as a central estimate"" — and then to compare that full range, not just the midpoint, against NEPSE's quoted market price to judge whether the stock"	NPR 54.00		amount|nepse	auto-extracted; assign qkey + status in triage (03)
CAND-1448	UNREVIEWED	ch-46-dcf-valuation.txt	93		The fully worked numerical example — a hypothetical hydropower company, Himalaya Hydro Power Ltd., valued using a five-year explicit FCFE forecast, a 14.5% cost of equity, and a 4% terminal growth rate — produced a base-case value of roughly NPR 54.00 per share, with the terminal value alone contributing about two-thirds of that total.	14.5%		percent|amount	auto-extracted; assign qkey + status in triage (03)
CAND-1449	UNREVIEWED	ch-46-dcf-valuation.txt	93		Varying the discount rate and terminal growth rate by only a few percentage points each, within entirely reasonable ranges, moved the per-share estimate from roughly NPR 40.7 to roughly NPR 83.1, illustrating concretely why every DCF conclusion should be reported as a range built on explicit sensitivity analysis, never as a single falsely precise number.	NPR 40.7		amount	auto-extracted; assign qkey + status in triage (03)
CAND-1450	UNREVIEWED	ch-47-relative-valuation-comps.txt	10		If those comparable houses sold for roughly NPR 2.5 crore, and your house is similar in every important respect, then NPR 2.5 crore becomes your anchor.	NPR 2.5		amount	auto-extracted; assign qkey + status in triage (03)
CAND-1451	UNREVIEWED	ch-47-relative-valuation-comps.txt	23		As of 2026, NEPSE lists roughly 300 companies, but the distribution across sectors is extremely uneven.			nepse	auto-extracted; assign qkey + status in triage (03)
CAND-1452	UNREVIEWED	ch-47-relative-valuation-comps.txt	23		"On NEPSE, your ""peer group"" for a mid-sized commercial bank might be all 17-20 other commercial banks — a wide set — while your peer group for a niche business (say, the single listed cigarette manufacturer, or the single listed cement producer of a particular type) might be one company, or none at all."	17-20		score_band|nepse	auto-extracted; assign qkey + status in triage (03)
CAND-1453	UNREVIEWED	ch-47-relative-valuation-comps.txt	31		A commercial bank with a loan book of NPR 200 billion faces different economies of scale, different funding costs, and different regulatory scrutiny than one with a loan book of NPR 40 billion.	NPR 200		amount	auto-extracted; assign qkey + status in triage (03)
CAND-1454	UNREVIEWED	ch-47-relative-valuation-comps.txt	32		Many NEPSE-listed companies, especially hydropower companies, have promoter shareholding locked in for a statutory period (a topic covered in more detail in Lesson 47.4), which affects how much of the company's shares actually trade freely.			nepse	auto-extracted; assign qkey + status in triage (03)
CAND-1455	UNREVIEWED	ch-47-relative-valuation-comps.txt	37		A five-question peer group filter for NEPSE: (1) Does this company operate in the same core sector and sub-sector (commercial bank vs.			nepse	auto-extracted; assign qkey + status in triage (03)
CAND-1456	UNREVIEWED	ch-47-relative-valuation-comps.txt	47		"A useful mental discipline here is to ask, before comparing any two multiples: ""If I owned 100% of both of these companies outright, with no stock market involved, would a rupee of reported earnings, book value, or EBITDA mean roughly the same thing in both?"" If the answer is no — because one company's earnings are far more volatile, one carries far more financial or operational risk, one is growi"	100%		percent	auto-extracted; assign qkey + status in triage (03)
CAND-1457	UNREVIEWED	ch-47-relative-valuation-comps.txt	52		But it has a side effect directly relevant to relative valuation: the free float (the portion of total shares outstanding that is actually available to trade in the open market, as opposed to being locked up with promoters, the government, or other long-term holders) can be a small fraction of total shares outstanding — sometimes well under 30% for a newly listed hydropower company, versus a much 	30%		percent	auto-extracted; assign qkey + status in triage (03)
CAND-1458	UNREVIEWED	ch-47-relative-valuation-comps.txt	59		Some multiples are simply unstable at the level of significant digits when volume is thin: a P/E that jumps from 22x to 27x over one week is more likely to reflect illiquidity-driven price noise than a genuine 23% reassessment of the company's earning power.	23%		percent	auto-extracted; assign qkey + status in triage (03)
CAND-1459	UNREVIEWED	ch-47-relative-valuation-comps.txt	61		A multiple derived from a stock trading only a few thousand shares a day, with 70-80% of shares locked up with promoters, deserves far less weight than one derived from a large-float, actively traded bank with daily volumes in the hundreds of thousands of shares.	80%		percent|score_band	auto-extracted; assign qkey + status in triage (03)
CAND-1460	UNREVIEWED	ch-47-relative-valuation-comps.txt	69		Worked illustration: a commercial bank with a sustainable ROE of 16%, expected long-run growth of 8%, and a cost of equity of 14% has a justified P/B of (0.16 − 0.08) ÷ (0.14 − 0.08) = 0.08 ÷ 0.06 ≈ 1.33x.	16%		percent	auto-extracted; assign qkey + status in triage (03)
CAND-1461	UNREVIEWED	ch-47-relative-valuation-comps.txt	72		The same logic extends, with appropriate adaptation, to other multiples covered in Chapters 39-41:	39-41		score_band	auto-extracted; assign qkey + status in triage (03)
CAND-1462	UNREVIEWED	ch-47-relative-valuation-comps.txt	89		Including one or two illiquid, small-float names in a peer average can pull the whole benchmark toward a distorted level, especially in a small peer set (recall from Lesson 47.2 that NEPSE peer groups are often narrow to begin with, sometimes only five to ten names).			nepse	auto-extracted; assign qkey + status in triage (03)
CAND-1463	UNREVIEWED	ch-47-relative-valuation-comps.txt	100		Reading this table the way this chapter has taught you to: Nabil Bank's P/B of 2.1x sits well above the peer average of 1.6x, but its ROE of 15.2% also sits above the peer average of 13.2% — some or all of the premium multiple may be justified by superior profitability, which is exactly the kind of question the justified P/B formula from Lesson 47.5 is built to answer, rather than simply flagging 	15.2%		percent	auto-extracted; assign qkey + status in triage (03)
CAND-1464	UNREVIEWED	ch-47-relative-valuation-comps.txt	108		Upper Tamakoshi's P/E of 38x looks dramatically more expensive than Chilime's 16x on a raw comparison — but Upper Tamakoshi is still ramping up toward full-capacity earnings, exactly the growth-versus-mature distortion flagged in Lesson 47.6's first pitfall, and its EV/EBITDA of 11.0x is far closer to the mature peers' 9.0-9.5x than its P/E suggests, because EBITDA is less distorted by ramp-up dep	0-9		score_band	auto-extracted; assign qkey + status in triage (03)
CAND-1465	UNREVIEWED	ch-47-relative-valuation-comps.txt	110		A six-step relative valuation checklist for NEPSE: (1) Define the target company's exact sub-sector, scale, and life-cycle stage.			nepse	auto-extracted; assign qkey + status in triage (03)
CAND-1466	UNREVIEWED	ch-48-dividend-discount-model.txt	19		And g is how fast you expect the rent to grow, year after year, forever — perhaps 4-5% a year as the area develops and market rents drift upward.	5%		percent|score_band	auto-extracted; assign qkey + status in triage (03)
CAND-1467	UNREVIEWED	ch-48-dividend-discount-model.txt	20		If you expect Rs 100,000 in rent next year, need a 12% return to compensate you for the risk of being a landlord in that particular neighbourhood, and expect rent to grow 4% a year forever, the property should be worth:	12%		percent|amount	auto-extracted; assign qkey + status in triage (03)
CAND-1468	UNREVIEWED	ch-48-dividend-discount-model.txt	21		Rs 100,000 / (0.12 − 0.04) = Rs 100,000 / 0.08 = Rs 1,250,000	000 / 0		fraction|amount	auto-extracted; assign qkey + status in triage (03)
CAND-1469	UNREVIEWED	ch-48-dividend-discount-model.txt	23		(a hypothetical commercial bank, used for illustration throughout this chapter) is expected to pay a cash dividend of Rs 15 per share next year.	Rs 15		amount	auto-extracted; assign qkey + status in triage (03)
CAND-1470	UNREVIEWED	ch-48-dividend-discount-model.txt	23		Investors require a 14% return on bank equities of this risk profile (built up, as Chapter 44 showed, from a risk-free rate plus an equity risk premium adjusted for the bank's beta and Nepal-specific risk factors).	14%		percent	auto-extracted; assign qkey + status in triage (03)
CAND-1471	UNREVIEWED	ch-48-dividend-discount-model.txt	23		The bank's dividend is expected to grow at 6% a year indefinitely, roughly in line with nominal GDP growth and the banking sector's steady expansion of its loan book.	6%		percent	auto-extracted; assign qkey + status in triage (03)
CAND-1472	UNREVIEWED	ch-48-dividend-discount-model.txt	24		Value per share = 15 / (0.14 − 0.06) = 15 / 0.08 = Rs 187.50	15 / 0		fraction|amount	auto-extracted; assign qkey + status in triage (03)
CAND-1473	UNREVIEWED	ch-48-dividend-discount-model.txt	25		If Himalayan Ridge Bank trades at Rs 150 on NEPSE, the Gordon Growth Model says it is undervalued relative to its dividend-paying capacity, holding the growth and discount rate assumptions fixed.	Rs 150		amount|nepse	auto-extracted; assign qkey + status in triage (03)
CAND-1474	UNREVIEWED	ch-48-dividend-discount-model.txt	25		If it trades at Rs 260, the model says the market is pricing in either faster growth, a lower required return, or both, than your assumptions capture — a signal to revisit your inputs, not necessarily proof the market is wrong.	Rs 260,		amount	auto-extracted; assign qkey + status in triage (03)
CAND-1475	UNREVIEWED	ch-48-dividend-discount-model.txt	32		Second, retained earnings for regulated financial institutions are subject to capital and reserve requirements (discussed in Lesson 48.4), which push a portion of profit into reserves rather than reinvestment in new ventures, but the remainder is customarily distributed rather than hoarded on the balance sheet, partly because minority shareholders — a large share of the register for most NEPSE ban			nepse	auto-extracted; assign qkey + status in triage (03)
CAND-1476	UNREVIEWED	ch-48-dividend-discount-model.txt	38		This is not to say DDM is the only tool an analyst needs for NEPSE — Chapter 49 and Chapter 50 will build discounted cash flow and relative valuation approaches that remain essential, especially for companies without a long dividend history, or where you suspect the dividend policy itself is not a reliable signal of underlying value creation.			nepse	auto-extracted; assign qkey + status in triage (03)
CAND-1477	UNREVIEWED	ch-48-dividend-discount-model.txt	41		Nepali companies routinely declare dividends in two forms simultaneously: a cash dividend (an actual cash payment per share, subject to a 5% dividend tax withheld at source for individual investors, as covered in the tax chapters) and a bonus share dividend (additional shares issued to existing shareholders, in some fixed proportion to their current holding, at no cost to them).	5%		percent	auto-extracted; assign qkey + status in triage (03)
CAND-1478	UNREVIEWED	ch-48-dividend-discount-model.txt	41		"A company might, for instance, declare a ""20% dividend"" consisting of 15% bonus shares and 5% cash — meaning a shareholder holding 100 shares receives 15 new shares plus Rs 500 in cash (5% of a Rs 100 par value, before tax)."	20%		percent|amount	auto-extracted; assign qkey + status in triage (03)
CAND-1479	UNREVIEWED	ch-48-dividend-discount-model.txt	44		A shareholder holding shares worth Rs 100,000 before a 15% bonus issue still holds shares worth approximately Rs 100,000 immediately after (100,000 shares become 115, and the per-share price falls by close to the same ratio) — they simply now hold more certificates, each worth less.	15%		percent|amount	auto-extracted; assign qkey + status in triage (03)
CAND-1480	UNREVIEWED	ch-48-dividend-discount-model.txt	46		A 20% total dividend that is 15% bonus and 5% cash is not a Rs 20-per-Rs-100-par cash dividend — treating it as one wildly overstates the true cash return, and wildly overstates the resulting valuation.	20%		percent|amount	auto-extracted; assign qkey + status in triage (03)
CAND-1481	UNREVIEWED	ch-48-dividend-discount-model.txt	52		A shareholder who receives bonus shares does not pay tax on receipt (bonus shares are not treated as taxable income at issuance in Nepal's current framework, unlike a cash dividend, which is taxed immediately at the 5% withholding rate) — but their original cost basis is spread across more shares, which matters enormously when they eventually sell and calculate capital gains.	5%		percent	auto-extracted; assign qkey + status in triage (03)
CAND-1482	UNREVIEWED	ch-48-dividend-discount-model.txt	60		Suppose Himalayan Ridge Bank grew its loan book 25% last year (strong headline growth) but this pushed its capital adequacy ratio down to just above NRB's regulatory minimum.	25%		percent	auto-extracted; assign qkey + status in triage (03)
CAND-1483	UNREVIEWED	ch-48-dividend-discount-model.txt	71		Assume the company is expected to grow its dividend per share at 18% annually for the first three years as its tariff escalates and it works through initial capital structure deleveraging, slowing to 10% in years four and five as growth moderates, before settling into a stable 6% long-run growth rate from year six onward, roughly matching the sector's long-run nominal growth.	18%		percent	auto-extracted; assign qkey + status in triage (03)
CAND-1484	UNREVIEWED	ch-48-dividend-discount-model.txt	71		The cost of equity for a hydropower stock of this risk profile is estimated at 13%.	13%		percent	auto-extracted; assign qkey + status in triage (03)
CAND-1485	UNREVIEWED	ch-48-dividend-discount-model.txt	71		Current dividend per share (D0) is Rs 8.00.	Rs 8.00		amount	auto-extracted; assign qkey + status in triage (03)
CAND-1486	UNREVIEWED	ch-48-dividend-discount-model.txt	72		YearGrowth RateDividend per Share (Rs)Discount Factor @13%Present Value (Rs)	13%		percent	auto-extracted; assign qkey + status in triage (03)
CAND-1487	UNREVIEWED	ch-48-dividend-discount-model.txt	73		118%9.440.8858.35	118%		percent	auto-extracted; assign qkey + status in triage (03)
CAND-1488	UNREVIEWED	ch-48-dividend-discount-model.txt	74		218%11.140.7838.72	218%		percent	auto-extracted; assign qkey + status in triage (03)
CAND-1489	UNREVIEWED	ch-48-dividend-discount-model.txt	75		318%13.150.6939.11	318%		percent	auto-extracted; assign qkey + status in triage (03)
CAND-1490	UNREVIEWED	ch-48-dividend-discount-model.txt	76		410%14.460.6138.87	410%		percent	auto-extracted; assign qkey + status in triage (03)
CAND-1491	UNREVIEWED	ch-48-dividend-discount-model.txt	77		510%15.910.5438.64	510%		percent	auto-extracted; assign qkey + status in triage (03)
CAND-1492	UNREVIEWED	ch-48-dividend-discount-model.txt	78		Terminal (Year 6 onward)6%16.86 (Year 6 D1)0.543 (Year 5 factor, applied to TV)TV = 16.86/(0.13-0.06) = 240.86; PV = 130.79	6%		percent|score_band	auto-extracted; assign qkey + status in triage (03)
CAND-1493	UNREVIEWED	ch-48-dividend-discount-model.txt	79		Summing the present values of years 1 through 5 (8.35 + 8.72 + 9.11 + 8.87 + 8.64 = 43.69) and adding the present value of the terminal value (130.79) gives an estimated intrinsic value per share of approximately Rs 174.48.	Rs 174.48		amount	auto-extracted; assign qkey + status in triage (03)
CAND-1494	UNREVIEWED	ch-48-dividend-discount-model.txt	81		Notice how much of the total value (roughly 75% in this example) comes from the terminal value, not the explicit forecast period.	75%		percent	auto-extracted; assign qkey + status in triage (03)
CAND-1495	UNREVIEWED	ch-48-dividend-discount-model.txt	82		This worked example already hints at the danger explored fully in the next lesson: notice that the entire calculation depended on correctly identifying *when* the 18% growth phase ends and the stable 6% phase begins.	18%		percent	auto-extracted; assign qkey + status in triage (03)
CAND-1496	UNREVIEWED	ch-48-dividend-discount-model.txt	82		Get that transition wrong — assume the 18% growth persists for eight years instead of three — and the valuation changes dramatically, because you are compounding a high growth rate over a much longer explicit period, and you are pushing back a large terminal value to a later date without properly capturing what actually stops the growth from being that fast in the interim.	18%		percent	auto-extracted; assign qkey + status in triage (03)
CAND-1497	UNREVIEWED	ch-48-dividend-discount-model.txt	84		A common modelling error is to make the transition between growth stages too abrupt — jumping straight from 18% to 6% with nothing in between.	18%		percent	auto-extracted; assign qkey + status in triage (03)
CAND-1498	UNREVIEWED	ch-48-dividend-discount-model.txt	87		Chapter 43 examined how Nepali hydropower companies benefit from income tax holidays and concessional tax rates in their early years of commercial operation (a defined number of years at 0% tax, followed by a period at a reduced rate, before reverting to the standard corporate tax rate), and how many hydropower PPAs with the Nepal Electricity Authority are structured with an escalating tariff sche	0%		percent	auto-extracted; assign qkey + status in triage (03)
CAND-1499	UNREVIEWED	ch-48-dividend-discount-model.txt	90		Stack these three effects together and a hydropower company can post 15%, 20%, even 25%+ annual growth in dividend per share for several consecutive years — not because the underlying business is compounding at that rate sustainably, but because three separate, finite tailwinds are all blowing in the same direction at once.	15%		percent	auto-extracted; assign qkey + status in triage (03)
CAND-1500	UNREVIEWED	ch-48-dividend-discount-model.txt	93		Suppose an analyst, looking only at the company's trailing three-year dividend growth of 18%, extrapolated that rate forward indefinitely into a single-stage Gordon Growth Model: 9.44 / (0.13 − 0.18) would produce a negative, meaningless value, because the assumed growth rate exceeds the discount rate — the model breaking is itself the warning sign.	18%		percent	auto-extracted; assign qkey + status in triage (03)
CAND-1501	UNREVIEWED	ch-48-dividend-discount-model.txt	93		Even a less extreme error — extrapolating 18% for, say, ten years instead of three, because the analyst did not check the actual remaining tax holiday period or the remaining tariff escalation years in the PPA schedule — would produce a valuation dramatically higher than what the correctly-staged multi-stage model in Lesson 48.5 produced (Rs 174.48).	18%		percent|amount	auto-extracted; assign qkey + status in triage (03)
CAND-1502	UNREVIEWED	ch-48-dividend-discount-model.txt	93		The gap between the naive and the properly staged answer is not a rounding error; it can easily be a valuation 50% or more too high.	50%		percent	auto-extracted; assign qkey + status in triage (03)
CAND-1503	UNREVIEWED	ch-49-book-value-nav.txt	10		Imagine a house that was bought twenty years ago in Kalanki, Kathmandu, for NPR 40 lakh — 15 lakh for the land and 25 lakh for the construction.	NPR 40		amount	auto-extracted; assign qkey + status in triage (03)
CAND-1504	UNREVIEWED	ch-49-book-value-nav.txt	10		Today, that same plot of land alone might fetch NPR 3 crore because of how much the neighbourhood has grown, and the house, though older, is still standing and usable.	NPR 3		amount	auto-extracted; assign qkey + status in triage (03)
CAND-1505	UNREVIEWED	ch-49-book-value-nav.txt	10		"If you asked ""what is this house worth?"" and someone answered ""NPR 40 lakh, because that is what the owner paid for it,"" you would immediately object."	NPR 40		amount	auto-extracted; assign qkey + status in triage (03)
CAND-1506	UNREVIEWED	ch-49-book-value-nav.txt	11		If Nabil Bank has total assets of NPR 500 arba and total liabilities (deposits, borrowings, and other obligations) of NPR 460 arba, its book value — its net worth — is NPR 40 arba.	NPR 500		amount	auto-extracted; assign qkey + status in triage (03)
CAND-1507	UNREVIEWED	ch-49-book-value-nav.txt	12		If that same bank has net worth of NPR 40 arba and 32 crore shares outstanding, its book value per share is NPR 40,00,00,00,000 ÷ 32,00,00,000 = NPR 125 per share.	NPR 40		amount	auto-extracted; assign qkey + status in triage (03)
CAND-1508	UNREVIEWED	ch-49-book-value-nav.txt	16		If our hypothetical bank trades at NPR 340 per share against a book value of NPR 125, its P/B ratio is 2.72x.	NPR 340		amount	auto-extracted; assign qkey + status in triage (03)
CAND-1509	UNREVIEWED	ch-49-book-value-nav.txt	16		This tells an investor that the market is willing to pay NPR 2.72 for every NPR 1 of recorded net worth — a premium that must be justified by the bank's ability to generate returns on that net worth (its Return on Equity, or ROE) above what a comparable, safer investment would offer.	NPR 2.72		amount	auto-extracted; assign qkey + status in triage (03)
CAND-1510	UNREVIEWED	ch-49-book-value-nav.txt	19		When Global IME Bank or Nabil Bank reports a loan of NPR 10 lakh to a borrower, that loan is worth approximately NPR 10 lakh (adjusted for expected credit losses, which Nepal Rastra Bank requires banks to provision for under its directives) — not NPR 3 lakh or NPR 40 lakh depending on the real estate cycle.	NPR 10		amount	auto-extracted; assign qkey + status in triage (03)
CAND-1511	UNREVIEWED	ch-49-book-value-nav.txt	22		"Nepal Rastra Bank's capital adequacy framework (based on Basel-derived norms) requires commercial banks (""A"" class) to maintain minimum capital ratios against risk-weighted assets — historically around 11% total capital, with sub-limits on core (Tier 1) capital."	11%		percent	auto-extracted; assign qkey + status in triage (03)
CAND-1512	UNREVIEWED	ch-49-book-value-nav.txt	36		Chapter 16 introduced Nepali mutual funds — pooled investment vehicles managed by asset management companies (such as NIBL Ace Capital, Nabil Investment Banking, Sunrise Capital, or Global IME Capital) that are listed and traded on NEPSE, mostly as closed-end funds with a fixed number of units, alongside a smaller number of open-end schemes.			nepse	auto-extracted; assign qkey + status in triage (03)
CAND-1513	UNREVIEWED	ch-49-book-value-nav.txt	37		If a mutual fund such as NIBL Sahabhagita Fund holds a portfolio of NEPSE-listed equities and government securities currently worth NPR 90 crore, has NPR 2 crore of cash, and NPR 1 crore of payables, its net assets are NPR 91 crore.	NPR 90		amount|nepse	auto-extracted; assign qkey + status in triage (03)
CAND-1514	UNREVIEWED	ch-49-book-value-nav.txt	37		If it has 9 crore units outstanding (a typical unit face value in Nepal is NPR 10), its NAV per unit is NPR 91,00,00,000 ÷ 9,00,00,000 = NPR 10.11 per unit.	NPR 10		amount	auto-extracted; assign qkey + status in triage (03)
CAND-1515	UNREVIEWED	ch-49-book-value-nav.txt	42		Nepali closed-end mutual funds have, for much of their listed history, tended to trade at a discount to NAV — often in the range of 10% to 30% below reported NAV, though this gap widens and narrows with overall market sentiment.	10%		percent	auto-extracted; assign qkey + status in triage (03)
CAND-1516	UNREVIEWED	ch-49-book-value-nav.txt	43		Consider a closed-end mutual fund with a published NAV of NPR 13 per unit trading at a market price of NPR 10 per unit — roughly a 23% discount to NAV.	23%		percent|amount	auto-extracted; assign qkey + status in triage (03)
CAND-1517	UNREVIEWED	ch-49-book-value-nav.txt	43		An investor who buys such a unit is, in effect, purchasing NPR 13 worth of underlying listed securities and cash for NPR 10, provided the fund's disclosed NAV is accurate and the investor is prepared to hold until the discount narrows or the fund matures and distributes its net assets.	NPR 13		amount	auto-extracted; assign qkey + status in triage (03)
CAND-1518	UNREVIEWED	ch-49-book-value-nav.txt	59		A company with an ROE of 25%, a cost of equity of 14%, and sustainable growth of 8% would have a justified P/B of (0.25 − 0.08) ÷ (0.14 − 0.08) = 0.17 ÷ 0.06 ≈ 2.83x — and this is before considering that many high-ROE, asset-light businesses can sustain P/B multiples of 4x, 5x, or higher when growth is strong and durable.	25%		percent	auto-extracted; assign qkey + status in triage (03)
CAND-1519	UNREVIEWED	ch-49-book-value-nav.txt	76		Bank A (large commercial bank)3401252.72x18%Premium justified by high, stable ROE and strong franchise	18%		percent	auto-extracted; assign qkey + status in triage (03)
CAND-1520	UNREVIEWED	ch-49-book-value-nav.txt	77		Bank B (mid-sized commercial bank)2101501.40x11%Fair value; P/B roughly tracks ROE relative to peers	11%		percent	auto-extracted; assign qkey + status in triage (03)
CAND-1521	UNREVIEWED	ch-49-book-value-nav.txt	78		Development Bank C1451600.91x7%Below book, but low ROE signals real earnings weakness, not obvious bargain	7%		percent	auto-extracted; assign qkey + status in triage (03)
CAND-1522	UNREVIEWED	ch-49-book-value-nav.txt	79		Finance Company D951300.73x5%Trading below book; check asset quality and provisioning before assuming undervaluation	5%		percent	auto-extracted; assign qkey + status in triage (03)
CAND-1523	UNREVIEWED	ch-49-book-value-nav.txt	80		Closed-end Mutual Fund E10.2013.10 (NAV)0.78x (price/NAV)n/a22% discount to NAV; check tenure and expense ratio before buying	22%		percent	auto-extracted; assign qkey + status in triage (03)
CAND-1524	UNREVIEWED	ch-50-why-nepali-investors-lose.txt	11		In mature markets like the United States, institutional investors dominate daily trading, often accounting for 70-80% of turnover.	80%		percent|score_band	auto-extracted; assign qkey + status in triage (03)
CAND-1525	UNREVIEWED	ch-50-why-nepali-investors-lose.txt	12		Against a national population of roughly 29-30 million, and an even smaller adult, economically active population, this is a striking number.	29-30		score_band	auto-extracted; assign qkey + status in triage (03)
CAND-1526	UNREVIEWED	ch-50-why-nepali-investors-lose.txt	18		NEPSE opened for trading in January 1994.	January 1994		word_date|nepse	auto-extracted; assign qkey + status in triage (03)
CAND-1527	UNREVIEWED	ch-50-why-nepali-investors-lose.txt	19		NEPSE's benchmark index is a value-weighted measure of listed company share prices, similar in spirit to how the S&P 500 tracks large American companies, except NEPSE's index reflects a much smaller, much less diversified, much more thinly traded set of companies — heavily concentrated in banking, hydropower, insurance, and microfinance.			nepse	auto-extracted; assign qkey + status in triage (03)
CAND-1528	UNREVIEWED	ch-50-why-nepali-investors-lose.txt	21		Cycle 1~360 points (2000)~205 points (2002/03)~43%Post-democratic-era political instability, insurgency-related uncertainty	43%		percent|fraction	auto-extracted; assign qkey + status in triage (03)
CAND-1529	UNREVIEWED	ch-50-why-nepali-investors-lose.txt	22		Cycle 2~1,175 points (2008)~292 points (2011)~75%Global financial crisis, tightening bank liquidity, unwinding of speculative buying	75%		percent	auto-extracted; assign qkey + status in triage (03)
CAND-1530	UNREVIEWED	ch-50-why-nepali-investors-lose.txt	23		Cycle 3~1,888 points (July 2016)~1,100-1,200 points (2018-19), then ~1,000 (March 2020 pandemic low)~40-47%Real estate and margin-lending-fuelled retail boom; later, 2015 earthquake aftershocks to sentiment and COVID-19 shock	47%		percent|word_date|score_band	auto-extracted; assign qkey + status in triage (03)
CAND-1531	UNREVIEWED	ch-50-why-nepali-investors-lose.txt	24		Cycle 4~3,227 points (August 2021, all-time high)~1,800-1,900 points (late 2022)~42-44%Pandemic-era excess bank liquidity, cheap margin loans, mass retail entry via Mero Share and trading apps; reversed by sharp interest-rate increases and a national liquidity crunch	44%		percent|word_date|score_band	auto-extracted; assign qkey + status in triage (03)
CAND-1532	UNREVIEWED	ch-50-why-nepali-investors-lose.txt	25		Cycle 5 (partial, ongoing)~2,900-3,000 range (2024-25 rallies)~2,487 points (October 2025), choppy recovery into 2026OngoingRenewed retail enthusiasm on hydropower and banking counters, followed by repeated sharp pullbacks	October 2025		word_date|score_band	auto-extracted; assign qkey + status in triage (03)
CAND-1533	UNREVIEWED	ch-50-why-nepali-investors-lose.txt	26		First, the pattern repeats: a multi-year run-up of well over 300%, followed by a collapse of 40% to as much as 75%, roughly once per decade.	300%		percent	auto-extracted; assign qkey + status in triage (03)
CAND-1534	UNREVIEWED	ch-50-why-nepali-investors-lose.txt	28		Between roughly mid-2020 and August 2021, NEPSE nearly tripled, driven by a flood of pandemic-era liquidity in the banking system, historically low interest rates, and an explosion in margin lending against share collateral.	August 2021		word_date|nepse	auto-extracted; assign qkey + status in triage (03)
CAND-1535	UNREVIEWED	ch-50-why-nepali-investors-lose.txt	28		By August 2021 the index touched an all-time high of about 3,227 points.	August 2021		word_date	auto-extracted; assign qkey + status in triage (03)
CAND-1536	UNREVIEWED	ch-50-why-nepali-investors-lose.txt	28		Within about fourteen months, as Nepal Rastra Bank tightened monetary policy to defend the currency and control imports, interest rates rose sharply, margin loans became both more expensive and harder to service, and the index fell to roughly 1,800-1,900 — a decline of over 40% from the peak, and the fastest, deepest correction NEPSE had experienced in over a decade.	40%		percent|score_band|nepse	auto-extracted; assign qkey + status in triage (03)
CAND-1537	UNREVIEWED	ch-50-why-nepali-investors-lose.txt	29		The investor who bought steadily throughout Cycle 4, from the 1,000-point lows of March 2020 through the 3,227-point peak of August 2021, would have needed to have committed the largest share of new capital in the final, most expensive months, purely because that is when enthusiasm — and account opening, and margin borrowing — was at its highest.	March 2020		word_date	auto-extracted; assign qkey + status in triage (03)
CAND-1538	UNREVIEWED	ch-50-why-nepali-investors-lose.txt	29		"It is a well-documented pattern across every cycle in the table above, and it is the mechanical reason why ""the market went up 370% and then fell 75%"" does not mean the average investor merely broke even."	370%		percent	auto-extracted; assign qkey + status in triage (03)
CAND-1539	UNREVIEWED	ch-50-why-nepali-investors-lose.txt	32		"Markets that have crashed 40-75% on four or five separate occasions over three decades, and have each time recovered and eventually made new highs, are not permanently broken — but they are also not markets where ""this time is different"" has ever actually been true."	75%		percent|score_band	auto-extracted; assign qkey + status in triage (03)
CAND-1540	UNREVIEWED	ch-50-why-nepali-investors-lose.txt	35		It works like this: suppose you own shares worth NPR 1,000,000.	NPR 1,000,000		amount	auto-extracted; assign qkey + status in triage (03)
CAND-1541	UNREVIEWED	ch-50-why-nepali-investors-lose.txt	35		A bank might agree to lend you up to a certain percentage of that value — historically as much as 50-70% for well-regarded scrips before regulators tightened the rules — against your shares as security.	70%		percent|score_band	auto-extracted; assign qkey + status in triage (03)
CAND-1542	UNREVIEWED	ch-50-why-nepali-investors-lose.txt	37		This is precisely the mechanism widely cited as central to the 2021-2022 NEPSE cycle.			nepse	auto-extracted; assign qkey + status in triage (03)
CAND-1543	UNREVIEWED	ch-50-why-nepali-investors-lose.txt	39		This is why margin-fuelled corrections on NEPSE (2008-09 and 2021-22 are the clearest examples) have historically been sharper and faster than corrections in cycles with less leverage in the system.			nepse	auto-extracted; assign qkey + status in triage (03)
CAND-1544	UNREVIEWED	ch-50-why-nepali-investors-lose.txt	55		Layer the rumour mills of Lesson 50.4 on top of the retail crowd of Lesson 50.1, and you get a very specific, very repeatable pattern on NEPSE: waves of retail money rotating from one hot sector to the next, arriving each time closer to the top of that sector's cycle than to its bottom.			nepse	auto-extracted; assign qkey + status in triage (03)
CAND-1545	UNREVIEWED	ch-50-why-nepali-investors-lose.txt	57		"A par-value share priced at NPR 100 feels psychologically ""cheap"" to a first-time investor in a way that obscures the real question, which is not the price per share but the price relative to the company's actual earning power once operational — a question that requires reading a prospectus, not a Viber message."	NPR 100		amount	auto-extracted; assign qkey + status in triage (03)
CAND-1546	UNREVIEWED	ch-50-why-nepali-investors-lose.txt	65		"Buying a stock purely because a Viber/Telegram group is ""hyping"" itRumour of bonus shares, contracts, or foreign investment, unverifiableOften 20-50%+ decline once the buzz fades and the rumour proves false or already priced in"	50%		percent|score_band	auto-extracted; assign qkey + status in triage (03)
CAND-1547	UNREVIEWED	ch-50-why-nepali-investors-lose.txt	67		"Applying for hydropower/microfinance/insurance IPOs purely because a sector is ""hot""Oversubscription headlines, sector narrative, social proofListing-day gains often erode over following 12-24 months as sector enthusiasm cools"	12-24		score_band	auto-extracted; assign qkey + status in triage (03)
CAND-1548	UNREVIEWED	ch-50-why-nepali-investors-lose.txt	73		Nepal's most recent national baseline survey put the overall financial literacy score at roughly 57.9%, with only about 27.5% of adults clearing the minimum passing threshold across all three dimensions simultaneously.	57.9%		percent	auto-extracted; assign qkey + status in triage (03)
CAND-1549	UNREVIEWED	ch-50-why-nepali-investors-lose.txt	73		The gaps within that average are significant for understanding who is most exposed to the mistakes in Lesson 50.5's table: financial literacy scores were markedly lower among women (54.3%, versus 61.8% for men — a gap that widens further, to nearly 18 points, on financial knowledge specifically), among older adults (27.9% for ages 60+, against 63.2% for ages 18-30), among those with less formal ed	54.3%		percent|score_band	auto-extracted; assign qkey + status in triage (03)
CAND-1550	UNREVIEWED	ch-50-why-nepali-investors-lose.txt	73		Separately, the same body of survey work found that roughly 24% of Nepal's adult population already holds some form of stock or share investment — meaning a very large number of people with genuinely limited financial knowledge are nonetheless active participants in a leveraged, rumour-prone, cyclical stock market.	24%		percent	auto-extracted; assign qkey + status in triage (03)
CAND-1551	UNREVIEWED	ch-50-why-nepali-investors-lose.txt	78		Before your next trade on NEPSE, run a three-question self-check that maps directly onto this chapter: (1) Where exactly did this idea come from — a company filing or audited statement I read myself, or a group chat / social media post I cannot independently verify?			nepse	auto-extracted; assign qkey + status in triage (03)
CAND-1552	UNREVIEWED	ch-50-why-nepali-investors-lose.txt	81		NEPSE's own history over three decades bears this out with remarkable consistency: five distinct boom-bust cycles, each triggered by a different external event — political instability, a global financial crisis, an earthquake, a pandemic, a monetary tightening cycle — but each following nearly the same internal shape, a long climb of 300% or more followed by a collapse of 40% to 75%.	300%		percent|nepse	auto-extracted; assign qkey + status in triage (03)
CAND-1553	UNREVIEWED	ch-50-why-nepali-investors-lose.txt	81		The 2021-22 cycle, in which NEPSE nearly tripled to an all-time high above 3,200 points before falling more than 40% within roughly fourteen months, stands as the clearest recent illustration of this mechanism in action.	40%		percent|nepse	auto-extracted; assign qkey + status in triage (03)
CAND-1554	UNREVIEWED	ch-50-why-nepali-investors-lose.txt	84		"Chapter 51, ""Core Behavioural Biases for the NEPSE Investor,"" turns from the market's structure to the investor's own mind, examining the specific cognitive biases — including herd behaviour, loss aversion, overconfidence, and anchoring — that make an intelligent, well-intentioned Nepali investor vulnerable to exactly the traps this chapter has documented, and what a disciplined investor can do to"			nepse	auto-extracted; assign qkey + status in triage (03)
CAND-1555	UNREVIEWED	ch-51-core-behavioural-biases.txt	22		Suppose a hydropower script traded as high as Rs 850 during a bull phase eighteen months ago and has since fallen to Rs 340 as the sector cooled and the company's actual earnings disappointed relative to the hype.	Rs 850		amount	auto-extracted; assign qkey + status in triage (03)
CAND-1556	UNREVIEWED	ch-51-core-behavioural-biases.txt	22		"An investor evaluating this stock today will very often frame the decision not in terms of ""is Rs 340 a fair price for this company's future cash flows"" but in terms of ""this stock used to be worth Rs 850, so at Rs 340 it is cheap, it has 'more room to recover.'"" This reasoning treats the old high as a kind of gravitational centre the price ought to return to, when in fact the Rs 850 price may its"	Rs 340		amount	auto-extracted; assign qkey + status in triage (03)
CAND-1557	UNREVIEWED	ch-51-core-behavioural-biases.txt	22		"The number Rs 850 is psychologically vivid — it sits in the investor's memory, in old screenshots shared in Viber groups, in the ""52-week high"" figure the trading app itself prominently displays — but it carries no actual information about intrinsic value."	Rs 850		amount	auto-extracted; assign qkey + status in triage (03)
CAND-1558	UNREVIEWED	ch-51-core-behavioural-biases.txt	23		"An investor who bought a commercial bank script at Rs 450 and watches it fall to Rs 310 will very often refuse to sell ""until it gets back to at least what I paid,"" treating Rs 450 as a target the market somehow owes them, rather than evaluating Rs 310 today on its own merits — comparing it, for instance, to the bank's current book value, its dividend trajectory, or better opportunities elsewhere "	Rs 450		amount	auto-extracted; assign qkey + status in triage (03)
CAND-1559	UNREVIEWED	ch-51-core-behavioural-biases.txt	24		"Anchoring also works in the opposite direction during a rally: an investor who bought a script at Rs 200 and sees it hit Rs 260 anchors to the recent low and concludes the stock is now ""expensive,"" selling far too early relative to the company's genuine growth trajectory, purely because Rs 260 feels large compared to Rs 200 rather than small compared to where sustained earnings growth might eventu"	Rs 200		amount	auto-extracted; assign qkey + status in triage (03)
CAND-1560	UNREVIEWED	ch-51-core-behavioural-biases.txt	28		"The ""52-week high"" and ""52-week low"" figures displayed on every NEPSE trading terminal and mobile app are among the most powerful anchors in the market."			nepse	auto-extracted; assign qkey + status in triage (03)
CAND-1561	UNREVIEWED	ch-51-core-behavioural-biases.txt	33		"An investor who has bought a finance company script based on a Telegram ""target Rs 900"" call will, entirely naturally, gravitate toward the parts of that same channel — and similar channels — that continue to reinforce the bullish thesis, while a sober quarterly report showing rising non-performing loans, published on the company's own website or disclosed to NEPSE, goes unread or is explained awa"	Rs 900		amount|nepse	auto-extracted; assign qkey + status in triage (03)
CAND-1562	UNREVIEWED	ch-51-core-behavioural-biases.txt	40		Losing Rs 10,000 produces a sharper, more lasting emotional pain than gaining Rs 10,000 produces pleasure.	Rs 10,000		amount	auto-extracted; assign qkey + status in triage (03)
CAND-1563	UNREVIEWED	ch-51-core-behavioural-biases.txt	42		"The first buys a commercial bank script at Rs 400; it rises to Rs 460, a comfortable 15 percent gain, and the investor sells immediately, satisfied with having ""booked profit."" The second buys a hydropower script at Rs 400; it falls to Rs 280, a 30 percent loss, and the investor holds on for three years, adding small amounts on the way down ""to average the cost,"" waiting for the price to merely re"	15 percent		percent|amount	auto-extracted; assign qkey + status in triage (03)
CAND-1564	UNREVIEWED	ch-51-core-behavioural-biases.txt	53		This is close to the mechanism widely believed to have driven Nepal's dramatic NEPSE cycle beginning in mid-2020, when the index rose from roughly the 1,100 range to an all-time high near 3,200 by August 2021, before falling sharply over the following year as margin calls forced liquidation into a market with progressively fewer willing buyers.	August 2021		word_date|nepse	auto-extracted; assign qkey + status in triage (03)
CAND-1565	UNREVIEWED	ch-51-core-behavioural-biases.txt	57		When share prices fall sharply, brokers and lenders issue margin calls requiring additional collateral; investors unable to meet the call have their pledged shares force-sold, which was a significant amplifying mechanism in NEPSE's 2021–2022 decline.			nepse	auto-extracted; assign qkey + status in triage (03)
CAND-1566	UNREVIEWED	ch-51-core-behavioural-biases.txt	63		"In NEPSE, gambler's fallacy shows up in a very specific, very common piece of reasoning: ""this stock has fallen so much, it must bounce back."" A script that has fallen from Rs 600 to Rs 150 is treated as statistically ""due"" for a recovery purely because of the magnitude of the fall, entirely independent of whether anything about the underlying business has stabilised."	Rs 600		amount|nepse	auto-extracted; assign qkey + status in triage (03)
CAND-1567	UNREVIEWED	ch-51-core-behavioural-biases.txt	65		"""It has already fallen 70 percent, how much more can it fall?"" is gambler's fallacy, not analysis."	70 percent		percent	auto-extracted; assign qkey + status in triage (03)
CAND-1568	UNREVIEWED	ch-51-core-behavioural-biases.txt	65		A stock can fall another 70 percent from a lower base, and a business with deteriorating fundamentals has no statistical obligation to revert toward its old price.	70 percent		percent	auto-extracted; assign qkey + status in triage (03)
CAND-1569	UNREVIEWED	ch-51-core-behavioural-biases.txt	78		"Gambler's fallacyBelief that a large deviation from the past is statistically ""due"" to reverse""This stock has fallen 70 percent, it has to bounce back,"" regardless of deteriorated fundamentals"	70 percent		percent	auto-extracted; assign qkey + status in triage (03)
CAND-1570	UNREVIEWED	ch-51-core-behavioural-biases.txt	82		This chapter has examined eight cognitive and emotional biases that recur throughout the behaviour of NEPSE retail investors, grounding each in the specific institutional and social texture of Nepal's market: a retail-dominated exchange, tightly networked Viber and Telegram investing communities, sector-driven rally cycles in hydropower, microfinance, and banking, and a history — most visibly the 			nepse	auto-extracted; assign qkey + status in triage (03)
CAND-1571	UNREVIEWED	ch-52-building-investor-temperament.txt	12		A person can be a hot-tempered, impatient driver and still have excellent investment temperament, and a person can be gentle and soft-spoken in conversation and still panic-sell every time NEPSE drops 8% in a week.	8%		percent|nepse	auto-extracted; assign qkey + status in triage (03)
CAND-1572	UNREVIEWED	ch-52-building-investor-temperament.txt	14		When NEPSE fell over 50% from its 2021 peak through 2022, the sell orders were not disproportionately placed by uneducated investors — chartered accountants and engineers sold in exactly the same panicked pattern as everyone else, often at the worst possible moment, because the fear response does not check your transcript before it fires.	50%		percent|nepse	auto-extracted; assign qkey + status in triage (03)
CAND-1573	UNREVIEWED	ch-52-building-investor-temperament.txt	17		Nobody is born with the discipline to hold a stock through a 30% drawdown without flinching; that capacity is built the same way a marathon runner builds endurance — through repeated, deliberate practice, through systems that remove the need for willpower in the moment, and through honest reflection on past failures.	30%		percent	auto-extracted; assign qkey + status in triage (03)
CAND-1574	UNREVIEWED	ch-52-building-investor-temperament.txt	21		Ask a Nepali investor in January 2021, in the middle of a raging bull run, what their risk tolerance is, and they will confidently tell you they can handle a 40% drawdown without selling.	40%		percent|word_date	auto-extracted; assign qkey + status in triage (03)
CAND-1575	UNREVIEWED	ch-52-building-investor-temperament.txt	21		Ask the same investor in July 2022, six months into a brutal decline, and the honest answer from their behaviour — not their stated words — is usually that they could not tolerate even a 15% drawdown before panic-selling.	15%		percent|word_date	auto-extracted; assign qkey + status in triage (03)
CAND-1576	UNREVIEWED	ch-52-building-investor-temperament.txt	24		"""I can tolerate a 25% peak-to-trough decline in my portfolio without selling, but a decline beyond 35% would cause me to reduce equity exposure"" is specific enough to act on later."	25%		percent	auto-extracted; assign qkey + status in triage (03)
CAND-1577	UNREVIEWED	ch-52-building-investor-temperament.txt	25		"Third, your target asset allocation — the percentage split between NEPSE equities, government and corporate debentures, mutual funds, fixed deposits, gold, real estate, and cash, stated as target ranges (for example, ""60-70% equities, 15-25% debentures and fixed income, 10-15% cash and gold"")."	70%		percent|score_band|nepse	auto-extracted; assign qkey + status in triage (03)
CAND-1578	UNREVIEWED	ch-52-building-investor-temperament.txt	26		Fourth, your sector and concentration limits — for example, a rule that no single scrip exceeds 10% of total portfolio value, and no single sector (banking, hydropower, insurance, microfinance) exceeds 35%, given how concentrated and correlated NEPSE sectors can become during sympathy rallies and sympathy crashes alike.	10%		percent|nepse	auto-extracted; assign qkey + status in triage (03)
CAND-1579	UNREVIEWED	ch-52-building-investor-temperament.txt	36		Stated risk toleranceCan tolerate up to 30% peak-to-trough decline without selling; will reassess (not automatically sell) beyond 40%	30%		percent	auto-extracted; assign qkey + status in triage (03)
CAND-1580	UNREVIEWED	ch-52-building-investor-temperament.txt	37		Target asset allocation65% NEPSE equities, 20% debentures/fixed income, 10% mutual funds, 5% cash	65%		percent|nepse	auto-extracted; assign qkey + status in triage (03)
CAND-1581	UNREVIEWED	ch-52-building-investor-temperament.txt	38		Sector concentration limitNo single scrip above 10% of portfolio; no single sector above 30%	10%		percent	auto-extracted; assign qkey + status in triage (03)
CAND-1582	UNREVIEWED	ch-52-building-investor-temperament.txt	41		Profit-taking ruleTrim position by one-third if a single scrip appreciates more than 75% and grows beyond 15% of portfolio	75%		percent	auto-extracted; assign qkey + status in triage (03)
CAND-1583	UNREVIEWED	ch-52-building-investor-temperament.txt	45		Review triggerRe-read this document before any transaction exceeding NPR 100,000, and before any decision made within 48 hours of a NEPSE index move exceeding 5%	5%		percent|amount|nepse	auto-extracted; assign qkey + status in triage (03)
CAND-1584	UNREVIEWED	ch-52-building-investor-temperament.txt	48		Consider two hypothetical Kathmandu-based investors, both holding a NEPSE portfolio worth NPR 2 million in early 2021.	NPR 2		amount|nepse	auto-extracted; assign qkey + status in triage (03)
CAND-1585	UNREVIEWED	ch-52-building-investor-temperament.txt	48		Investor A has no written plan; investor B has a one-page IPS stating a 30% maximum tolerable drawdown and a rule to review, not sell, beyond that point.	30%		percent	auto-extracted; assign qkey + status in triage (03)
CAND-1586	UNREVIEWED	ch-52-building-investor-temperament.txt	48		When the index falls sharply through 2022, Investor A — with no anchor beyond memory and mood — panic-sells near the bottom, locking in losses of roughly 45%.	45%		percent	auto-extracted; assign qkey + status in triage (03)
CAND-1587	UNREVIEWED	ch-52-building-investor-temperament.txt	52		If your target is 65% equities and a bull run has pushed you to 80% equities, your rebalancing date forces you to sell some equities and buy fixed income, precisely when greed would tell you to let your winners ride further.	65%		percent	auto-extracted; assign qkey + status in triage (03)
CAND-1588	UNREVIEWED	ch-52-building-investor-temperament.txt	52		If a crash has pushed you down to 45% equities, your rebalancing date forces you to buy more equities at depressed prices, precisely when fear would tell you to run for cash.	45%		percent	auto-extracted; assign qkey + status in triage (03)
CAND-1589	UNREVIEWED	ch-52-building-investor-temperament.txt	54		As of the 2026 revisions to Nepal's circuit breaker rules, individual scrips can move up to 15% in a single session before trading is halted for that counter, and the market-wide index itself is designed to suspend trading if the movement reaches roughly 8% in a session.	15%		percent	auto-extracted; assign qkey + status in triage (03)
CAND-1590	UNREVIEWED	ch-52-building-investor-temperament.txt	56		NEPSE's circuit breaker system, revised in 2026, allows individual scrips to move up to 15% in a single session before that counter's trading halts, while the broader market index is designed to suspend trading around an 8% single-session move.	15%		percent|nepse	auto-extracted; assign qkey + status in triage (03)
CAND-1591	UNREVIEWED	ch-52-building-investor-temperament.txt	65		Given these structural features, a sensible framework for a NEPSE retail investor is to explicitly bucket money by the date it will genuinely be needed, and to size equity exposure accordingly — not as a vague aspiration but as a concrete allocation rule written into the IPS from Lesson 52.2:			nepse	auto-extracted; assign qkey + status in triage (03)
CAND-1592	UNREVIEWED	ch-52-building-investor-temperament.txt	66		Money needed in two to five years belongs in a more balanced mix, perhaps 30-50% equities with the remainder in fixed income, accepting moderate volatility because there is some time to recover from a downturn but not unlimited time.	50%		percent|score_band	auto-extracted; assign qkey + status in triage (03)
CAND-1593	UNREVIEWED	ch-52-building-investor-temperament.txt	75		A workable cooling-off rule for most Nepali retail investors: any purchase or sale motivated by a tip, a headline, a rumour, or a strong emotional reaction, and any single transaction exceeding 5% of total portfolio value, must wait a minimum of 48 hours from the moment the idea first occurred to you before an order is placed.	5%		percent	auto-extracted; assign qkey + status in triage (03)
CAND-1594	UNREVIEWED	ch-52-building-investor-temperament.txt	77		The parallel to investing is direct and worth sitting with: an experienced NEPSE investor who has read a hundred annual reports is no more immune to the specific, predictable failure modes described in Chapter 51 — herding, panic-selling, chasing momentum — than an experienced pilot is immune to a missed pre-flight step, or an experienced surgeon is immune to operating on the wrong site under time			nepse	auto-extracted; assign qkey + status in triage (03)
CAND-1595	UNREVIEWED	ch-52-building-investor-temperament.txt	83		Ask most NEPSE investors during a calm, rising market whether they could stomach a 30% portfolio decline without selling, and the great majority will say yes, confidently, often citing their long time horizon and their understanding that markets recover.	30%		percent|nepse	auto-extracted; assign qkey + status in triage (03)
CAND-1596	UNREVIEWED	ch-52-building-investor-temperament.txt	83		Watch the same investors' actual trading behaviour once a genuine 30% decline arrives, and a large proportion sell — not because their long-term reasoning was wrong, but because the imagined experience of a decline and the lived experience of a decline are neurologically and emotionally very different things.	30%		percent	auto-extracted; assign qkey + status in triage (03)
CAND-1597	UNREVIEWED	ch-52-building-investor-temperament.txt	84		The most reliable signal is actual past behaviour during a genuine decline, if you have one to draw on — how did you actually behave, not how do you remember wanting to behave, during NEPSE's 2021-2022 correction, or any earlier downturn you lived through?			nepse	auto-extracted; assign qkey + status in triage (03)
CAND-1598	UNREVIEWED	ch-52-building-investor-temperament.txt	84		A third useful signal is asking what specific dollar or rupee amount of loss, stated concretely rather than as a percentage, would genuinely disturb your sense of financial security — a 20% decline on a NPR 200,000 portfolio and a 20% decline on a NPR 20 million portfolio are the same percentage but very different lived experiences, and risk tolerance should account for absolute rupee stakes, not 	20%		percent|amount	auto-extracted; assign qkey + status in triage (03)
CAND-1599	UNREVIEWED	ch-52-building-investor-temperament.txt	89		If your portfolio fell 25% this month, would you lose sleep or feel unable to concentrate at work?Yes, significantlySomewhatNo, or only mildly	25%		percent	auto-extracted; assign qkey + status in triage (03)
CAND-1600	UNREVIEWED	ch-52-building-investor-temperament.txt	90		Do you have an emergency fund of 3-6 months' expenses fully separate from this portfolio?NoPartialYes, fully funded	3-6		score_band	auto-extracted; assign qkey + status in triage (03)
CAND-1601	UNREVIEWED	ch-52-building-investor-temperament.txt	92		When a stock you hold drops 15% in a week, is your instinct to sell, to research, or to buy more?SellResearch before decidingConsider buying more if thesis intact	15%		percent	auto-extracted; assign qkey + status in triage (03)
CAND-1602	UNREVIEWED	ch-52-building-investor-temperament.txt	94		It is far better to correctly hold a 40% equity allocation for twenty years than to incorrectly hold a 70% equity allocation for eighteen months before panic-selling it at the worst possible moment.	40%		percent	auto-extracted; assign qkey + status in triage (03)
CAND-1603	UNREVIEWED	ch-52-building-investor-temperament.txt	104		Nepal-specific market mechanics were noted here too: with individual scrips permitted to move up to 15% and the broader index designed to suspend around an 8% single-session move under the market's 2026 circuit breaker rules, a stop-loss should be understood as a pre-committed decision trigger rather than a guaranteed execution price, given NEPSE's comparative illiquidity in many counters.	15%		percent|nepse	auto-extracted; assign qkey + status in triage (03)
CAND-1604	UNREVIEWED	ch-53-behavioural-training-exercises.txt	12		The problem is that knowledge sitting in the front of the brain gets overridden by emotion sitting in the back of the brain at exactly the moment it is needed — when the share price of a hydropower counter is up 15 percent (the current daily circuit limit on an individual NEPSE-listed stock, raised from 10 percent in 2026) and every uncle in the family WhatsApp group is asking why you have not bou	15 percent		percent|nepse	auto-extracted; assign qkey + status in triage (03)
CAND-1605	UNREVIEWED	ch-53-behavioural-training-exercises.txt	19		Valuation anchorWhat multiple (P/E, P/BVPS, or for hydropower, replacement cost per MW) am I paying, and how does it compare to the sector average from Chapter 44-49's methods?	44-49		score_band	auto-extracted; assign qkey + status in triage (03)
CAND-1606	UNREVIEWED	ch-53-behavioural-training-exercises.txt	26		Question 4, the source check, exists because the single largest driver of poor NEPSE decisions is not bad analysis — it is outsourced analysis dressed up as a personal decision.			nepse	auto-extracted; assign qkey + status in triage (03)
CAND-1607	UNREVIEWED	ch-53-behavioural-training-exercises.txt	38		Thesis (1-3 sentences)Why, specifically, in your own words — not the tip's words	1-3		score_band	auto-extracted; assign qkey + status in triage (03)
CAND-1608	UNREVIEWED	ch-53-behavioural-training-exercises.txt	39		"Expected outcomeTarget price, target holding period, and the specific event or milestone that would confirm the thesis (e.g., ""PLC's new plant reaches 80% capacity factor by Q3"")"	80%		percent	auto-extracted; assign qkey + status in triage (03)
CAND-1609	UNREVIEWED	ch-53-behavioural-training-exercises.txt	50		Under the exchange's current rules, an individual scrip's price is allowed to move up to 15 percent from the previous close in a single day before trading in that scrip is halted for the session, and the entire market is suspended for the day if the NEPSE index moves 8 percent from the previous close — a mechanism that has existed in various tiered forms (formerly halting the market in stages at s	15 percent		percent|nepse	auto-extracted; assign qkey + status in triage (03)
CAND-1610	UNREVIEWED	ch-53-behavioural-training-exercises.txt	51		There is no reason an individual investor should not build the same mechanism into personal trading rules — and every reason they should, because your personal capacity for panic does not wait for an 8 percent index move.	8 percent		percent	auto-extracted; assign qkey + status in triage (03)
CAND-1611	UNREVIEWED	ch-53-behavioural-training-exercises.txt	55		The first is a per-position circuit breaker: a predetermined percentage loss on a single holding — commonly set between 15 and 25 percent below your entry price, though the right number depends on the volatility of the sector (a microcap hydropower developer pre-commissioning naturally swings more than Nabil Bank) — at which you are required to stop and re-run the pre-trade checklist in reverse: i	25 percent		percent	auto-extracted; assign qkey + status in triage (03)
CAND-1612	UNREVIEWED	ch-53-behavioural-training-exercises.txt	56		The second is a portfolio-level circuit breaker: a predetermined cumulative loss across your entire portfolio — for instance, a 10 percent drawdown from your portfolio's most recent high-water mark within a rolling month — at which you stop opening any new positions entirely for a fixed cooling-off period, commonly two to four weeks, regardless of how attractive any individual opportunity looks du	10 percent		percent	auto-extracted; assign qkey + status in triage (03)
CAND-1613	UNREVIEWED	ch-53-behavioural-training-exercises.txt	61		Per-positionSingle holding down 20% from entryHalt: no averaging down; re-run checklist within 48 hours; decide hold or exit based on thesis, not price alone	20%		percent	auto-extracted; assign qkey + status in triage (03)
CAND-1614	UNREVIEWED	ch-53-behavioural-training-exercises.txt	62		Portfolio-levelTotal portfolio down 10% from monthly highHalt: no new positions for 3 weeks; review journal entries from the drawdown period; resume only after a written re-assessment	10%		percent	auto-extracted; assign qkey + status in triage (03)
CAND-1615	UNREVIEWED	ch-53-behavioural-training-exercises.txt	65		NEPSE's market-wide suspension at an 8 percent index move and its 15 percent single-stock daily limit are set and periodically revised by the exchange in coordination with the Securities Board of Nepal (SEBON); these figures have changed more than once in the exchange's history and should always be confirmed against the current NEPSE circular before being cited to a client, since a personal circui	8 percent		percent|nepse	auto-extracted; assign qkey + status in triage (03)
CAND-1616	UNREVIEWED	ch-53-behavioural-training-exercises.txt	68		Before placing any position above a size threshold you set for yourself (a reasonable starting point is any position larger than 5 percent of your portfolio), write a one-page memo arguing why you should not buy this share.	5 percent		percent	auto-extracted; assign qkey + status in triage (03)
CAND-1617	UNREVIEWED	ch-53-behavioural-training-exercises.txt	73		Second, the governance objection, drawing on Chapter 39-40's tools: who are the promoters, what is their history with minority shareholders, and is there a related-party transaction, a sudden rights issue, or a board composition red flag that a bullish read would prefer to overlook?	39-40		score_band	auto-extracted; assign qkey + status in triage (03)
CAND-1618	UNREVIEWED	ch-53-behavioural-training-exercises.txt	74		Chapter 51 documented how sector rotations on NEPSE tend to be driven more by narrative than by earnings revisions in the short run.			nepse	auto-extracted; assign qkey + status in triage (03)
CAND-1619	UNREVIEWED	ch-53-behavioural-training-exercises.txt	102		A hydropower stock that rose 40 percent because monsoon generation data beat expectations, exactly as your thesis predicted, is a different outcome from the same stock rising 40 percent because the whole sector was swept up in a rally with no company-specific news at all — even though your account statement shows an identical profit.	40 percent		percent	auto-extracted; assign qkey + status in triage (03)
CAND-1620	UNREVIEWED	ch-53-behavioural-training-exercises.txt	108		"A mid-cap hydropower company — call it ""Himal Urja Hydropower Ltd."" — has seen its share price rise 35 percent over three weeks on the back of strong river flow data, a Viber group screenshot claiming an analyst ""target of Rs 650"" against a current price of Rs 480, and general sector enthusiasm as several hydropower counters near their 15 percent daily limit on the same day."	35 percent		percent|amount	auto-extracted; assign qkey + status in triage (03)
CAND-1621	UNREVIEWED	ch-53-behavioural-training-exercises.txt	109		"Her thesis, written honestly, is: ""Generation data has been strong and the stock is rallying with the sector."" Answering question 2 honestly, she finds Himal Urja is trading at roughly 1.8 times its replacement cost per installed MW, well above the sector's five-year average of about 1.2 times — a valuation anchor from Chapters 46-47's project-finance-aware methods that she would not have checked "	46-47		score_band	auto-extracted; assign qkey + status in triage (03)
CAND-1622	UNREVIEWED	ch-53-behavioural-training-exercises.txt	109		Question 3 forces her to note the price is within 4 percent of its 52-week high.	4 percent		percent	auto-extracted; assign qkey + status in triage (03)
CAND-1623	UNREVIEWED	ch-53-behavioural-training-exercises.txt	109		"Question 4, the source check, is uncomfortable: the specific ""Rs 650 target"" came from an unnamed post in a Viber group, not from any research she can independently verify."	Rs 650		amount	auto-extracted; assign qkey + status in triage (03)
CAND-1624	UNREVIEWED	ch-53-behavioural-training-exercises.txt	111		"Sunita decides, based on the checklist and the devil's advocate memo together, on a modified position: a smaller allocation than she originally intended (2 percent of portfolio rather than the 6 percent she first considered), entered with a written kill condition — ""sell if price falls 18 percent from entry, or if Q2 generation data due in three months shows flow below the five-year seasonal avera"	2 percent		percent	auto-extracted; assign qkey + status in triage (03)
CAND-1625	UNREVIEWED	ch-53-behavioural-training-exercises.txt	112		If Himal Urja falls 20 percent over the following month as the sector-wide rally cools — a common pattern after narrative-driven, sector-wide moves on NEPSE — her per-position circuit breaker triggers a mandatory pause and reassessment rather than either a panicked sale at the bottom or a stubborn hold with no plan; because her position was already sized smaller than her first impulse, the loss in	20 percent		percent|nepse	auto-extracted; assign qkey + status in triage (03)
CAND-1626	UNREVIEWED	ch-53-behavioural-training-exercises.txt	117		The personal circuit breaker borrows directly from NEPSE's own market-wide mechanism — the 15 percent individual stock limit and the 8 percent index-wide suspension currently in force — and applies the same logic at the individual portfolio level: pre-committed, written thresholds at which trading halts and a deliberate reassessment is required, protecting against the specific danger of decisions 	15 percent		percent|nepse	auto-extracted; assign qkey + status in triage (03)
CAND-1627	UNREVIEWED	ch-54-liquidity-first-order-risk.txt	20		In fiscal year 2025/26, NEPSE's total annual turnover was roughly NPR 1,601.87 billion, averaging about NPR 7.18 billion in trades per day across the entire exchange — itself down sharply, about 22 percent, from the prior year's average of roughly NPR 9.20 billion a day, a reminder that even the aggregate liquidity of the whole market expands and contracts with sentiment.	22 percent		percent|fraction|amount|nepse	auto-extracted; assign qkey + status in triage (03)
CAND-1628	UNREVIEWED	ch-54-liquidity-first-order-risk.txt	20		On the day of NEPSE's biggest rallies, single-day turnover has spiked past NPR 16 billion.	NPR 16		amount|nepse	auto-extracted; assign qkey + status in triage (03)
CAND-1629	UNREVIEWED	ch-54-liquidity-first-order-risk.txt	20		Hydropower as a sector alone generated close to 44 percent of total exchange turnover in FY 2025/26, but that aggregate figure hides a sharp internal split: it is driven overwhelmingly by five or six large, well-known hydropower names with genuine trading activity, plus the cumulative churn of speculative day-trading across dozens of smaller counters, while a great many other listed hydropower com	44 percent		percent|fraction	auto-extracted; assign qkey + status in triage (03)
CAND-1630	UNREVIEWED	ch-54-liquidity-first-order-risk.txt	22		Scrip categoryTypical exampleTypical daily turnover (illustrative)Typical shares traded per dayWhat this means for a NPR 5 million exit	NPR 5		amount	auto-extracted; assign qkey + status in triage (03)
CAND-1631	UNREVIEWED	ch-54-liquidity-first-order-risk.txt	23		"Tier 1 — large-cap commercial banks and top hydropower/insurance namesA ""Class A"" commercial bank, a large listed hydropower producerNPR 50–300 million+Tens of thousands to low hundreds of thousands of sharesCan usually be sold within a single session with minimal price impact"	NPR 50		amount|score_band	auto-extracted; assign qkey + status in triage (03)
CAND-1632	UNREVIEWED	ch-54-liquidity-first-order-risk.txt	24		Tier 2 — mid-cap financial institutions, established hydropower, larger manufacturingA mid-sized development bank, a well-known but not top-tier hydropower companyNPR 5–30 millionA few thousand to tens of thousands of sharesMay require spreading the sale across two to five sessions to avoid moving the price	NPR 5		amount|score_band	auto-extracted; assign qkey + status in triage (03)
CAND-1633	UNREVIEWED	ch-54-liquidity-first-order-risk.txt	25		Tier 3 — small-cap hydropower, microfinance, small manufacturing/trading countersA small run-of-river hydropower project, a niche manufacturerUnder NPR 1–2 million, some days near zeroA few hundred to a few thousand shares, occasionally noneMay take weeks, and the visible quoted price may not be achievable at all for the full quantity	NPR 1		amount|score_band	auto-extracted; assign qkey + status in triage (03)
CAND-1634	UNREVIEWED	ch-54-liquidity-first-order-risk.txt	26		If you own NPR 500,000 worth of a large commercial bank, you are, for practical purposes, holding something close to cash with upside.	NPR 500,000		amount	auto-extracted; assign qkey + status in triage (03)
CAND-1635	UNREVIEWED	ch-54-liquidity-first-order-risk.txt	26		If you own NPR 500,000 worth of a Tier 3 hydropower counter, you may be holding something closer to that remote village land — nominally worth a figure, but genuinely difficult to convert to that figure on your own schedule.	NPR 500,000		amount	auto-extracted; assign qkey + status in triage (03)
CAND-1636	UNREVIEWED	ch-54-liquidity-first-order-risk.txt	28		Two investors each put NPR 500,000 into a stock in the same month.	NPR 500,000		amount	auto-extracted; assign qkey + status in triage (03)
CAND-1637	UNREVIEWED	ch-54-liquidity-first-order-risk.txt	28		Investor B places a sell order and watches it sit unfilled for four sessions, then finally gets filled — partially — at a price nearly 8 percent below the quoted price, because the only buyers willing to absorb that quantity were bidding well below the last trade.	8 percent		percent	auto-extracted; assign qkey + status in triage (03)
CAND-1638	UNREVIEWED	ch-54-liquidity-first-order-risk.txt	43		"By the time your full 3,000-share order is filled, you have sold well below 500 on average, and roughly a third of your shares went for 465 or worse — nearly 7 percent below where the stock was ""quoted"" moments before you started selling."	7 percent		percent	auto-extracted; assign qkey + status in triage (03)
CAND-1639	UNREVIEWED	ch-54-liquidity-first-order-risk.txt	66		As of the most recent rule changes, effective from April 2026 under the Securities Trading Operation (Fourth Amendment) Regulations, NEPSE operates a two-layer system.	April 2026		word_date|nepse	auto-extracted; assign qkey + status in triage (03)
CAND-1640	UNREVIEWED	ch-54-liquidity-first-order-risk.txt	67		Circuit breaker levelTriggerEffect (current rules, from April 2026)Effect (prior rules)	April 2026		word_date	auto-extracted; assign qkey + status in triage (03)
CAND-1641	UNREVIEWED	ch-54-liquidity-first-order-risk.txt	68		Individual scrip daily price bandA single stock's price moves up or down a set percentage from the previous closeTrading in that scrip is capped at a 15% daily fluctuation limitPreviously capped at a 10% daily fluctuation limit	15%		percent	auto-extracted; assign qkey + status in triage (03)
CAND-1642	UNREVIEWED	ch-54-liquidity-first-order-risk.txt	69		Pre-open session bandPrice discovery during the pre-open windowWidened to a 5% bandPreviously a narrower 2% band	5%		percent	auto-extracted; assign qkey + status in triage (03)
CAND-1643	UNREVIEWED	ch-54-liquidity-first-order-risk.txt	70		Market-wide partial haltNEPSE index moves 5% within the first two hours of tradingTrading paused for 15 minutesBroadly similar tiered structure existed, with different specific thresholds	5%		percent	auto-extracted; assign qkey + status in triage (03)
CAND-1644	UNREVIEWED	ch-54-liquidity-first-order-risk.txt	71		Market-wide full closureNEPSE index moves 8% intradayTrading closed for the remainder of the dayBroadly similar tiered structure existed, with different specific thresholds	8%		percent	auto-extracted; assign qkey + status in triage (03)
CAND-1645	UNREVIEWED	ch-54-liquidity-first-order-risk.txt	72		Once a stock hits its lower limit for the day — a 15 percent fall from the previous close, under the current rule — trading in that specific scrip does not simply become expensive or wide-spread; it can effectively stop.	15 percent		percent	auto-extracted; assign qkey + status in triage (03)
CAND-1646	UNREVIEWED	ch-54-liquidity-first-order-risk.txt	76		Chapter 58, later in this part, will return to circuit breakers in far greater depth — how they are triggered, how experienced NEPSE participants navigate limit-locked sessions, and what an investor can and cannot do once a position is frozen at the daily band.			nepse	auto-extracted; assign qkey + status in triage (03)
CAND-1647	UNREVIEWED	ch-54-liquidity-first-order-risk.txt	84		Finally, the chapter connected liquidity risk to NEPSE's circuit breaker system — currently a 15 percent daily price band for individual scrips and a tiered, index-based market-wide halt structure, following the April 2026 regulatory revisions that widened these limits from their earlier, tighter thresholds.	15 percent		percent|word_date|nepse	auto-extracted; assign qkey + status in triage (03)
CAND-1648	UNREVIEWED	ch-54-liquidity-first-order-risk.txt	85		"Chapter 55, ""Exit Risk in NEPSE,"" picks up directly from this foundation and moves from the general concept of liquidity to the specific, practical mechanics of exiting a NEPSE position under real-world constraints — how position size interacts with average daily volume to determine a realistic exit timeline, how to sequence an exit across multiple sessions to minimise price impact, and what a dis"			nepse	auto-extracted; assign qkey + status in triage (03)
CAND-1649	UNREVIEWED	ch-55-exit-risk.txt	9		Chapter 54 established that liquidity is a first-order risk in NEPSE, sitting alongside business risk, valuation risk, and governance risk rather than beneath them.			nepse	auto-extracted; assign qkey + status in triage (03)
CAND-1650	UNREVIEWED	ch-55-exit-risk.txt	13		But a large share of real-world selling happens for reasons that are not comfortable and not unhurried: the company just missed earnings badly, a promoter has been named in a governance investigation, a hydropower project's plant factor collapsed after a landslide damaged the headworks, or the broader market is falling 6% in a session and every account on your broker's app is flashing red.	6%		percent	auto-extracted; assign qkey + status in triage (03)
CAND-1651	UNREVIEWED	ch-55-exit-risk.txt	24		An investor watches a stock fall 8% in two sessions on no company-specific news, concludes (often wrongly) that something must be badly wrong, and sells into the decline simply to stop the pain of watching the position lose value.	8%		percent	auto-extracted; assign qkey + status in triage (03)
CAND-1652	UNREVIEWED	ch-55-exit-risk.txt	27		Eighteen months later, an unusually dry pre-monsoon season cuts generation sharply below forecast for two consecutive quarters, and the stock falls 30% in six weeks.	30%		percent	auto-extracted; assign qkey + status in triage (03)
CAND-1653	UNREVIEWED	ch-55-exit-risk.txt	33		An order for 2% of ADV is a small, easily absorbed order in almost any market.	2%		percent	auto-extracted; assign qkey + status in triage (03)
CAND-1654	UNREVIEWED	ch-55-exit-risk.txt	33		An order for 50% of ADV is enormous — it represents half of everything that stock normally trades in an entire day, concentrated into whatever fraction of the session you're willing to spend executing it.	50%		percent	auto-extracted; assign qkey + status in triage (03)
CAND-1655	UNREVIEWED	ch-55-exit-risk.txt	36		5%~0.1–0.3%~0.5–1.5%	5%		percent|score_band	auto-extracted; assign qkey + status in triage (03)
CAND-1656	UNREVIEWED	ch-55-exit-risk.txt	37		10%~0.3–0.6%~1.5–3%	10%		percent|score_band	auto-extracted; assign qkey + status in triage (03)
CAND-1657	UNREVIEWED	ch-55-exit-risk.txt	38		25%~0.7–1.2%~4–7%	25%		percent|score_band	auto-extracted; assign qkey + status in triage (03)
CAND-1658	UNREVIEWED	ch-55-exit-risk.txt	39		50%~1.5–2.5%~8–14%	50%		percent|score_band	auto-extracted; assign qkey + status in triage (03)
CAND-1659	UNREVIEWED	ch-55-exit-risk.txt	40		100%~3–5%~15–25%	100%		percent|score_band	auto-extracted; assign qkey + status in triage (03)
CAND-1660	UNREVIEWED	ch-55-exit-risk.txt	41		200%~6–10%~25–40%+	200%		percent|score_band	auto-extracted; assign qkey + status in triage (03)
CAND-1661	UNREVIEWED	ch-55-exit-risk.txt	42		A position equal to 100% of ADV in a liquid bank stock might cost you 3–5% to fully exit; the same relative position size in a thinly traded hydropower or manufacturing name can easily cost you 15–25% or more — not because the company is worse, but because there simply aren't enough natural buyers standing by on a given day.	100%		percent|score_band	auto-extracted; assign qkey + status in triage (03)
CAND-1662	UNREVIEWED	ch-55-exit-risk.txt	49		If you place a sell order at Rs 505 and someone else placed a sell order at Rs 505 two minutes before you, their order fills first even though yours arrived on the same price level.	Rs 505		amount	auto-extracted; assign qkey + status in triage (03)
CAND-1663	UNREVIEWED	ch-55-exit-risk.txt	52		Instead of dozens of buy orders stacked at every price increment below the current price — the kind of depth you'd see in a heavily traded bank stock — a thinly traded mid-cap might show only three or four buy orders in total: say, 200 shares bid at Rs 498, 150 shares at Rs 495, 400 shares at Rs 490, and then a gap all the way down to 300 shares at Rs 480.	Rs 498,		amount	auto-extracted; assign qkey + status in triage (03)
CAND-1664	UNREVIEWED	ch-55-exit-risk.txt	53		Your order fills the 200 shares at Rs 498, then the 150 shares at Rs 495, then the 400 shares at Rs 490 — and you have sold only 750 shares so far.	Rs 498,		amount	auto-extracted; assign qkey + status in triage (03)
CAND-1665	UNREVIEWED	ch-55-exit-risk.txt	53		The remaining 2,250 shares now have to reach down to Rs 480 and likely below, because there simply isn't a buyer at any intermediate price.	Rs 480		amount	auto-extracted; assign qkey + status in triage (03)
CAND-1666	UNREVIEWED	ch-55-exit-risk.txt	53		"Your average realised price across the full 3,000 shares ends up well below the Rs 498 you might have seen quoted as the ""current price"" moments before you started selling."	Rs 498		amount	auto-extracted; assign qkey + status in triage (03)
CAND-1667	UNREVIEWED	ch-55-exit-risk.txt	54		NEPSE applies daily price bands on individual scrips — a maximum percentage move, up or down, from the previous close — alongside market-wide circuit breakers that pause trading entirely when the benchmark index itself moves sharply within a session (as of recent rules, a market-wide move of roughly 5% within the first two hours triggers a short trading halt, and a move of roughly 8% triggers susp	5%		percent|nepse	auto-extracted; assign qkey + status in triage (03)
CAND-1668	UNREVIEWED	ch-55-exit-risk.txt	56		NEPSE settlement operates on a T+2 cycle — a trade executed today settles two trading days later, with shares and funds actually crediting to accounts on settlement day.			nepse	auto-extracted; assign qkey + status in triage (03)
CAND-1669	UNREVIEWED	ch-55-exit-risk.txt	56		"An investor who needs cash urgently cannot simply ""sell this afternoon and have money tonight"" — the T+2 cycle adds a built-in delay on top of whatever price concession market impact already extracts, which is worth remembering for anyone treating NEPSE holdings as a truly instant emergency fund."			nepse	auto-extracted; assign qkey + status in triage (03)
CAND-1670	UNREVIEWED	ch-55-exit-risk.txt	60		You see Rs 500 on the screen, but because your order is large relative to the book, your actual average fill comes in at, say, Rs 481.	Rs 500		amount	auto-extracted; assign qkey + status in triage (03)
CAND-1671	UNREVIEWED	ch-55-exit-risk.txt	62		The third is queue slippage, a NEPSE-specific wrinkle that follows directly from price-time priority (Lesson 55.4).			nepse	auto-extracted; assign qkey + status in triage (03)
CAND-1672	UNREVIEWED	ch-55-exit-risk.txt	64		As a rough rule of thumb on NEPSE, an order below roughly 10% of ADV can usually be worked through in a single session with modest impact; an order between 10% and 30% of ADV should generally be split across at least three to five sessions; an order above 30% of ADV in a thinly traded name is a multi-week exit, not a single trade, and should be planned as such well before any urgency forces your h	10%		percent|nepse	auto-extracted; assign qkey + status in triage (03)
CAND-1673	UNREVIEWED	ch-55-exit-risk.txt	73		"A hydropower company might have 100 million total shares outstanding, but if promoters hold 51% and that stake (plus project-affected-local allotments) is locked in, the free float trading in the market on any given day might represent only 30–40% of total shares outstanding — and often considerably less, since even within the ""free"" float, many retail holders bought to hold rather than trade, fur"	51%		percent|score_band	auto-extracted; assign qkey + status in triage (03)
CAND-1674	UNREVIEWED	ch-55-exit-risk.txt	81		Lessons 55.3 through 55.5 then built the mechanical vocabulary needed to reason about exit costs precisely: market impact cost as the price concession required to move a large order through a limited pool of natural buyers, scaling non-linearly and far more severely in NEPSE's thin mid-cap and small-cap names than in its handful of genuinely liquid large-caps; NEPSE's order-driven, price-time-prio			nepse	auto-extracted; assign qkey + status in triage (03)
CAND-1675	UNREVIEWED	ch-55-exit-risk.txt	84		"ADV Rule: The Governing Law for NEPSE,"" takes the qualitative picture built across Chapters 54 and 55 and converts it into an explicit, numerical governing rule — a disciplined method for sizing any position as a function of the stock's Average Daily Volume, so that the exit-risk mechanics described in this chapter are priced into a position before it is built, rather than discovered afterward on "			nepse	auto-extracted; assign qkey + status in triage (03)
CAND-1676	UNREVIEWED	ch-56-adv-rule.txt	13		If that same stock traded at an average price of around NPR 700 across those five days, its ADV-value would be roughly NPR 35 million per day (50,000 shares times NPR 700), though in practice you should sum the actual daily turnover figures rather than multiply an average price by an average volume, since the two can diverge when volume and price move together or apart on the same day.	NPR 700		amount	auto-extracted; assign qkey + status in triage (03)
CAND-1677	UNREVIEWED	ch-56-adv-rule.txt	18		"A stock might trade NPR 2 million on a quiet Tuesday and NPR 40 million the following Sunday because a bonus-share announcement hit the wire, or a large institutional block crossed, or the stock caught a wave of retail momentum after appearing on a ""top gainers"" list."	NPR 2		amount	auto-extracted; assign qkey + status in triage (03)
CAND-1678	UNREVIEWED	ch-56-adv-rule.txt	19		The professional convention — used by fund managers, broker-dealers, and risk desks worldwide, and just as applicable to NEPSE — is to calculate ADV over a trailing 20-trading-day or 30-trading-day window.			nepse	auto-extracted; assign qkey + status in triage (03)
CAND-1679	UNREVIEWED	ch-56-adv-rule.txt	19		Twenty trading days corresponds to roughly one calendar month of NEPSE sessions (Nepal's exchange trades Sunday through Thursday, so a calendar month typically contains somewhere between 20 and 24 trading days).			nepse	auto-extracted; assign qkey + status in triage (03)
CAND-1680	UNREVIEWED	ch-56-adv-rule.txt	22		Building this data foundation takes only a few minutes a week: a simple rolling spreadsheet with one column for date, one for that scrip's daily turnover in rupees (available from NEPSE's daily market summary or any major Nepali market data aggregator), and a formula column computing the trailing 20-day average, updated weekly for every stock you hold or are seriously considering, is all the infra			nepse	auto-extracted; assign qkey + status in triage (03)
CAND-1681	UNREVIEWED	ch-56-adv-rule.txt	23		One more wrinkle specific to NEPSE deserves mention here and will matter more in Lesson 56.3: NEPSE enforces a daily circuit breaker that caps how far an individual scrip's price can move in a single session — the limit was widened to 15 percent per scrip (with market-wide trading suspended if the benchmark index itself swings 8 percent in a day) under rules that took effect in 2026, up from the n	15 percent		percent|nepse	auto-extracted; assign qkey + status in triage (03)
CAND-1682	UNREVIEWED	ch-56-adv-rule.txt	25		Since 2026, NEPSE applies a 15 percent daily price movement limit for individual scrips, with market-wide trading halted if the benchmark index itself moves 8 percent in a single session.	15 percent		percent|nepse	auto-extracted; assign qkey + status in triage (03)
CAND-1683	UNREVIEWED	ch-56-adv-rule.txt	29		The standard institutional heuristic caps a single day's selling at somewhere between 10 percent and 25 percent of that day's ADV, with 15 percent to 20 percent being a commonly cited middle ground in professional risk literature and trading-desk practice globally.	10 percent		percent	auto-extracted; assign qkey + status in triage (03)
CAND-1684	UNREVIEWED	ch-56-adv-rule.txt	30		If you are only willing to be, say, 15 percent of daily volume on any given day, then a position worth exactly one day's ADV would still take you roughly 1 ÷ 0.15, or about 6.7 trading days, to fully unwind — because on each of those days you are only selling 15 percent of that day's volume, not the whole thing.	15 percent		percent	auto-extracted; assign qkey + status in triage (03)
CAND-1685	UNREVIEWED	ch-56-adv-rule.txt	30		A position worth five times ADV, sold at the same 15 percent daily participation rate, would take roughly 33 trading days — more than a month and a half of continuous, careful selling — to fully exit.	15 percent		percent	auto-extracted; assign qkey + status in triage (03)
CAND-1686	UNREVIEWED	ch-56-adv-rule.txt	34		The institutional convention treats a position not by its rupee size alone but by how many trading days — at a conservative daily participation rate, typically 10 to 20 percent of ADV — it would take to fully exit that position without materially moving the price.	20 percent		percent	auto-extracted; assign qkey + status in triage (03)
CAND-1687	UNREVIEWED	ch-56-adv-rule.txt	38		The institutional formula from Lesson 56.2 is correct in principle but needs adaptation before it is usable by a serious individual investor operating in NEPSE, for three reasons.			nepse	auto-extracted; assign qkey + status in triage (03)
CAND-1688	UNREVIEWED	ch-56-adv-rule.txt	39		First, institutional participation-rate conventions (10-25 percent of ADV) are calibrated for professional execution desks who can work an order patiently across a trading session using limit orders and algorithmic slicing.	25 percent		percent|score_band	auto-extracted; assign qkey + status in triage (03)
CAND-1689	UNREVIEWED	ch-56-adv-rule.txt	40		Total daily market turnover across all listed scrips on NEPSE has, through 2025 and into 2026, typically run in the range of roughly NPR 3 to 5 billion on an active day — small by the standards of any established regional exchange — and that turnover is heavily concentrated in a relative handful of large-cap banking, insurance, and hydropower counters, with a long tail of small-cap scrips trading 	NPR 3		amount|nepse	auto-extracted; assign qkey + status in triage (03)
CAND-1690	UNREVIEWED	ch-56-adv-rule.txt	40		A rule calibrated for a market where the median liquid stock does tens of millions of dollars a day in turnover will not transfer cleanly to a market where a large, well-regarded bank stock might do NPR 30-80 million in daily turnover and a small hydropower counter might do NPR 1-3 million — or nothing.	NPR 30		amount|score_band	auto-extracted; assign qkey + status in triage (03)
CAND-1691	UNREVIEWED	ch-56-adv-rule.txt	43		The ADV Rule: Do not hold a position in any single NEPSE scrip larger than the amount that could be liquidated within 5 trading days, assuming you sell no more than 10 percent of that scrip's 20-day Average Daily Value on any given day.	10 percent		percent|nepse	auto-extracted; assign qkey + status in triage (03)
CAND-1692	UNREVIEWED	ch-56-adv-rule.txt	45		Maximum Position Size = 5 days × 10% × ADV(20-day) = 0.5 × ADV(20-day)	10%		percent	auto-extracted; assign qkey + status in triage (03)
CAND-1693	UNREVIEWED	ch-56-adv-rule.txt	47		Where do the specific numbers — 5 days, 10 percent — come from, and why these rather than the institutional 10-day, 15-percent norms?	10 percent		percent	auto-extracted; assign qkey + status in triage (03)
CAND-1694	UNREVIEWED	ch-56-adv-rule.txt	49		Ten percent participation is deliberately conservative relative to the institutional 15-25 percent range, for the second adjustment above: because retail execution is cruder than institutional execution, and because NEPSE's per-scrip liquidity in the small- and mid-cap tail is thin enough that even a 10 percent participation assumption may be optimistic on a quiet day.	25 percent		percent|score_band|nepse	auto-extracted; assign qkey + status in triage (03)
CAND-1695	UNREVIEWED	ch-56-adv-rule.txt	49		Ten percent gives you a buffer — if the stock has a genuinely bad, thin day and only lets you sell 6-7 percent of its normal ADV without moving the price, your five-day exit plan stretches to seven or eight days rather than to three weeks.	7 percent		percent|score_band	auto-extracted; assign qkey + status in triage (03)
CAND-1696	UNREVIEWED	ch-56-adv-rule.txt	50		Multiplying these together (5 days × 10% = 50%) produces the headline, memorable version of the rule: your position should be no larger than about half of the stock's 20-day average daily traded value.	10%		percent	auto-extracted; assign qkey + status in triage (03)
CAND-1697	UNREVIEWED	ch-56-adv-rule.txt	52		If a stock trades an average of NPR 20 million a day over the past 20 sessions, your position in that single scrip should not exceed roughly NPR 10 million — regardless of how large your total portfolio is or how strong your conviction in the story.	NPR 20		amount	auto-extracted; assign qkey + status in triage (03)
CAND-1698	UNREVIEWED	ch-56-adv-rule.txt	53		A more risk-averse investor, or one who anticipates a genuine need for liquidity within days rather than weeks (a large planned expense, a thesis that already looks shaky, a stock with unusually high headline risk), might tighten the multiplier to 0.25 or even 0.15 of ADV — effectively demanding a 2-3 day exit horizon instead of 5.	2-3		score_band	auto-extracted; assign qkey + status in triage (03)
CAND-1699	UNREVIEWED	ch-56-adv-rule.txt	53		A more risk-tolerant investor with a long, patient horizon and no near-term liquidity needs might loosen it to 0.75 or even 1.0 of ADV for a core, high-conviction large-cap holding — effectively accepting a 7-10 day exit horizon in exchange for a larger position.	7-10		score_band	auto-extracted; assign qkey + status in triage (03)
CAND-1700	UNREVIEWED	ch-56-adv-rule.txt	56		First, always use the 20-day ADV, not the current day's volume or a single recent spike — a stock that traded NPR 50 million yesterday because of a one-off announcement is not a stock with NPR 50 million of durable daily liquidity, and sizing off that one day will lead you straight back into the trap this rule exists to prevent.	NPR 50		amount	auto-extracted; assign qkey + status in triage (03)
CAND-1701	UNREVIEWED	ch-56-adv-rule.txt	58		This lesson runs the ADV Rule against two contrasting NEPSE-style positions, each involving the same headline rupee amount — NPR 15,00,000 (15 lakh) — to make the central point of this chapter as concrete as possible: identical position size, wildly different liquidity risk.	NPR 15,00,000		amount|nepse	auto-extracted; assign qkey + status in triage (03)
CAND-1702	UNREVIEWED	ch-56-adv-rule.txt	60		Suppose this stock's 20-day average daily traded value is NPR 32,000,000 (a plausible figure for a well-traded large-cap bank on an active period, based on typical NEPSE banking-sector turnover patterns).	NPR 32,000,000		amount|nepse	auto-extracted; assign qkey + status in triage (03)
CAND-1703	UNREVIEWED	ch-56-adv-rule.txt	61		Applying the ADV Rule: Maximum Position Size = 0.5 × NPR 32,000,000 = NPR 16,000,000	NPR 32,000,000		amount	auto-extracted; assign qkey + status in triage (03)
CAND-1704	UNREVIEWED	ch-56-adv-rule.txt	62		A position of NPR 15,00,000 (15 lakh, or NPR 1.5 million) sits comfortably inside this ceiling — in fact, it represents less than 5 percent of the stock's daily ADV.	5 percent		percent|amount	auto-extracted; assign qkey + status in triage (03)
CAND-1705	UNREVIEWED	ch-56-adv-rule.txt	62		Let's check the actual days-to-liquidate for this position at the 10 percent participation assumption:	10 percent		percent	auto-extracted; assign qkey + status in triage (03)
CAND-1706	UNREVIEWED	ch-56-adv-rule.txt	63		Days to Liquidate = Position Size ÷ (10% × ADV) = 1,500,000 ÷ (0.10 × 32,000,000) = 1,500,000 ÷ 3,200,000 ≈ 0.47 trading days	10%		percent	auto-extracted; assign qkey + status in triage (03)
CAND-1707	UNREVIEWED	ch-56-adv-rule.txt	64		In practice, this investor could exit the entire NPR 15 lakh position in well under a single trading session, participating at a fraction of the stock's normal daily volume, with minimal price impact.	NPR 15		amount	auto-extracted; assign qkey + status in triage (03)
CAND-1708	UNREVIEWED	ch-56-adv-rule.txt	66		Suppose this stock's 20-day average daily traded value is NPR 1,200,000 — a plausible, even generous, figure for a small-cap counter that trades on most but not all sessions, with volume that can disappear entirely for a day or two at a stretch.	NPR 1,200,000		amount	auto-extracted; assign qkey + status in triage (03)
CAND-1709	UNREVIEWED	ch-56-adv-rule.txt	67		Applying the ADV Rule: Maximum Position Size = 0.5 × NPR 1,200,000 = NPR 600,000	NPR 1,200,000		amount	auto-extracted; assign qkey + status in triage (03)
CAND-1710	UNREVIEWED	ch-56-adv-rule.txt	68		A position of NPR 15,00,000 (15 lakh) in this stock is more than double the ADV Rule's maximum — 2.5 times over the recommended ceiling.	NPR 15,00,000		amount	auto-extracted; assign qkey + status in triage (03)
CAND-1711	UNREVIEWED	ch-56-adv-rule.txt	69		Days to Liquidate = Position Size ÷ (10% × ADV) = 1,500,000 ÷ (0.10 × 1,200,000) = 1,500,000 ÷ 120,000 ≈ 12.5 trading days	10%		percent	auto-extracted; assign qkey + status in triage (03)
CAND-1712	UNREVIEWED	ch-56-adv-rule.txt	70		At NEPSE's five-day trading week, 12.5 trading days is roughly two and a half calendar weeks of continuous, disciplined selling, assuming the stock's liquidity holds steady the entire time and does not dry up further the moment the investor's own selling becomes visible on the floorsheet to other market participants — a dynamic that, in a market as transparent and closely watched as NEPSE's small-			nepse	auto-extracted; assign qkey + status in triage (03)
CAND-1713	UNREVIEWED	ch-56-adv-rule.txt	72		The same NPR 15 lakh position — identical in every way a standard portfolio statement would show it — carries a days-to-liquidate figure of under half a trading day in the bank stock and roughly twelve and a half trading days in the small-cap hydropower stock.	NPR 15		amount	auto-extracted; assign qkey + status in triage (03)
CAND-1714	UNREVIEWED	ch-56-adv-rule.txt	73		The table below extends this comparison across a spread of NEPSE-style scrips at varying liquidity levels, holding the position size constant at NPR 15,00,000 to make the pattern visible at a glance, and then showing what the ADV Rule would actually recommend as a maximum position for each.	NPR 15,00,000		amount|nepse	auto-extracted; assign qkey + status in triage (03)
CAND-1715	UNREVIEWED	ch-56-adv-rule.txt	74		Scrip Type (illustrative)20-Day ADV (NPR)Days to Liquidate a Flat NPR 15,00,000 PositionADV Rule Max Position (0.5×ADV)Position Within Rule?	NPR 15,00,000		amount	auto-extracted; assign qkey + status in triage (03)
CAND-1716	UNREVIEWED	ch-56-adv-rule.txt	82		Second, notice that the identical NPR 15 lakh position is entirely appropriate in the top two rows and badly oversized in every row below that — using the same rupee figure throughout the table exists specifically to demonstrate that position size, on its own, tells you nothing about liquidity risk without the ADV context sitting next to it.	NPR 15		amount	auto-extracted; assign qkey + status in triage (03)
CAND-1717	UNREVIEWED	ch-56-adv-rule.txt	87		A modest wave of retail attention landing on a small-cap hydropower counter can send it up 10-15 percent in a session (up against the daily circuit limit) in a way that the same wave of attention landing on a large, heavily traded bank stock simply cannot, because the bank stock has far more shares and far more daily turnover to absorb that buying without the price moving nearly as much.	15 percent		percent|score_band	auto-extracted; assign qkey + status in triage (03)
CAND-1718	UNREVIEWED	ch-56-adv-rule.txt	88		The conviction created by watching a small-cap stock run 40 percent in three weeks feels earned and specific, in a way that the steady, unglamorous performance of a well-covered bank stock never quite manages to feel.	40 percent		percent	auto-extracted; assign qkey + status in triage (03)
CAND-1719	UNREVIEWED	ch-56-adv-rule.txt	92		A retail investor with total investable capital of NPR 20 lakh might reasonably hold NPR 3-4 lakh in a single illiquid small-cap hydropower name if that stock's ADV supports it and the investor has correctly sized down to respect the stock's thinness — that is a legitimate, disciplined bet.	NPR 20		amount|score_band	auto-extracted; assign qkey + status in triage (03)
CAND-1720	UNREVIEWED	ch-56-adv-rule.txt	108		Chapter 55 showed how exit risk specifically manifests in NEPSE — the mechanics of how a position becomes genuinely difficult to sell, and why that difficulty tends to arrive precisely when an investor's need to sell is most acute.			nepse	auto-extracted; assign qkey + status in triage (03)
CAND-1721	UNREVIEWED	ch-56-adv-rule.txt	111		Institutional practice typically caps daily participation at 10-25 percent of ADV and targets an exit horizon of roughly 3-10 trading days; this chapter adapted that convention for the Nepali individual investor into a specific, memorable formula — the ADV Rule — setting maximum position size at roughly half of a stock's 20-day average daily traded value, derived from a 5-day exit horizon at a con	25 percent		percent|score_band	auto-extracted; assign qkey + status in triage (03)
CAND-1722	UNREVIEWED	ch-56-adv-rule.txt	112		The worked examples made the chapter's central claim concrete: an identical rupee position — NPR 15 lakh in both cases — represented a liquidity non-event in a large-cap bank stock with deep daily turnover (an exit achievable in well under a single trading session) and a serious, multi-week liquidity trap in a thinly traded small-cap hydropower or manufacturing counter (an exit requiring twelve or	NPR 15		amount	auto-extracted; assign qkey + status in triage (03)
CAND-1723	UNREVIEWED	ch-57-free-float-allocation-limits.txt	16		Two companies can have identical free float percentages — say, both at 40% — and yet have wildly different free float market capitalisations if one company is ten times the size of the other.	40%		percent	auto-extracted; assign qkey + status in triage (03)
CAND-1724	UNREVIEWED	ch-57-free-float-allocation-limits.txt	19		A position that respects a 5% of ADV limit might cap you at 2,000 shares a day, which sounds like healthy access to the market.	5%		percent	auto-extracted; assign qkey + status in triage (03)
CAND-1725	UNREVIEWED	ch-57-free-float-allocation-limits.txt	19		You would own 10% of the company's entire free float.	10%		percent	auto-extracted; assign qkey + status in triage (03)
CAND-1726	UNREVIEWED	ch-57-free-float-allocation-limits.txt	19		Not 10% of daily volume.	10%		percent	auto-extracted; assign qkey + status in triage (03)
CAND-1727	UNREVIEWED	ch-57-free-float-allocation-limits.txt	22		A stock can trade 3–4% of its float every day and still have a float so small that a single institutional-sized position absorbs a double-digit share of the entire tradable pool.	4%		percent|score_band	auto-extracted; assign qkey + status in triage (03)
CAND-1728	UNREVIEWED	ch-57-free-float-allocation-limits.txt	23		"As Nepal's exchange has moved toward float-adjusted benchmarks — the NEPSE 30 index, introduced as ""a value-weighted index based on market capitalisation that includes free-float shares in the market,"" requires constituent companies to have issued at least 25% of shares to the general public or to represent more than 1% of total free-float market capitalisation, and weights constituents partly by "	25%		percent|nepse	auto-extracted; assign qkey + status in triage (03)
CAND-1729	UNREVIEWED	ch-57-free-float-allocation-limits.txt	28		Start with total shares outstanding, or equivalently, paid-up capital divided by face value (NPR 100 per share is the near-universal face value for NEPSE-listed companies, so paid-up capital in rupees divided by 100 gives you the share count directly).	NPR 100		amount|nepse	auto-extracted; assign qkey + status in triage (03)
CAND-1730	UNREVIEWED	ch-57-free-float-allocation-limits.txt	36		Table 1 works through this calculation across five NEPSE-listed companies chosen to represent different structural situations: a large commercial bank near the regulatory promoter floor, a hydropower company still inside its post-listing lock-in, a hydropower company that has passed lock-in, a manufacturing company with a long-standing public float, and a hotel/tourism company with a moderate prom			nepse	auto-extracted; assign qkey + status in triage (03)
CAND-1731	UNREVIEWED	ch-57-free-float-allocation-limits.txt	38		Himal Commercial Bank Ltd.Banking18,00,00,00051%0%49%2852,514	00,00051%		percent	auto-extracted; assign qkey + status in triage (03)
CAND-1732	UNREVIEWED	ch-57-free-float-allocation-limits.txt	39		(2 yrs post-IPO, still locked)Hydropower6,00,00,00041%24%35%410861	00,00041%		percent	auto-extracted; assign qkey + status in triage (03)
CAND-1733	UNREVIEWED	ch-57-free-float-allocation-limits.txt	40		(lock-in expired)Hydropower5,00,00,00041%0%59%3551,048	00,00041%		percent	auto-extracted; assign qkey + status in triage (03)
CAND-1734	UNREVIEWED	ch-57-free-float-allocation-limits.txt	41		Terai Agro Industries Ltd.Manufacturing3,20,00,00055%0%45%610878	00,00055%		percent	auto-extracted; assign qkey + status in triage (03)
CAND-1735	UNREVIEWED	ch-57-free-float-allocation-limits.txt	42		Annapurna Resort & Hospitality Ltd.Hotel/Tourism2,10,00,00062%0%38%195156	00,00062%		percent	auto-extracted; assign qkey + status in triage (03)
CAND-1736	UNREVIEWED	ch-57-free-float-allocation-limits.txt	43		"First, notice that Karnali Jal Vidyut and Sunkoshi Hydro Power have an identical promoter holding of 41% — but Karnali's free float is 35% while Sunkoshi's is 59%, purely because Karnali is still inside its lock-in window and a large slice of its nominally ""public"" shares (the local and staff quota allotments) are not yet transferable."	41%		percent	auto-extracted; assign qkey + status in triage (03)
CAND-1737	UNREVIEWED	ch-57-free-float-allocation-limits.txt	43		Second, notice that Annapurna Resort has the smallest free float market cap by a wide margin — NPR 156 crore — despite not having the lowest free float percentage.	NPR 156		amount	auto-extracted; assign qkey + status in triage (03)
CAND-1738	UNREVIEWED	ch-57-free-float-allocation-limits.txt	43		"Its total company size is simply small, so even a ""normal-looking"" 38% float translates into a thin absolute pool."	38%		percent	auto-extracted; assign qkey + status in triage (03)
CAND-1739	UNREVIEWED	ch-57-free-float-allocation-limits.txt	49		A reasonable starting discipline — adjust to your own risk tolerance and the depth of your broader portfolio — is to cap any single position at somewhere between 1% and 3% of a company's free float market capitalisation, with the tighter end of that range reserved for thinly floated names (hydropower companies still inside lock-in, small hotel and manufacturing counters) and the looser end reserve	1%		percent|nepse	auto-extracted; assign qkey + status in triage (03)
CAND-1740	UNREVIEWED	ch-57-free-float-allocation-limits.txt	49		This is deliberately more conservative than it might sound at first: 2% of free float is a much smaller number, in absolute rupee terms, than 2% of total market cap, precisely because free float market cap is itself already a fraction of total market cap.	2%		percent	auto-extracted; assign qkey + status in triage (03)
CAND-1741	UNREVIEWED	ch-57-free-float-allocation-limits.txt	51		Free Float Allocation Limit = Free Float Market Cap × Chosen Ceiling Percentage (e.g., 2%).	2%		percent	auto-extracted; assign qkey + status in triage (03)
CAND-1742	UNREVIEWED	ch-57-free-float-allocation-limits.txt	52		Table 2 works through this with the same five illustrative companies from Table 1, assuming an investor with a portfolio large enough to be contemplating a NPR 25 lakh (2.5 million) position size, applying a 2% free float ceiling and, borrowing the Chapter 56 convention, a 7% of trailing 20-day ADV ceiling.	2%		percent|amount	auto-extracted; assign qkey + status in triage (03)
CAND-1743	UNREVIEWED	ch-57-free-float-allocation-limits.txt	53		CompanyFree Float Market Cap (NPR crore)2% Free Float Limit (NPR)20-day ADV (NPR lakh/day)7% ADV Limit (NPR)Intended Position (NPR)Binding ConstraintFinal Allowed Position (NPR)	2%		percent	auto-extracted; assign qkey + status in triage (03)
CAND-1744	UNREVIEWED	ch-57-free-float-allocation-limits.txt	59		Its daily traded value is so low in absolute terms (NPR 8 lakh a day) that a naive investor might assume the free float rule would be the redundant, looser check here too.	NPR 8		amount	auto-extracted; assign qkey + status in triage (03)
CAND-1745	UNREVIEWED	ch-57-free-float-allocation-limits.txt	59		Because Annapurna's free float market cap is itself so small (NPR 156 crore), the 2% free float ceiling of NPR 3,12,000 is actually looser than the 7% ADV ceiling of NPR 56,000 — meaning ADV is still the binding constraint by these numbers, but only barely, and a slightly less conservative ADV percentage (say 15% instead of 7%) would flip the free float rule into the binding one immediately.	2%		percent|amount	auto-extracted; assign qkey + status in triage (03)
CAND-1746	UNREVIEWED	ch-57-free-float-allocation-limits.txt	61		"An investor targeting a NPR 25 lakh position in a small hotel counter, having checked only that the stock ""traded fine"" on a percentage-of-ADV basis, discovers after two weeks of accumulation that they already hold close to 2% of the entire free float."	2%		percent|amount	auto-extracted; assign qkey + status in triage (03)
CAND-1747	UNREVIEWED	ch-57-free-float-allocation-limits.txt	66		Sharesansar's compiled lock-in data across NEPSE's roughly 97 listed hydropower companies shows a staggered expiry schedule running out several years past initial listing — a handful of names completing lock-in in a given year, more the following year, and so on.			nepse	auto-extracted; assign qkey + status in triage (03)
CAND-1748	UNREVIEWED	ch-57-free-float-allocation-limits.txt	67		Popularity and float depth are not the same thing, and in Nepal's hydropower segment they are frequently working against each other: heavy retail attention chasing a structurally thin tradable pool is close to a textbook description of a liquidity trap waiting for a crowded exit, a theme this chapter's companion, Chapter 55's coverage of exit risk in NEPSE, examined from the demand side.			nepse	auto-extracted; assign qkey + status in triage (03)
CAND-1749	UNREVIEWED	ch-57-free-float-allocation-limits.txt	69		"A hydropower company can show ""45% public shareholding"" in a summary data table while its genuinely tradable free float — after excluding locked local/staff quota shares — is closer to 20%."	45%		percent	auto-extracted; assign qkey + status in triage (03)
CAND-1750	UNREVIEWED	ch-57-free-float-allocation-limits.txt	74		On one hand, the company's genuine free float expands, often substantially — a hydropower company that has been trading a 35% float for three years can see that figure jump to 59% or higher the moment its local/staff quota and promoter restrictions lift, exactly as illustrated by the Karnali-versus-Sunkoshi comparison in Table 1.	35%		percent	auto-extracted; assign qkey + status in triage (03)
CAND-1751	UNREVIEWED	ch-57-free-float-allocation-limits.txt	83		The worked examples in Lessons 57.3 and 57.4 demonstrated the mechanics: computing free float percentage and free float market capitalisation from disclosed data, then applying a free float allocation ceiling (illustrated at roughly 1–3% of free float market cap) alongside the ADV ceiling from Chapter 56, always taking whichever constraint binds tighter for that specific stock — never one rule as 	3%		percent|score_band	auto-extracted; assign qkey + status in triage (03)
CAND-1752	UNREVIEWED	ch-57-free-float-allocation-limits.txt	84		This is compounded by the sector's outsized share of Nepal's retail investment attention: some of NEPSE's most actively discussed and heavily bought hydropower counters are, by float mechanics alone, also among its most structurally float-constrained, a combination that connects directly to the exit-risk dynamics examined in Chapter 55.			nepse	auto-extracted; assign qkey + status in triage (03)
CAND-1753	UNREVIEWED	ch-57-free-float-allocation-limits.txt	86		"Chapter 58, ""Circuit Trap Exit Modelling,"" turns to a closely related and distinctly NEPSE-specific mechanism that interacts with both disciplines: the exchange's daily circuit breaker bands, and what happens to an investor's exit options when a stock's price movement — often driven by exactly the kind of thin-float, concentrated-ownership dynamics covered in this chapter — repeatedly hits its dai"			nepse	auto-extracted; assign qkey + status in triage (03)
CAND-1754	UNREVIEWED	ch-58-circuit-trap-exit-modelling.txt	10		As of the current rules (revised by the Securities Board of Nepal, SEBON, in April 2026), that band is 15% in either direction for most scrips during regular trading, up from the 10% band that applied for years before that.	15%		percent|word_date	auto-extracted; assign qkey + status in triage (03)
CAND-1755	UNREVIEWED	ch-58-circuit-trap-exit-modelling.txt	10		During the pre-open session — the short window before the main market opens, where the day's opening price is discovered — the band is tighter still, at 5%.	5%		percent	auto-extracted; assign qkey + status in triage (03)
CAND-1756	UNREVIEWED	ch-58-circuit-trap-exit-modelling.txt	10		If a stock closed yesterday at NPR 1,000, today it can trade anywhere between NPR 850 (the lower circuit) and NPR 1,150 (the upper circuit), but nowhere outside that range, no matter how many people want to buy or sell at a different price.	NPR 1,000,		amount	auto-extracted; assign qkey + status in triage (03)
CAND-1757	UNREVIEWED	ch-58-circuit-trap-exit-modelling.txt	11		This is what the book has been calling, since Chapter 54, one of the defining structural features of NEPSE: a market where price discovery is deliberately slowed down by regulation, in exchange for reduced single-day volatility.			nepse	auto-extracted; assign qkey + status in triage (03)
CAND-1758	UNREVIEWED	ch-58-circuit-trap-exit-modelling.txt	11		A 15% band prevents a single panicked trading session from wiping out half a company's market value in an afternoon.	15%		percent	auto-extracted; assign qkey + status in triage (03)
CAND-1759	UNREVIEWED	ch-58-circuit-trap-exit-modelling.txt	12		Under the rules revised in April 2026, this works on two tiers.	April 2026		word_date	auto-extracted; assign qkey + status in triage (03)
CAND-1760	UNREVIEWED	ch-58-circuit-trap-exit-modelling.txt	12		If the NEPSE Index moves 5% from the previous close within the first two hours of trading, the entire market halts for 15 minutes, after which trading resumes.	5%		percent|nepse	auto-extracted; assign qkey + status in triage (03)
CAND-1761	UNREVIEWED	ch-58-circuit-trap-exit-modelling.txt	12		If the index moves 8% at any point during the session, the market shuts down completely for the rest of the day.	8%		percent	auto-extracted; assign qkey + status in triage (03)
CAND-1762	UNREVIEWED	ch-58-circuit-trap-exit-modelling.txt	12		This replaced an older three-tier system (4% / 5% / 6%, in place since 2007) that halted trading in smaller, more frequent steps.	4%		percent	auto-extracted; assign qkey + status in triage (03)
CAND-1763	UNREVIEWED	ch-58-circuit-trap-exit-modelling.txt	14		Individual stock daily price band: 15% up/down from previous close (raised from 10% in April 2026).	15%		percent|word_date	auto-extracted; assign qkey + status in triage (03)
CAND-1764	UNREVIEWED	ch-58-circuit-trap-exit-modelling.txt	14		Pre-open session band: 5%.	5%		percent	auto-extracted; assign qkey + status in triage (03)
CAND-1765	UNREVIEWED	ch-58-circuit-trap-exit-modelling.txt	14		Market-wide index circuit breaker (revised April 2026): 5% index move within the first two hours triggers a 15-minute halt; an 8% move at any time halts trading for the rest of the session.	5%		percent|word_date	auto-extracted; assign qkey + status in triage (03)
CAND-1766	UNREVIEWED	ch-58-circuit-trap-exit-modelling.txt	15		"When a stock's price reaches its lower circuit — say NPR 850 in the example above — the exchange does not simply ""stop"" the stock."	NPR 850		amount	auto-extracted; assign qkey + status in triage (03)
CAND-1767	UNREVIEWED	ch-58-circuit-trap-exit-modelling.txt	15		Orders can still be entered at NPR 850.	NPR 850		amount	auto-extracted; assign qkey + status in triage (03)
CAND-1768	UNREVIEWED	ch-58-circuit-trap-exit-modelling.txt	15		Sell orders can still be placed at NPR 850.	NPR 850		amount	auto-extracted; assign qkey + status in triage (03)
CAND-1769	UNREVIEWED	ch-58-circuit-trap-exit-modelling.txt	15		What changes is that no order can be entered below NPR 850, because the system will not accept a price outside the band.	NPR 850,		amount	auto-extracted; assign qkey + status in triage (03)
CAND-1770	UNREVIEWED	ch-58-circuit-trap-exit-modelling.txt	16		If a hundred people want to sell at NPR 850 and only three people want to buy at NPR 850, then only the volume the three buyers are willing to absorb actually trades.	NPR 850		amount	auto-extracted; assign qkey + status in triage (03)
CAND-1771	UNREVIEWED	ch-58-circuit-trap-exit-modelling.txt	16		"If zero buyers show up at NPR 850, then zero shares trade at NPR 850, even though the stock is technically ""allowed"" to trade there."	NPR 850,		amount	auto-extracted; assign qkey + status in triage (03)
CAND-1772	UNREVIEWED	ch-58-circuit-trap-exit-modelling.txt	19		You cut the price by 15%.	15%		percent	auto-extracted; assign qkey + status in triage (03)
CAND-1773	UNREVIEWED	ch-58-circuit-trap-exit-modelling.txt	19		You cut the price by another 15%.	15%		percent	auto-extracted; assign qkey + status in triage (03)
CAND-1774	UNREVIEWED	ch-58-circuit-trap-exit-modelling.txt	19		"A circuit-locked NEPSE stock is the same situation, except the price cuts are capped and rationed by the exchange at 15% per day rather than being something you can decide on your own, and the ""listing"" resets every morning at a new, lower, exchange-determined starting price."	15%		percent|nepse	auto-extracted; assign qkey + status in triage (03)
CAND-1775	UNREVIEWED	ch-58-circuit-trap-exit-modelling.txt	22		A single day's 15% circuit is not, by itself, catastrophic for a well-sized position.	15%		percent	auto-extracted; assign qkey + status in triage (03)
CAND-1776	UNREVIEWED	ch-58-circuit-trap-exit-modelling.txt	22		What makes the circuit trap a genuine capital-destruction risk is that the lower circuit can repeat for multiple consecutive sessions, and each day's 15% compounds on top of the previous day's already-reduced base.	15%		percent	auto-extracted; assign qkey + status in triage (03)
CAND-1777	UNREVIEWED	ch-58-circuit-trap-exit-modelling.txt	22		"This is arithmetic that a lot of investors underestimate, because they mentally treat ""15% circuit"" as a ceiling on how bad a single stock's loss can get."	15%		percent	auto-extracted; assign qkey + status in triage (03)
CAND-1778	UNREVIEWED	ch-58-circuit-trap-exit-modelling.txt	23		If a stock falls 15% every day for six consecutive sessions, the investor has not lost 6 × 15% = 90%.	15%		percent	auto-extracted; assign qkey + status in triage (03)
CAND-1779	UNREVIEWED	ch-58-circuit-trap-exit-modelling.txt	23		The actual loss is 1 − (0.85)^6 ≈ 62.3%, because each day's 15% cut applies to an already-shrunken base.	62.3%		percent	auto-extracted; assign qkey + status in triage (03)
CAND-1780	UNREVIEWED	ch-58-circuit-trap-exit-modelling.txt	25		"A stock hitting its lower circuit for several consecutive sessions does not lose ""15% times the number of days."" Losses compound multiplicatively on a shrinking base, so the true cumulative loss is always somewhat less than the naive multiplication — but still severe, and the position remains unsellable throughout the entire cascade."	15%		percent	auto-extracted; assign qkey + status in triage (03)
CAND-1781	UNREVIEWED	ch-58-circuit-trap-exit-modelling.txt	25		"Six consecutive lower-circuit days at 15% wipes out roughly 62% of the position's value even though ""6 × 15%"" looks like only 90%."	15%		percent	auto-extracted; assign qkey + status in triage (03)
CAND-1782	UNREVIEWED	ch-58-circuit-trap-exit-modelling.txt	26		The table below works through this cascade for a hypothetical NEPSE scrip that opens at NPR 1,000 and hits its lower circuit (down 15%) for eight consecutive sessions with no buyers stepping in — a realistic worst case during a sharp sector-specific selloff of the kind Nepal has seen in small-cap hydropower and microfinance names.	15%		percent|amount|nepse	auto-extracted; assign qkey + status in triage (03)
CAND-1783	UNREVIEWED	ch-58-circuit-trap-exit-modelling.txt	29		Day 1850.00−15.0%−15.0%Near-zero (only sellers)	15.0%		percent	auto-extracted; assign qkey + status in triage (03)
CAND-1784	UNREVIEWED	ch-58-circuit-trap-exit-modelling.txt	30		Day 2722.50−15.0%−27.8%Near-zero (only sellers)	15.0%		percent	auto-extracted; assign qkey + status in triage (03)
CAND-1785	UNREVIEWED	ch-58-circuit-trap-exit-modelling.txt	31		Day 3614.13−15.0%−38.6%Near-zero (only sellers)	15.0%		percent	auto-extracted; assign qkey + status in triage (03)
CAND-1786	UNREVIEWED	ch-58-circuit-trap-exit-modelling.txt	32		Day 4522.01−15.0%−47.8%Thin — a few bargain buyers appear	15.0%		percent	auto-extracted; assign qkey + status in triage (03)
CAND-1787	UNREVIEWED	ch-58-circuit-trap-exit-modelling.txt	33		Day 5443.70−15.0%−55.6%Thin	15.0%		percent	auto-extracted; assign qkey + status in triage (03)
CAND-1788	UNREVIEWED	ch-58-circuit-trap-exit-modelling.txt	34		Day 6377.15−15.0%−62.3%Moderate — value buyers step in	15.0%		percent	auto-extracted; assign qkey + status in triage (03)
CAND-1789	UNREVIEWED	ch-58-circuit-trap-exit-modelling.txt	35		Day 7320.58−15.0%−67.9%Moderate to normal	15.0%		percent	auto-extracted; assign qkey + status in triage (03)
CAND-1790	UNREVIEWED	ch-58-circuit-trap-exit-modelling.txt	36		Day 8272.49−15.0%−72.8%Normal — circuit breaks, price stabilises	15.0%		percent	auto-extracted; assign qkey + status in triage (03)
CAND-1791	UNREVIEWED	ch-58-circuit-trap-exit-modelling.txt	37		In a normal 72.8% drawdown spread over eight days, an investor with a modest position could likely have sold out somewhere in the first two or three days, taking a painful but survivable loss.	72.8%		percent	auto-extracted; assign qkey + status in triage (03)
CAND-1792	UNREVIEWED	ch-58-circuit-trap-exit-modelling.txt	40		During Nepal's 2022–2023 market correction, several small-cap and mid-cap finance and microfinance scrips — hit by a combination of tightening Nepal Rastra Bank interest-rate and provisioning rules, a broader NEPSE bear market that took the benchmark index from its 2021 peak above 3,200 down into the 1,800s–2,000s range, and thin free floats in names already covered in Chapter 57 — spent multiple 			nepse	auto-extracted; assign qkey + status in triage (03)
CAND-1793	UNREVIEWED	ch-58-circuit-trap-exit-modelling.txt	41		The circuit band does not prevent this — it only paces it, spreading what might otherwise be a one-day 70% crash into a multi-week grind that still ends up close to the same place, but with the added cruelty that the investor had to watch it happen in slow motion, powerless to act.	70%		percent	auto-extracted; assign qkey + status in triage (03)
CAND-1794	UNREVIEWED	ch-58-circuit-trap-exit-modelling.txt	45		Where the participation rate is the maximum fraction of a single day's volume an investor is willing to represent without materially distorting the price — commonly somewhere in the 10%–25% range for a disciplined institutional-style investor in a market as thin as NEPSE's small and mid-cap segment.	10%		percent|nepse	auto-extracted; assign qkey + status in triage (03)
CAND-1795	UNREVIEWED	ch-58-circuit-trap-exit-modelling.txt	45		If you hold 50,000 shares in a scrip with an ADV of 25,000 shares, and you cap yourself at 20% participation (5,000 shares a day), your orderly days-to-exit is 50,000 ÷ 5,000 = 10 trading days.	20%		percent	auto-extracted; assign qkey + status in triage (03)
CAND-1796	UNREVIEWED	ch-58-circuit-trap-exit-modelling.txt	46		On a day when the stock is locked at its lower circuit with no counterparty, effective tradeable volume for a seller trying to exit is not 20% of ADV, or even 5% of ADV — it can be zero.	20%		percent	auto-extracted; assign qkey + status in triage (03)
CAND-1797	UNREVIEWED	ch-58-circuit-trap-exit-modelling.txt	50		Position Size (multiple of ADV)Days-to-Exit — Normal Market (20% participation)Days-to-Exit — Stressed Market (10% participation, ADV down 60%)Days-to-Exit — Circuit-Trapped Market (real liquidity on ~1 day in 3, at 10% participation of a collapsed ADV)	20%		percent	auto-extracted; assign qkey + status in triage (03)
CAND-1798	UNREVIEWED	ch-58-circuit-trap-exit-modelling.txt	56		And a position sized at 5x ADV, which some retail investors in NEPSE's small-cap segment do accumulate during a rally without ever stress-testing the exit side, could take over a year of trading days to unwind under stressed circuit conditions — by which point the fundamental thesis that justified owning the stock in the first place may be entirely irrelevant.			nepse	auto-extracted; assign qkey + status in triage (03)
CAND-1799	UNREVIEWED	ch-58-circuit-trap-exit-modelling.txt	72		The NEPSE Index ran from roughly the 1,200s in mid-2020 to an all-time high above 3,200 in mid-2021, driven substantially by retail participation, margin lending, and pandemic-era liquidity — a rally this book has referenced in earlier chapters as a case study in unsustainable market-wide leverage.			nepse	auto-extracted; assign qkey + status in triage (03)
CAND-1800	UNREVIEWED	ch-58-circuit-trap-exit-modelling.txt	83		A more robust approach is to treat deterioration in a thesis as a dial, not a switch: trim 20–30% of a position on the first serious warning sign (a broken support level, a negative sector development, a disappointing quarterly disclosure), trim further if conditions continue to worsen, and reserve full-position conviction only for theses that are still fully intact.	30%		percent|score_band	auto-extracted; assign qkey + status in triage (03)
CAND-1801	UNREVIEWED	ch-58-circuit-trap-exit-modelling.txt	85		A staged-exit trigger ladder, applied at the first sign of thesis deterioration rather than waiting for full confirmation: Trim 25% of the position on the first credible warning sign (broken technical support, negative sector news, thinning buy-side order-book depth).	25%		percent	auto-extracted; assign qkey + status in triage (03)
CAND-1802	UNREVIEWED	ch-58-circuit-trap-exit-modelling.txt	85		Trim a further 25% if the stock closes down on above-average volume with no bounce within two sessions.	25%		percent	auto-extracted; assign qkey + status in triage (03)
CAND-1803	UNREVIEWED	ch-58-circuit-trap-exit-modelling.txt	86		This runs against a natural instinct — an investor watching a position recover 10–15% in a single session understandably wants to believe the worst is over, and selling into that relief rally can feel like giving up gains just as the stock turns around.	15%		percent|score_band	auto-extracted; assign qkey + status in triage (03)
CAND-1804	UNREVIEWED	ch-58-circuit-trap-exit-modelling.txt	93		This chapter has built the most quantitative model in Part XI, and it rests on a mechanical fact that is easy to state and easy to underestimate: NEPSE's daily price band — currently 15% for individual scrips, up from 10% before the April 2026 revision, alongside a market-wide index circuit breaker revised in April 2026 to a two-tier 5%/8% structure — does not guarantee that a falling stock can al	15%		percent|word_date|nepse	auto-extracted; assign qkey + status in triage (03)
CAND-1805	UNREVIEWED	ch-58-circuit-trap-exit-modelling.txt	93		"The result is the circuit trap: a stock frozen at a falling price with sell orders queued and no counterparty, functionally identical to trying to sell a house at a discount when no buyers are looking, except that the market itself resets the ""asking price"" 15% lower again the next morning if the imbalance persists."	15%		percent	auto-extracted; assign qkey + status in triage (03)
CAND-1806	UNREVIEWED	ch-58-circuit-trap-exit-modelling.txt	94		The chapter then showed why this is more dangerous than a single day's 15% figure suggests.	15%		percent	auto-extracted; assign qkey + status in triage (03)
CAND-1807	UNREVIEWED	ch-58-circuit-trap-exit-modelling.txt	94		Because losses compound multiplicatively on a shrinking base across consecutive lower-circuit sessions, a stock can lose well over 60% of its value in six trading days and over 70% in eight, all while the holder is structurally unable to sell during the days the decline is accelerating fastest.	60%		percent	auto-extracted; assign qkey + status in triage (03)
CAND-1808	UNREVIEWED	ch-58-circuit-trap-exit-modelling.txt	96		The historical material grounded all of this in NEPSE's actual experience: the 2021–2022 market-wide correction, where small-cap hydropower and finance names that had been bought effortlessly during the 2021 rally took weeks to exit once sentiment reversed, and the 2022–2023 microfinance sector selloff, where a sector-wide regulatory shock triggered simultaneous multi-day circuit-locking across co			nepse	auto-extracted; assign qkey + status in triage (03)
CAND-1809	UNREVIEWED	ch-58-circuit-trap-exit-modelling.txt	98		Across Chapters 54 through 58, this Part built liquidity risk from first principles (Chapter 54), extended it into exit-specific risk (Chapter 55), formalised position sizing against average daily volume as a governing rule (Chapter 56), layered in free-float-based allocation limits (Chapter 57), and closed with the quantitative modelling of NEPSE's circuit-band mechanics and the exit-timeline con			nepse	auto-extracted; assign qkey + status in triage (03)
CAND-1810	UNREVIEWED	ch-59-asset-allocation.txt	26		On most trading days through 2026, banking, hydropower, and finance company shares together have accounted for the large majority of NEPSE's turnover, and price movements in these three groups have driven most of the swings in the overall NEPSE index.			nepse	auto-extracted; assign qkey + status in triage (03)
CAND-1811	UNREVIEWED	ch-59-asset-allocation.txt	27		As of mid-2026, with the banking system flush with liquidity and NRB running an accommodative policy, the 91-day treasury bill yield has been trading around 2.6 percent, and the interbank lending rate — the rate banks charge each other overnight — has hovered near 2.75 percent.	2.6 percent		percent	auto-extracted; assign qkey + status in triage (03)
CAND-1812	UNREVIEWED	ch-59-asset-allocation.txt	28		As of Shrawan 2083 (July 2026), one-year fixed deposit rates for individual depositors at major commercial banks range roughly from about 3.85 percent at the lower end to around 4.5–4.6 percent at the higher end, with most large banks clustered in the low-to-mid four percent range.	3.85 percent		percent|word_date|score_band	auto-extracted; assign qkey + status in triage (03)
CAND-1813	UNREVIEWED	ch-59-asset-allocation.txt	28		Remember that a flat 15 percent tax is withheld at source on interest income, so a headline rate of 4.55 percent becomes roughly 3.9 percent in the depositor's hand.	15 percent		percent	auto-extracted; assign qkey + status in triage (03)
CAND-1814	UNREVIEWED	ch-59-asset-allocation.txt	28		"Many banks also run special ""remittance FD"" schemes that pay meaningfully more — sometimes 5 to 5.5 percent — specifically to attract deposits routed through formal remittance channels, which tells you something important about where Nepali banks are hungriest for funding."	5.5 percent		percent	auto-extracted; assign qkey + status in triage (03)
CAND-1815	UNREVIEWED	ch-59-asset-allocation.txt	30		Interest earned on bank deposits in Nepal is subject to a final withholding tax of 15 percent, deducted automatically by the bank before the interest is credited.	15 percent		percent	auto-extracted; assign qkey + status in triage (03)
CAND-1816	UNREVIEWED	ch-59-asset-allocation.txt	30		This is different from dividend income on NEPSE shares, which is taxed at 5 percent for resident individuals holding shares for more than a year (and higher for short-term gains), and different again from capital gains on shares, which are taxed separately.	5 percent		percent|nepse	auto-extracted; assign qkey + status in triage (03)
CAND-1817	UNREVIEWED	ch-59-asset-allocation.txt	32		As an asset class, though, it has also simply performed well recently: the price of fine gold (9999 hallmark) in the Kathmandu market has risen from roughly NPR 191,700 per tola in mid-2025 to around NPR 316,700 per tola by August 2026 — a rise of well over 60 percent in about thirteen months, driven almost entirely by global gold prices and international economic anxiety rather than anything happ	60 percent		percent|amount|word_date	auto-extracted; assign qkey + status in triage (03)
CAND-1818	UNREVIEWED	ch-59-asset-allocation.txt	38		The Employees Provident Fund (EPF) is the long-standing scheme for government and many private-sector employees, into which both employee and employer contribute a fixed percentage of salary each month; EPF declared an annual interest rate of 5.0 percent on members' accumulated savings effective from Shrawan 2082 (July 2025).	5.0 percent		percent|word_date	auto-extracted; assign qkey + status in triage (03)
CAND-1819	UNREVIEWED	ch-59-asset-allocation.txt	44		Government T-bills / development bondsRoughly 2.6%–6% depending on tenureHigh for T-bills; moderate for longer bonds (secondary market thin)Interest rate cycle, government fiscal position	2.6%		percent	auto-extracted; assign qkey + status in triage (03)
CAND-1820	UNREVIEWED	ch-59-asset-allocation.txt	45		Bank fixed depositsRoughly 3.9%–4.6% gross (about 3.3%–3.9% after tax) for 1-year individual FDs; higher for remittance-linked FDsHigh, but breaking early costs a penaltyBank-specific credit risk; deposit rate cycle	3.9%		percent	auto-extracted; assign qkey + status in triage (03)
CAND-1821	UNREVIEWED	ch-59-asset-allocation.txt	47		GoldStrongly positive over the past year (~60%+), driven by global pricesHigh — easily sold at jewelers, though at a spreadGlobal gold price, USD movements, import policy	60%		percent	auto-extracted; assign qkey + status in triage (03)
CAND-1822	UNREVIEWED	ch-59-asset-allocation.txt	49		EPF / CIT / SSF retirement savingsRoughly 5% declared annual rate (EPF); CIT similar or somewhat higher for market-linked schemesVery low — locked until retirement or defined exit eventsFund's own conservative portfolio, regulatory changes	5%		percent	auto-extracted; assign qkey + status in triage (03)
CAND-1823	UNREVIEWED	ch-59-asset-allocation.txt	55		When deposits are growing faster than credit demand — as has broadly been the case through 2025 and into 2026, with deposits climbing toward roughly NPR 7.95 trillion against private credit growth of only around 5.7 percent — banks have surplus funds to lend, interest rates fall, margin-financed share buying becomes cheaper, and both banking and hydropower shares tend to rally together on the resu	5.7 percent		percent|amount	auto-extracted; assign qkey + status in triage (03)
CAND-1824	UNREVIEWED	ch-59-asset-allocation.txt	69		Owning NEPSE shares, a plot of land, and a fixed deposit feels well spread out, but as Lesson 59.3 showed, all three are still fundamentally exposed to the same domestic liquidity and growth cycle, just moving at different speeds.			nepse	auto-extracted; assign qkey + status in triage (03)
CAND-1825	UNREVIEWED	ch-59-asset-allocation.txt	77		"Second, always carve out a fixed slice, commonly 5 to 15 percent of investable savings, for gold specifically, regardless of age, because of its distinct diversifying role described in Lessons 59.3 and 59.4 — gold is not simply part of the ""safe"" bucket to be adjusted up or down with age; it plays a different job entirely."	15 percent		percent	auto-extracted; assign qkey + status in triage (03)
CAND-1826	UNREVIEWED	ch-59-asset-allocation.txt	80		Early career, single or newly married, no dependents45–55%20–30%10–15%0–10% (renting, saving toward first purchase)Ongoing payroll deduction, not counted in above %	55%		percent|score_band	auto-extracted; assign qkey + status in triage (03)
CAND-1827	UNREVIEWED	ch-59-asset-allocation.txt	81		Family formation, children, possibly a home loan30–40%25–35%10–15%15–25% (often the family home itself)Ongoing payroll deduction, not counted in above %	40%		percent|score_band	auto-extracted; assign qkey + status in triage (03)
CAND-1828	UNREVIEWED	ch-59-asset-allocation.txt	82		Pre-retirement, children grown, income peaking20–30%35–45%10–15%20–30%Balance growing toward a large lump sum at retirement	30%		percent|score_band	auto-extracted; assign qkey + status in triage (03)
CAND-1829	UNREVIEWED	ch-59-asset-allocation.txt	83		Retired, drawing down savings10–15%45–55%10–15%20–30% (often reduced, converted to income-generating rent or sold down gradually)Lump sum received; often re-allocated into fixed deposits and bonds for income	15%		percent|score_band	auto-extracted; assign qkey + status in triage (03)
CAND-1830	UNREVIEWED	ch-59-asset-allocation.txt	87		After their monthly expenses, EPF contributions, and an emergency fund already set aside, they have accumulated NPR 1,500,000 in investable savings, and can add roughly NPR 25,000 per month going forward.	NPR 1,500,000		amount	auto-extracted; assign qkey + status in triage (03)
CAND-1831	UNREVIEWED	ch-59-asset-allocation.txt	88		Applying the family-formation stage from Table 59.2, adjusted for their specific circumstances — Rajan's stable EPF-backed salary allows slightly more equity risk than the table's midpoint, but their five-to-seven-year home-purchase goal argues for keeping that target fund very safe and liquid, not exposed to NEPSE's swings — they might land on the plan in Table 59.3.			nepse	auto-extracted; assign qkey + status in triage (03)
CAND-1832	UNREVIEWED	ch-59-asset-allocation.txt	91		Home down-payment fund35%525,0005–7 year goal; kept in fixed deposits and short-tenure development bonds only, laddered so some matures each year as the target date nears	35%		percent	auto-extracted; assign qkey + status in triage (03)
CAND-1833	UNREVIEWED	ch-59-asset-allocation.txt	92		NEPSE equities35%525,000Long-term growth sleeve, built across banking, hydropower, and a few other sectors per Chapter 60's screening framework	35%		percent|nepse	auto-extracted; assign qkey + status in triage (03)
CAND-1834	UNREVIEWED	ch-59-asset-allocation.txt	93		Gold12%180,000Diversifier against Nepal-specific risk, bought gradually over time rather than in one lump sum	12%		percent	auto-extracted; assign qkey + status in triage (03)
CAND-1835	UNREVIEWED	ch-59-asset-allocation.txt	94		Mutual fund (closed-end, bought at a discount to NAV)8%120,000Professionally managed exposure, partly overlapping with the equity sleeve but adding bond exposure inside the fund	8%		percent	auto-extracted; assign qkey + status in triage (03)
CAND-1836	UNREVIEWED	ch-59-asset-allocation.txt	95		Cash buffer for opportunistic FD/bond purchases10%150,000Kept ready to lock into fixed deposits or T-bills when rates rise, or to add to equities after a sharp, justified market fall	10%		percent	auto-extracted; assign qkey + status in triage (03)
CAND-1837	UNREVIEWED	ch-59-asset-allocation.txt	99		Every month, the couple adds their NPR 25,000 in savings roughly in the same proportions — slightly more toward the home fund as the target date approaches, a fixed small amount into gold regardless of price (a disciplined approach sometimes called rupee-cost averaging: buying a fixed rupee amount on a regular schedule means you automatically buy more units when the price is low and fewer when the	NPR 25,000		amount	auto-extracted; assign qkey + status in triage (03)
CAND-1838	UNREVIEWED	ch-59-asset-allocation.txt	99		They review the full allocation once a year, checking whether any bucket has drifted far from its target due to market moves — if NEPSE has rallied hard and the equity sleeve has grown to 45 percent, they would trim it back toward 35 percent and move the proceeds into the underweighted buckets, a discipline called rebalancing that forces a household to systematically sell some of what has gone up 	45 percent		percent|nepse	auto-extracted; assign qkey + status in triage (03)
CAND-1839	UNREVIEWED	ch-59-asset-allocation.txt	102		Lesson 59.1 established this principle; Lesson 59.2 grounded it in the specific menu available to a Nepali household today: NEPSE equities concentrated in banking and hydropower, government securities yielding modest single-digit returns, bank fixed deposits offering roughly 3.9 to 4.6 percent gross, mutual funds trading at NAV-linked prices on NEPSE, gold that has surged over 60 percent in little	4.6 percent		percent|nepse	auto-extracted; assign qkey + status in triage (03)
CAND-1840	UNREVIEWED	ch-59-asset-allocation.txt	103		Lesson 59.3 pushed past simple return comparisons into correlation — the degree to which different assets move together — and showed that much of what looks like diversification inside NEPSE is really one large bet on Nepal's domestic liquidity cycle, repeated across many tickers.			nepse	auto-extracted; assign qkey + status in triage (03)
CAND-1841	UNREVIEWED	ch-59-asset-allocation.txt	106		"Chapter 60, ""Equity Portfolio Construction for NEPSE,"" picks up exactly where the equity percentage decided in this chapter leaves off, and asks how that equity allocation should actually be built out — how many individual holdings a Nepali investor realistically needs, how to diversify sensibly across NEPSE's narrow set of sectors without simply duplicating the same liquidity bet many times over,"			nepse	auto-extracted; assign qkey + status in triage (03)
CAND-1842	UNREVIEWED	ch-59-asset-allocation.txt	107		Chapter 60 will draw directly on the sector concentration problem raised in Lesson 59.3 of this chapter — the fact that banking, hydropower, and finance shares tend to move together — and turn it into a practical set of rules for building an equity portfolio that is genuinely diversified within the constraints of a market as narrow as NEPSE's, rather than merely appearing diversified because it ho			nepse	auto-extracted; assign qkey + status in triage (03)
CAND-1843	UNREVIEWED	ch-60-equity-portfolio-construction.txt	9		Chapter 59 taught you how much of your total wealth should sit in NEPSE equities versus government securities, fixed deposits, mutual funds, gold, and real estate.			nepse	auto-extracted; assign qkey + status in triage (03)
CAND-1844	UNREVIEWED	ch-60-equity-portfolio-construction.txt	9		You have decided, say, that NPR 15 lakh of your household savings will live in NEPSE-listed shares.	NPR 15		amount|nepse	auto-extracted; assign qkey + status in triage (03)
CAND-1845	UNREVIEWED	ch-60-equity-portfolio-construction.txt	9		The question now is: which shares, how many, and in what proportions — so that this NPR 15 lakh behaves like a hydropower cascade with independent intake gates, not one dam with a single point of failure.	NPR 15		amount	auto-extracted; assign qkey + status in triage (03)
CAND-1846	UNREVIEWED	ch-60-equity-portfolio-construction.txt	20		NEPSE organises its roughly 286 listed companies into sector categories, and as of early 2026 those categories break down as follows by market capitalisation — the total value of all listed shares in that sector, calculated as share price multiplied by number of shares outstanding.			nepse	auto-extracted; assign qkey + status in triage (03)
CAND-1847	UNREVIEWED	ch-60-equity-portfolio-construction.txt	22		Banks, Financial Institutions & Insurance (BFI)~133~52%	52%		percent	auto-extracted; assign qkey + status in triage (03)
CAND-1848	UNREVIEWED	ch-60-equity-portfolio-construction.txt	23		Hydropower~97~16%	16%		percent	auto-extracted; assign qkey + status in triage (03)
CAND-1849	UNREVIEWED	ch-60-equity-portfolio-construction.txt	24		Investment (holding/investment companies)~7~7%	7%		percent	auto-extracted; assign qkey + status in triage (03)
CAND-1850	UNREVIEWED	ch-60-equity-portfolio-construction.txt	25		Manufacturing & Processing~26~7%	7%		percent	auto-extracted; assign qkey + status in triage (03)
CAND-1851	UNREVIEWED	ch-60-equity-portfolio-construction.txt	26		Trading~4~5%	5%		percent	auto-extracted; assign qkey + status in triage (03)
CAND-1852	UNREVIEWED	ch-60-equity-portfolio-construction.txt	27		Hotels & Tourism~8~3%	3%		percent	auto-extracted; assign qkey + status in triage (03)
CAND-1853	UNREVIEWED	ch-60-equity-portfolio-construction.txt	28		Others (telecom, life insurance holding groups, misc.)~10~10%	10%		percent	auto-extracted; assign qkey + status in triage (03)
CAND-1854	UNREVIEWED	ch-60-equity-portfolio-construction.txt	29		"Grouping all of these under one 52% figure hides real differences: a life insurer's income depends on long-term policy premiums and investment income, not short-term lending margins, so it behaves quite differently from a commercial bank even though both sit inside ""BFI."""	52%		percent	auto-extracted; assign qkey + status in triage (03)
CAND-1855	UNREVIEWED	ch-60-equity-portfolio-construction.txt	30		Roughly one in three listed companies on NEPSE is a hydropower company, yet hydropower is only about 16% of total market value.	16%		percent|nepse	auto-extracted; assign qkey + status in triage (03)
CAND-1856	UNREVIEWED	ch-60-equity-portfolio-construction.txt	43		During the fourth-quarter enforcement of the credit-to-deposit ratio ceiling in fiscal year 2080 (2023/24), NRB required banks to cut back lending sharply to stay within the mandated ratio.	2023/24		fraction	auto-extracted; assign qkey + status in triage (03)
CAND-1857	UNREVIEWED	ch-60-equity-portfolio-construction.txt	43		Within roughly six weeks, NEPSE's Microfinance Sub-Index fell by around 16%, dragged down alongside commercial banks — because microfinance institutions themselves borrow wholesale funding from commercial banks, so a squeeze on bank lending becomes a squeeze on microfinance lending almost immediately.	16%		percent|nepse	auto-extracted; assign qkey + status in triage (03)
CAND-1858	UNREVIEWED	ch-60-equity-portfolio-construction.txt	50		A portfolio of twelve to eighteen names spread deliberately across the true sub-sector map from Lesson 60.2 — some commercial banks, one or two development banks or finance companies, a microfinance name, a life insurer, a non-life insurer, two or three hydropower companies (ideally from different river basins so they don't share a monsoon shock), a manufacturing name, and a hotel or trading name 			nepse	auto-extracted; assign qkey + status in triage (03)
CAND-1859	UNREVIEWED	ch-60-equity-portfolio-construction.txt	57		If both stocks bottomed in the same week during the 2022 liquidity crunch, and both rallied in the same month when NRB cut the policy rate, they are highly correlated in practice, whatever sector label NEPSE has assigned them.			nepse	auto-extracted; assign qkey + status in triage (03)
CAND-1860	UNREVIEWED	ch-60-equity-portfolio-construction.txt	61		A hydropower company might have a large total market capitalisation on paper, but if promoters hold 70% of its shares and only 30% trade freely, the real liquidity pool available to retail investors is far smaller than the headline market cap suggests.	70%		percent	auto-extracted; assign qkey + status in triage (03)
CAND-1861	UNREVIEWED	ch-60-equity-portfolio-construction.txt	65		No single stock should typically exceed 10-12% of your total NEPSE equity sleeve at the time you buy it, regardless of how confident you are in the company.	12%		percent|score_band|nepse	auto-extracted; assign qkey + status in triage (03)
CAND-1862	UNREVIEWED	ch-60-equity-portfolio-construction.txt	66		No single sub-sector — commercial banks, or hydropower, or microfinance — should typically exceed roughly 35-40% of your equity sleeve, even though BFI's true weight in the overall NEPSE market is over 50%.	40%		percent|score_band|nepse	auto-extracted; assign qkey + status in triage (03)
CAND-1863	UNREVIEWED	ch-60-equity-portfolio-construction.txt	67		Positions in thinly traded small-cap or micro-cap stocks — including many newer hydropower and microfinance listings — should be sized smaller than the general 10-12% ceiling, often capped around 3-5% of the equity sleeve, purely because of the ADV and free-float liquidity constraints above.	12%		percent|score_band	auto-extracted; assign qkey + status in triage (03)
CAND-1864	UNREVIEWED	ch-60-equity-portfolio-construction.txt	70		A 15% position in an illiquid small-cap can turn a bad week into a position you are stuck holding for months, watching the price fall further each time you try to exit.	15%		percent	auto-extracted; assign qkey + status in triage (03)
CAND-1865	UNREVIEWED	ch-60-equity-portfolio-construction.txt	71		Suppose an investor has decided, following Chapter 59's asset-allocation process, to place NPR 12,00,000 (twelve lakh rupees) into NEPSE equities.	NPR 12,00,000		amount|nepse	auto-extracted; assign qkey + status in triage (03)
CAND-1866	UNREVIEWED	ch-60-equity-portfolio-construction.txt	73		Commercial BankBank A (large, liquid)1,20,00010%	20,00010%		percent	auto-extracted; assign qkey + status in triage (03)
CAND-1867	UNREVIEWED	ch-60-equity-portfolio-construction.txt	74		Commercial BankBank B (large, liquid)1,08,0009%	08,0009%		percent	auto-extracted; assign qkey + status in triage (03)
CAND-1868	UNREVIEWED	ch-60-equity-portfolio-construction.txt	75		Commercial BankBank C (mid-size)84,0007%	84,0007%		percent	auto-extracted; assign qkey + status in triage (03)
CAND-1869	UNREVIEWED	ch-60-equity-portfolio-construction.txt	76		Development BankDevelopment Bank D60,0005%	60,0005%		percent	auto-extracted; assign qkey + status in triage (03)
CAND-1870	UNREVIEWED	ch-60-equity-portfolio-construction.txt	77		Finance CompanyFinance Company E36,0003%	36,0003%		percent	auto-extracted; assign qkey + status in triage (03)
CAND-1871	UNREVIEWED	ch-60-equity-portfolio-construction.txt	78		MicrofinanceMicrofinance F60,0005%	60,0005%		percent	auto-extracted; assign qkey + status in triage (03)
CAND-1872	UNREVIEWED	ch-60-equity-portfolio-construction.txt	79		Life InsuranceLife Insurer G84,0007%	84,0007%		percent	auto-extracted; assign qkey + status in triage (03)
CAND-1873	UNREVIEWED	ch-60-equity-portfolio-construction.txt	80		Non-Life InsuranceNon-Life Insurer H72,0006%	72,0006%		percent	auto-extracted; assign qkey + status in triage (03)
CAND-1874	UNREVIEWED	ch-60-equity-portfolio-construction.txt	81		Hydropower (Basin 1)Hydro I96,0008%	96,0008%		percent	auto-extracted; assign qkey + status in triage (03)
CAND-1875	UNREVIEWED	ch-60-equity-portfolio-construction.txt	82		Hydropower (Basin 2)Hydro J84,0007%	84,0007%		percent	auto-extracted; assign qkey + status in triage (03)
CAND-1876	UNREVIEWED	ch-60-equity-portfolio-construction.txt	83		Hydropower (Basin 3, small-cap)Hydro K36,0003%	36,0003%		percent	auto-extracted; assign qkey + status in triage (03)
CAND-1877	UNREVIEWED	ch-60-equity-portfolio-construction.txt	84		ManufacturingManufacturer L72,0006%	72,0006%		percent	auto-extracted; assign qkey + status in triage (03)
CAND-1878	UNREVIEWED	ch-60-equity-portfolio-construction.txt	85		Hotels & TourismHotel M48,0004%	48,0004%		percent	auto-extracted; assign qkey + status in triage (03)
CAND-1879	UNREVIEWED	ch-60-equity-portfolio-construction.txt	86		TradingTrading Company N48,0004%	48,0004%		percent	auto-extracted; assign qkey + status in triage (03)
CAND-1880	UNREVIEWED	ch-60-equity-portfolio-construction.txt	87		Cash buffer for rebalancing—1,92,00016%	92,00016%		percent	auto-extracted; assign qkey + status in triage (03)
CAND-1881	UNREVIEWED	ch-60-equity-portfolio-construction.txt	88		Notice the BFI sub-sectors here — commercial banks, development bank, finance company, microfinance, life insurance, non-life insurance — sum to about 47% of the equity sleeve, still the single largest bloc, but deliberately below NEPSE's own roughly 52% index weight, and spread across six sub-sectors with genuinely different drivers rather than concentrated in three or four bank names.	47%		percent|nepse	auto-extracted; assign qkey + status in triage (03)
CAND-1882	UNREVIEWED	ch-60-equity-portfolio-construction.txt	88		No single name exceeds 10%.	10%		percent	auto-extracted; assign qkey + status in triage (03)
CAND-1883	UNREVIEWED	ch-60-equity-portfolio-construction.txt	97		(3) Are there any recent governance red flags — auditor changes, related-party deals, disclosure delays — visible in its SEBON or NEPSE filings?			nepse	auto-extracted; assign qkey + status in triage (03)
CAND-1884	UNREVIEWED	ch-60-equity-portfolio-construction.txt	99		Rumour-driven rallies on NEPSE, especially in thinly traded small-cap hydropower and microfinance names, have repeatedly reversed sharply once the rumour failed to materialise, leaving late buyers holding an illiquid position exactly as described in Lesson 60.4's caution about small-cap concentration.			nepse	auto-extracted; assign qkey + status in triage (03)
CAND-1885	UNREVIEWED	ch-60-equity-portfolio-construction.txt	104		Step two is drafting the sector map, using Lesson 60.2's finer eleven-bucket breakdown of BFI sub-sectors plus hydropower, manufacturing, trading, hotels, and others, and deciding roughly how many names and what combined weight each bucket will get — deliberately underweighting the BFI bloc relative to its actual ~52% NEPSE index weight, per Lesson 60.4's concentration guidance.	52%		percent|nepse	auto-extracted; assign qkey + status in triage (03)
CAND-1886	UNREVIEWED	ch-60-equity-portfolio-construction.txt	111		Step seven, which belongs mostly to the next chapter but deserves a preview here, is setting a review calendar: a quarterly check of each holding against the Lesson 60.5 screening filter, alongside NEPSE's quarterly and annual disclosure cycle, and a portfolio-wide sector-weight check against the concentration limits from Lesson 60.4.			nepse	auto-extracted; assign qkey + status in triage (03)
CAND-1887	UNREVIEWED	ch-60-equity-portfolio-construction.txt	115		This chapter took the equity allocation decided in Chapter 59 and turned it into an actual portfolio of NEPSE stocks.			nepse	auto-extracted; assign qkey + status in triage (03)
CAND-1888	UNREVIEWED	ch-60-equity-portfolio-construction.txt	117		Position sizing followed directly from Part XI's ADV rule and free-float concepts, translated here into concentration ceilings: roughly 10-12% per stock, roughly 35-40% per sub-sector bloc, and tighter caps for illiquid small-cap names, illustrated with a fourteen-name, twelve-lakh-rupee worked example.	12%		percent|score_band	auto-extracted; assign qkey + status in triage (03)
CAND-1889	UNREVIEWED	ch-61-portfolio-risk-management.txt	9		NEPSE was near its all-time high of 3,198.60 points.			nepse	auto-extracted; assign qkey + status in triage (03)
CAND-1890	UNREVIEWED	ch-61-portfolio-risk-management.txt	9		Within a year, NEPSE had fallen by more than 40 percent from that peak, grinding down toward the 1,800s through 2022 as Nepal Rastra Bank tightened lending, margin calls forced liquidation, and remittance-driven liquidity dried up.	40 percent		percent|nepse	auto-extracted; assign qkey + status in triage (03)
CAND-1891	UNREVIEWED	ch-61-portfolio-risk-management.txt	18		A portfolio that moves between minus 3 percent and plus 3 percent in a typical month is more volatile than one that moves between minus 1 percent and plus 1 percent, even if both end up flat over a year.	3 percent		percent	auto-extracted; assign qkey + status in triage (03)
CAND-1892	UNREVIEWED	ch-61-portfolio-risk-management.txt	19		If your portfolio was worth Rs 10,00,000 at its peak and later fell to Rs 6,50,000 before turning around, your maximum drawdown was 35 percent.	35 percent		percent|amount	auto-extracted; assign qkey + status in triage (03)
CAND-1893	UNREVIEWED	ch-61-portfolio-risk-management.txt	20		"This is the ""same floodplain"" problem, and in NEPSE it is unusually severe, as Lesson 61.3 will show in detail."			nepse	auto-extracted; assign qkey + status in triage (03)
CAND-1894	UNREVIEWED	ch-61-portfolio-risk-management.txt	22		Between the NEPSE index's all-time high of 3,198.60 in mid-2021 and the trough of the subsequent correction in 2022, the broad market fell by roughly 40 to 45 percent, with finance and microfinance sub-indices falling considerably harder than the headline index because margin-lending unwinds hit those counters first.	45 percent		percent|nepse	auto-extracted; assign qkey + status in triage (03)
CAND-1895	UNREVIEWED	ch-61-portfolio-risk-management.txt	30		A portfolio that falls 2 percent in one bad session is not alarming.	2 percent		percent	auto-extracted; assign qkey + status in triage (03)
CAND-1896	UNREVIEWED	ch-61-portfolio-risk-management.txt	30		A portfolio that has quietly bled from a peak of Rs 12,00,000 down to Rs 8,00,000 over eight months — a 33 percent drawdown — is a portfolio in genuine trouble, even though no single day felt dramatic.	33 percent		percent|amount	auto-extracted; assign qkey + status in triage (03)
CAND-1897	UNREVIEWED	ch-61-portfolio-risk-management.txt	31		"Think of it as your portfolio's ""typical wobble."" If your portfolio's monthly returns over the past two years have mostly ranged between minus 4 percent and plus 4 percent, with the average around 1 percent, your typical wobble is roughly plus-or-minus 4 to 5 percentage points."	4 percent		percent	auto-extracted; assign qkey + status in triage (03)
CAND-1898	UNREVIEWED	ch-61-portfolio-risk-management.txt	33		"A volatile portfolio that ends the year up 20 percent had plenty of ""wobble"" along the way but no permanent damage."	20 percent		percent	auto-extracted; assign qkey + status in triage (03)
CAND-1899	UNREVIEWED	ch-61-portfolio-risk-management.txt	50		"The practical takeaway from Chapter 60's sector limits becomes sharper here: a cap of, say, 30 percent in ""financials"" broadly defined is not just a diversification nicety — it is a direct defence against the single largest correlated-risk cluster on the entire exchange."	30 percent		percent	auto-extracted; assign qkey + status in triage (03)
CAND-1900	UNREVIEWED	ch-61-portfolio-risk-management.txt	54		Based on the pattern seen through 2021–2022, a severe version of this scenario has historically produced declines of 30 to 45 percent in the finance and microfinance sub-indices, with banking proper falling somewhat less, in the 20 to 30 percent range, over a period of several months to a year.	45 percent		percent	auto-extracted; assign qkey + status in triage (03)
CAND-1901	UNREVIEWED	ch-61-portfolio-risk-management.txt	55		This raises borrowing costs across the economy, compresses bank net interest margins in the near term even as loan growth slows, and reduces the attractiveness of margin-funded equity purchases, causing a broad, gradual NEPSE decline rather than a single sharp crash — typically unfolding over two to four quarters, in the 15 to 25 percent range for the headline index.	25 percent		percent|nepse	auto-extracted; assign qkey + status in triage (03)
CAND-1902	UNREVIEWED	ch-61-portfolio-risk-management.txt	56		Headline index declines in past liquidity-driven episodes have ranged from 10 to 20 percent, but the effective cost to an investor needing to raise cash quickly can be considerably higher, because thin markets force selling at unfavorable prices.	20 percent		percent	auto-extracted; assign qkey + status in triage (03)
CAND-1903	UNREVIEWED	ch-61-portfolio-risk-management.txt	57		As covered in Chapter 58, NEPSE employs circuit breakers that pause trading when the index moves beyond preset thresholds in a single session.			nepse	auto-extracted; assign qkey + status in triage (03)
CAND-1904	UNREVIEWED	ch-61-portfolio-risk-management.txt	60		The table below works through these four scenarios against a hypothetical Rs 10,00,000 equity portfolio built the way Chapter 60 describes: 40 percent banking and finance, 25 percent hydropower, 15 percent insurance, 10 percent hotels and manufacturing, 10 percent microfinance and other.	40 percent		percent|amount	auto-extracted; assign qkey + status in triage (03)
CAND-1905	UNREVIEWED	ch-61-portfolio-risk-management.txt	62		Sector-wide BFI correctionNRB tightens margin/LTV rules22–28% (BFI-heavy weighting drags portfolio below index average)Rs 7,20,000–7,80,0003–9 months	28%		percent|amount|score_band	auto-extracted; assign qkey + status in triage (03)
CAND-1906	UNREVIEWED	ch-61-portfolio-risk-management.txt	63		NRB policy tightening cyclePolicy rate hike, liquidity withdrawal15–20%Rs 8,00,000–8,50,0002–4 quarters	20%		percent|amount|score_band	auto-extracted; assign qkey + status in triage (03)
CAND-1907	UNREVIEWED	ch-61-portfolio-risk-management.txt	64		Liquidity crunchRemittance slowdown, interbank rate spike12–18% (plus wider effective spreads on exit)Rs 8,20,000–8,80,0001–3 months	18%		percent|amount|score_band	auto-extracted; assign qkey + status in triage (03)
CAND-1908	UNREVIEWED	ch-61-portfolio-risk-management.txt	65		Circuit-breaker cascadeSudden confidence shock, rapid panic selling8–12% in the triggering session(s) aloneRs 8,80,000–9,20,000 (before further drift)1–5 trading sessions	12%		percent|score_band	auto-extracted; assign qkey + status in triage (03)
CAND-1909	UNREVIEWED	ch-61-portfolio-risk-management.txt	71		Suppose Chapter 59 and 60 led you to a target of 40 percent banking and finance, 25 percent hydropower, 15 percent insurance, and 20 percent everything else.	40 percent		percent	auto-extracted; assign qkey + status in triage (03)
CAND-1910	UNREVIEWED	ch-61-portfolio-risk-management.txt	71		A year later, hydropower has rallied hard and now represents 35 percent of your portfolio, while banking and finance has lagged and fallen to 32 percent.	35 percent		percent	auto-extracted; assign qkey + status in triage (03)
CAND-1911	UNREVIEWED	ch-61-portfolio-risk-management.txt	76		Threshold-based rebalancing means acting only when a holding or sector drifts beyond a pre-set tolerance band — for example, if any single sector moves more than 5 to 7 percentage points away from its target weight.	7 percent		percent	auto-extracted; assign qkey + status in triage (03)
CAND-1912	UNREVIEWED	ch-61-portfolio-risk-management.txt	84		A sector drifting from 25 percent to 28 percent is normal market noise, not a risk emergency.	25 percent		percent	auto-extracted; assign qkey + status in triage (03)
CAND-1913	UNREVIEWED	ch-61-portfolio-risk-management.txt	84		Reserve actual selling-based rebalancing for drifts that genuinely change your risk profile — typically moves of 5 percentage points or more away from target — so that the tax and transaction costs of rebalancing are justified by a real reduction in concentration risk.	5 percent		percent	auto-extracted; assign qkey + status in triage (03)
CAND-1914	UNREVIEWED	ch-61-portfolio-risk-management.txt	89		Chapter 60 introduced position limits at the individual stock level; restate it here as a hard portfolio-risk rule: no single stock should exceed roughly 10 to 15 percent of your total equity portfolio at cost, and ideally you act to trim it back toward target if market appreciation pushes it meaningfully above that, say past 18 to 20 percent, even if you like the company.	15 percent		percent	auto-extracted; assign qkey + status in triage (03)
CAND-1915	UNREVIEWED	ch-61-portfolio-risk-management.txt	90		Given the correlation dynamics detailed in Lesson 61.3, a firm cap on combined banking, finance, and microfinance exposure — commonly recommended in the 30 to 35 percent range of total equity holdings — protects you against the single largest correlated-risk cluster on NEPSE.	35 percent		percent|nepse	auto-extracted; assign qkey + status in triage (03)
CAND-1916	UNREVIEWED	ch-61-portfolio-risk-management.txt	90		A parallel, somewhat looser cap on hydropower exposure (given its own correlated monsoon and interest-rate sensitivities) is also reasonable, often in the 25 to 30 percent range.	30 percent		percent	auto-extracted; assign qkey + status in triage (03)
CAND-1917	UNREVIEWED	ch-61-portfolio-risk-management.txt	93		"Set a specific number in advance — for example, ""if my portfolio's drawdown from its peak exceeds 20 percent, I will conduct a full portfolio review within two weeks."" This does not mean automatically selling at 20 percent down."	20 percent		percent	auto-extracted; assign qkey + status in triage (03)
CAND-1918	UNREVIEWED	ch-61-portfolio-risk-management.txt	95		A simple three-tier drawdown response plan works well for most retail investors: at a 10 percent drawdown from peak, no action, this is routine; at a 20 percent drawdown, conduct a full review of sector weights and position sizes against your written targets; at a 30 percent or greater drawdown, review not just the portfolio but your original assumptions — has something structurally changed (a reg	10 percent		percent	auto-extracted; assign qkey + status in triage (03)
CAND-1919	UNREVIEWED	ch-61-portfolio-risk-management.txt	96		A complete, practical risk-limit policy for a Nepali retail equity portfolio might read like this, written once and kept somewhere you will actually see it again: no single stock above 15 percent of the equity sleeve at cost; combined banking, finance, and microfinance exposure capped at 35 percent; combined hydropower exposure capped at 30 percent; portfolio rebalanced when any sector drifts more	15 percent		percent	auto-extracted; assign qkey + status in triage (03)
CAND-1920	UNREVIEWED	ch-61-portfolio-risk-management.txt	103		You then worked through four realistic Nepali stress scenarios — a sector-wide BFI correction, an NRB monetary tightening cycle, a liquidity crunch, and a circuit-breaker cascade event connecting back to Chapter 58 — each grounded in patterns NEPSE has actually shown, including the roughly 40-plus percent correction that followed the market's 2021 all-time high.			nepse	auto-extracted; assign qkey + status in triage (03)
CAND-1921	UNREVIEWED	ch-62-systematic-disciplined-investing.txt	10		Chapters 59 through 61 built the architecture of a portfolio: how much to hold in equity versus safer assets, how to construct the equity sleeve on NEPSE, and how to manage the risks once the portfolio exists.			nepse	auto-extracted; assign qkey + status in triage (03)
CAND-1922	UNREVIEWED	ch-62-systematic-disciplined-investing.txt	14		"""I will invest NPR 5,000 into my selected mutual fund on the 5th of every Nepali month"" is a systematic rule."	NPR 5,000		amount	auto-extracted; assign qkey + status in triage (03)
CAND-1923	UNREVIEWED	ch-62-systematic-disciplined-investing.txt	17		A market that swings 40% in a year punishes discretionary timing far more severely than a market that swings 10%.	40%		percent	auto-extracted; assign qkey + status in triage (03)
CAND-1924	UNREVIEWED	ch-62-systematic-disciplined-investing.txt	20		Between 2020 and 2021, NEPSE's benchmark index rose from roughly 1,400 points to an all-time high near 3,200 points — more than doubling in under two years, fuelled heavily by new retail demat accounts opened during and after the COVID-19 lockdowns.			nepse	auto-extracted; assign qkey + status in triage (03)
CAND-1925	UNREVIEWED	ch-62-systematic-disciplined-investing.txt	24		If a mutual fund unit costs NPR 11 this month, the investor buys whatever number of units NPR 5,000 can purchase.	NPR 11		amount	auto-extracted; assign qkey + status in triage (03)
CAND-1926	UNREVIEWED	ch-62-systematic-disciplined-investing.txt	24		If the same unit costs NPR 9 next month, the investor again spends NPR 5,000, which now buys more units because the price is lower.	NPR 9		amount	auto-extracted; assign qkey + status in triage (03)
CAND-1927	UNREVIEWED	ch-62-systematic-disciplined-investing.txt	26		Suppose an investor commits to investing NPR 5,000 every month into a NEPSE-listed mutual fund, and the fund's Net Asset Value (NAV — the per-unit price of a mutual fund, calculated by dividing the fund's total assets by the number of units outstanding) moves as follows over six months:	NPR 5,000		amount|nepse	auto-extracted; assign qkey + status in triage (03)
CAND-1928	UNREVIEWED	ch-62-systematic-disciplined-investing.txt	34		Total30,000—3,266.1	000—3		score_band	auto-extracted; assign qkey + status in triage (03)
CAND-1929	UNREVIEWED	ch-62-systematic-disciplined-investing.txt	35		The simple average of the six NAV prices listed is NPR 9.50 (10 + 8 + 7 + 9 + 12 + 11, divided by six).	NPR 9.50		amount	auto-extracted; assign qkey + status in triage (03)
CAND-1930	UNREVIEWED	ch-62-systematic-disciplined-investing.txt	35		But the investor's actual average cost per unit is total rupees invested divided by total units purchased: NPR 30,000 divided by 3,266.1 units, which works out to roughly NPR 9.19 per unit.	NPR 30,000		amount	auto-extracted; assign qkey + status in triage (03)
CAND-1931	UNREVIEWED	ch-62-systematic-disciplined-investing.txt	55		"An IPS is far more useful if it does not just state a target allocation, but also states, in advance, exactly what the investor will do if NEPSE falls by a specific severe amount — for example, a pre-written rule such as ""if my equity allocation falls more than five percentage points below target due to a market decline, I will rebalance back to target using funds from my debt sleeve, following th"			nepse	auto-extracted; assign qkey + status in triage (03)
CAND-1932	UNREVIEWED	ch-62-systematic-disciplined-investing.txt	60		Chapter 50 laid out, in detail, the recurring cycle that has defined NEPSE's history: a period of rising prices draws in a wave of new retail participants, often at the very peak, followed by a sharp correction that leaves latecomers with losses and drives many of them out of the market entirely — sometimes for years.			nepse	auto-extracted; assign qkey + status in triage (03)
CAND-1933	UNREVIEWED	ch-62-systematic-disciplined-investing.txt	68		Consider two investors who each begin a NPR 5,000 monthly SIP into the same NEPSE-listed mutual fund at the start of a two-year period that includes a sharp mid-period correction.	NPR 5,000		amount|nepse	auto-extracted; assign qkey + status in triage (03)
CAND-1934	UNREVIEWED	ch-62-systematic-disciplined-investing.txt	78		(4) Do I have a written rule for what I will do if NEPSE falls sharply, so I am not deciding that in the moment?			nepse	auto-extracted; assign qkey + status in triage (03)
CAND-1935	UNREVIEWED	ch-62-systematic-disciplined-investing.txt	81		Chapter 60 took the equity portion of that architecture and built it out in NEPSE-specific detail, covering how to select and size individual holdings within a Nepali equity sleeve.			nepse	auto-extracted; assign qkey + status in triage (03)
CAND-1936	UNREVIEWED	ch-62-systematic-disciplined-investing.txt	83		Chapter 60 says how to build the equity portion on NEPSE specifically.			nepse	auto-extracted; assign qkey + status in triage (03)
CAND-1937	UNREVIEWED	ch-62-systematic-disciplined-investing.txt	84		"Chapter 63, ""Philosophy of the Canon Scoring System,"" opens Part XIII by introducing a structured, quantitative framework for scoring individual companies listed on NEPSE — a disciplined, rules-based method for evaluating a business that mirrors, at the level of a single stock, exactly the kind of systematic, emotion-resistant discipline this chapter has just built at the level of the whole portfo"			nepse	auto-extracted; assign qkey + status in triage (03)
CAND-1938	UNREVIEWED	ch-62-systematic-disciplined-investing.txt	86		Lesson 62.1 distinguished discretionary from systematic decision-making and connected the case for systematic investing directly to Chapter 50's account of why Nepali retail investors so often buy at NEPSE's peaks and sell at its troughs.			nepse	auto-extracted; assign qkey + status in triage (03)
CAND-1939	UNREVIEWED	ch-62-systematic-disciplined-investing.txt	87		Lesson 62.5 addressed the hardest test of all — staying the course through NEPSE's actual boom-bust cycles, distinguishing legitimate income-driven pauses from panic-driven ones, and showing through a worked comparison why continuing contributions through a correction, not merely starting a plan during calm markets, is what separates disciplined investors from the rest.			nepse	auto-extracted; assign qkey + status in triage (03)
CAND-1940	UNREVIEWED	ch-62-systematic-disciplined-investing.txt	88		Taken as a whole, Part XII has built a complete process for constructing and holding a Nepali portfolio: Chapter 59 established how to allocate across asset classes according to an investor's goals and risk tolerance; Chapter 60 built out the equity sleeve specifically for NEPSE; Chapter 61 supplied the tools to identify and manage the risks within that structure; and this chapter, Chapter 62, sup			nepse	auto-extracted; assign qkey + status in triage (03)
CAND-1941	UNREVIEWED	ch-63-canon-scoring-philosophy.txt	12		This chapter opens Part XIII of this book, which introduces the Canon Score — a structured, repeatable, weighted framework this book will use, starting in Chapter 64, to evaluate the quality of individual companies listed on NEPSE.			nepse	auto-extracted; assign qkey + status in triage (03)
CAND-1942	UNREVIEWED	ch-63-canon-scoring-philosophy.txt	16		Suppose in early 2023 an investor was choosing between three hydropower companies newly listed on NEPSE.			nepse	auto-extracted; assign qkey + status in triage (03)
CAND-1943	UNREVIEWED	ch-63-canon-scoring-philosophy.txt	28		Consider a hypothetical finance company with an eye-catching ROE of 22 percent — well above the sector average.	22 percent		percent	auto-extracted; assign qkey + status in triage (03)
CAND-1944	UNREVIEWED	ch-63-canon-scoring-philosophy.txt	48		That weighting is exactly what Chapter 64 will lay out in full: seven dimensions, each scored on its own terms, combined into a single 0–100 Canon Score.	0–100		score_band	auto-extracted; assign qkey + status in triage (03)
CAND-1945	UNREVIEWED	ch-63-canon-scoring-philosophy.txt	98		Chapter 65 will take this rubric and apply it, in worked detail, to real categories of NEPSE-listed companies — showing how the same seven-dimension framework produces different scores, and different insights, when applied to a bank, a hydropower company, and an insurer, each of which has its own dominant risks.			nepse	auto-extracted; assign qkey + status in triage (03)
CAND-1946	UNREVIEWED	ch-63-canon-scoring-philosophy.txt	108		"The next chapter, Chapter 64, ""The Seven-Dimension Company Quality Score (0–100),"" delivers the framework this chapter has only previewed."	0–100		score_band	auto-extracted; assign qkey + status in triage (03)
CAND-1947	UNREVIEWED	ch-63-canon-scoring-philosophy.txt	108		It will define each of the seven dimensions in full — Financial Strength & Profitability, Growth Quality & Sustainability, Corporate Governance & Promoter Integrity, Liquidity & Tradability, Sector & Macro Positioning, Capital Allocation & Management Track Record, and Valuation Discipline — specify exactly how each is scored from available NEPSE, SEBON, and CDSC data, and show precisely how the se			nepse	auto-extracted; assign qkey + status in triage (03)
CAND-1948	UNREVIEWED	ch-63-canon-scoring-philosophy.txt	110		The Seven-Dimension Company Quality Score (0–100) →	0–100		score_band	auto-extracted; assign qkey + status in triage (03)
CAND-1949	UNREVIEWED	ch-64-seven-dimension-score.txt	12		By the end of this chapter, you will be able to open a company's annual report, its SEBON (Securities Board of Nepal) filings, and its NEPSE disclosures, and turn them into a single number between 0 and 100 — the Canon Quality Score.			nepse	auto-extracted; assign qkey + status in triage (03)
CAND-1950	UNREVIEWED	ch-64-seven-dimension-score.txt	37		Nepali commercial banks' average ROE has fallen sharply in recent years — from roughly 13% in the third quarter of fiscal year 2022/23 to under 8% in the same period of fiscal year 2024/25, as high provisioning and slow credit growth squeezed the whole sector.	13%		percent|fraction	auto-extracted; assign qkey + status in triage (03)
CAND-1951	UNREVIEWED	ch-64-seven-dimension-score.txt	37		In that same period, the best-run banks still posted ROE above 15%, while the weakest posted barely above zero.	15%		percent	auto-extracted; assign qkey + status in triage (03)
CAND-1952	UNREVIEWED	ch-64-seven-dimension-score.txt	39		15% or higher, with no single year below 10%8	15%		percent	auto-extracted; assign qkey + status in triage (03)
CAND-1953	UNREVIEWED	ch-64-seven-dimension-score.txt	40		10% – 15%6	10%		percent	auto-extracted; assign qkey + status in triage (03)
CAND-1954	UNREVIEWED	ch-64-seven-dimension-score.txt	41		7% – 10% (near current system average)4	7%		percent	auto-extracted; assign qkey + status in triage (03)
CAND-1955	UNREVIEWED	ch-64-seven-dimension-score.txt	42		Below 7%, or negative in any of the last 3 years1	7%		percent	auto-extracted; assign qkey + status in triage (03)
CAND-1956	UNREVIEWED	ch-64-seven-dimension-score.txt	44		In the nine months to Q3 FY2024/25, Nepal's commercial banks averaged roughly 7.73% ROE system-wide.	7.73%		percent	auto-extracted; assign qkey + status in triage (03)
CAND-1957	UNREVIEWED	ch-64-seven-dimension-score.txt	44		Individual results ranged from about 15.8% at the strongest bank to under 1% at the weakest.	15.8%		percent	auto-extracted; assign qkey + status in triage (03)
CAND-1958	UNREVIEWED	ch-64-seven-dimension-score.txt	47		Nepal Rastra Bank (NRB) requires commercial banks to maintain a minimum total Capital Adequacy Ratio of 11%, including a minimum Tier 1 (core capital) component.	11%		percent	auto-extracted; assign qkey + status in triage (03)
CAND-1959	UNREVIEWED	ch-64-seven-dimension-score.txt	47		A bank sitting exactly at 11% has no real cushion — a single bad loan cycle can push it into regulatory breach, forcing a rights issue that dilutes existing shareholders.	11%		percent	auto-extracted; assign qkey + status in triage (03)
CAND-1960	UNREVIEWED	ch-64-seven-dimension-score.txt	49		CAR 13% or higher (BFIs), or D/E under 1.0x with interest coverage over 5x (non-BFIs)7	13%		percent	auto-extracted; assign qkey + status in triage (03)
CAND-1961	UNREVIEWED	ch-64-seven-dimension-score.txt	50		CAR 11.5% – 13%, or moderate leverage with adequate coverage5	11.5%		percent	auto-extracted; assign qkey + status in triage (03)
CAND-1962	UNREVIEWED	ch-64-seven-dimension-score.txt	51		CAR 11.0% – 11.5% (barely above NRB minimum)3	11.0%		percent	auto-extracted; assign qkey + status in triage (03)
CAND-1963	UNREVIEWED	ch-64-seven-dimension-score.txt	52		CAR below 11% at any point in the last 3 years, or high leverage with weak coverage0	11%		percent	auto-extracted; assign qkey + status in triage (03)
CAND-1964	UNREVIEWED	ch-64-seven-dimension-score.txt	58		Financial Strength & Profitability = ROE score (0–8) + Capital adequacy score (0–7) + Earnings quality score (0–5), out of 20.	0–8		score_band	auto-extracted; assign qkey + status in triage (03)
CAND-1965	UNREVIEWED	ch-64-seven-dimension-score.txt	58		Source this dimension from the company's audited annual reports (for the 5-year and 3-year trends) and its unaudited quarterly disclosures on the NEPSE website (for the most recent CAR figure, which banks must disclose every quarter).			nepse	auto-extracted; assign qkey + status in triage (03)
CAND-1966	UNREVIEWED	ch-64-seven-dimension-score.txt	63		Holding stable or increasing; less than 10% of promoter shares pledged6	10%		percent	auto-extracted; assign qkey + status in triage (03)
CAND-1967	UNREVIEWED	ch-64-seven-dimension-score.txt	64		Holding broadly stable; 10% – 25% pledged4	10%		percent	auto-extracted; assign qkey + status in triage (03)
CAND-1968	UNREVIEWED	ch-64-seven-dimension-score.txt	65		Holding declining, or 25% – 50% pledged2	25%		percent	auto-extracted; assign qkey + status in triage (03)
CAND-1969	UNREVIEWED	ch-64-seven-dimension-score.txt	66		Holding sharply declining, or more than 50% pledged, or repeated insider selling0	50%		percent	auto-extracted; assign qkey + status in triage (03)
CAND-1970	UNREVIEWED	ch-64-seven-dimension-score.txt	76		NPR 5 million or more5	NPR 5		amount	auto-extracted; assign qkey + status in triage (03)
CAND-1971	UNREVIEWED	ch-64-seven-dimension-score.txt	77		NPR 1 million – 5 million3	NPR 1		amount	auto-extracted; assign qkey + status in triage (03)
CAND-1972	UNREVIEWED	ch-64-seven-dimension-score.txt	78		NPR 200,000 – 1 million1	NPR 200,000		amount|score_band	auto-extracted; assign qkey + status in triage (03)
CAND-1973	UNREVIEWED	ch-64-seven-dimension-score.txt	79		Below NPR 200,0000	NPR 200,0000		amount	auto-extracted; assign qkey + status in triage (03)
CAND-1974	UNREVIEWED	ch-64-seven-dimension-score.txt	82		Free float uses the same 5-point structure: 40% or higher free float scores full marks, because more shares in public hands means deeper, more resilient trading; below 10% free float scores zero, because such a stock is structurally prone to circuit-trap behaviour no matter how good the underlying business is.	40%		percent	auto-extracted; assign qkey + status in triage (03)
CAND-1975	UNREVIEWED	ch-64-seven-dimension-score.txt	83		NEPSE as a whole has, at times, traded at elevated valuations — the exchange's overall P/E has approached the high 30s, well above the 15–20x range considered reasonable in most developed markets — while the banking sector specifically has often traded far cheaper than the broader index, closer to 15–16x earnings and around 1.5x book value.			nepse	auto-extracted; assign qkey + status in triage (03)
CAND-1976	UNREVIEWED	ch-64-seven-dimension-score.txt	83		"A generic ""P/E below 15 is cheap"" rule would misjudge almost every NEPSE sector simultaneously."			nepse	auto-extracted; assign qkey + status in triage (03)
CAND-1977	UNREVIEWED	ch-64-seven-dimension-score.txt	91		Source both from NEPSE's published sector indices and the company's own 5-year price history, which most Nepali brokerage terminals and financial portals maintain.			nepse	auto-extracted; assign qkey + status in triage (03)
CAND-1978	UNREVIEWED	ch-64-seven-dimension-score.txt	103		Diversified; no single customer or segment exceeds 20% of revenue7	20%		percent	auto-extracted; assign qkey + status in triage (03)
CAND-1979	UNREVIEWED	ch-64-seven-dimension-score.txt	104		Moderate concentration, 20% – 40% from one segment or counterparty4	20%		percent	auto-extracted; assign qkey + status in triage (03)
CAND-1980	UNREVIEWED	ch-64-seven-dimension-score.txt	105		High concentration, above 40% from one counterparty2	40%		percent	auto-extracted; assign qkey + status in triage (03)
CAND-1981	UNREVIEWED	ch-64-seven-dimension-score.txt	111		15% or higher, positive in at least 4 of 5 years8	15%		percent	auto-extracted; assign qkey + status in triage (03)
CAND-1982	UNREVIEWED	ch-64-seven-dimension-score.txt	112		8% – 15%6	8%		percent	auto-extracted; assign qkey + status in triage (03)
CAND-1983	UNREVIEWED	ch-64-seven-dimension-score.txt	113		0% – 8%3	0%		percent	auto-extracted; assign qkey + status in triage (03)
CAND-1984	UNREVIEWED	ch-64-seven-dimension-score.txt	117		Positive in at least 4 of 5 years, no swing greater than 50% in a single year7	50%		percent	auto-extracted; assign qkey + status in triage (03)
CAND-1985	UNREVIEWED	ch-64-seven-dimension-score.txt	124		Paid every year; payout ratio consistently 30% – 70% of distributable profit6	30%		percent	auto-extracted; assign qkey + status in triage (03)
CAND-1986	UNREVIEWED	ch-64-seven-dimension-score.txt	135		Financial Strength (0–20) + Governance (0–15) + Liquidity (0–10) + Valuation (0–15) + Sector Durability (0–15) + Growth (0–15) + Dividend Discipline (0–10) = Canon Quality Score (0–100)	0–20		score_band	auto-extracted; assign qkey + status in triage (03)
CAND-1987	UNREVIEWED	ch-64-seven-dimension-score.txt	147		3-year average ROE: 14.2%, with the weakest year at 11.0%	14.2%		percent	auto-extracted; assign qkey + status in triage (03)
CAND-1988	UNREVIEWED	ch-64-seven-dimension-score.txt	148		Capital Adequacy Ratio: 12.8%, stable for 3 years	12.8%		percent	auto-extracted; assign qkey + status in triage (03)
CAND-1989	UNREVIEWED	ch-64-seven-dimension-score.txt	150		Promoter shareholding: stable at 51% for 5 years, under 10% pledged	51%		percent	auto-extracted; assign qkey + status in triage (03)
CAND-1990	UNREVIEWED	ch-64-seven-dimension-score.txt	153		Average Daily Volume: NPR 3.2 million over the last 6 months	NPR 3.2		amount	auto-extracted; assign qkey + status in triage (03)
CAND-1991	UNREVIEWED	ch-64-seven-dimension-score.txt	154		Free float: 49%	49%		percent	auto-extracted; assign qkey + status in triage (03)
CAND-1992	UNREVIEWED	ch-64-seven-dimension-score.txt	157		Licensed, NRB-regulated moat; loan book moderately concentrated in one regional corporate segment (roughly 30% of the book)	30%		percent	auto-extracted; assign qkey + status in triage (03)
CAND-1993	UNREVIEWED	ch-64-seven-dimension-score.txt	158		Loan book 5-year CAGR: 11%; EPS positive in 4 of the last 5 years	11%		percent	auto-extracted; assign qkey + status in triage (03)
CAND-1994	UNREVIEWED	ch-64-seven-dimension-score.txt	159		Cash-plus-bonus dividend paid every year for 5 years; payout ratio within the 30–70% band; dividends funded from genuine distributable profit	70%		percent|score_band	auto-extracted; assign qkey + status in triage (03)
CAND-1995	UNREVIEWED	ch-64-seven-dimension-score.txt	161		Financial Strength & Profitability2016ROE 14.2% avg → 6/8 (10–15% band); CAR 12.8% → 5/7 (11.5–13% band); earnings grew 4 of 5 years → 5/5	14.2%		percent|fraction|score_band	auto-extracted; assign qkey + status in triage (03)
CAND-1996	UNREVIEWED	ch-64-seven-dimension-score.txt	162		Governance & Promoter Behaviour1513Stable, unpledged promoter holding → 6/6; clean audit, modest related-party dealings → 4/5; on-time filings, minimum board independence → 3/4	6/6		fraction	auto-extracted; assign qkey + status in triage (03)
CAND-1997	UNREVIEWED	ch-64-seven-dimension-score.txt	163		Liquidity & Tradability108ADV NPR 3.2m → 3/5 (NPR 1–5m band); free float 49% → 5/5	49%		percent|fraction|amount	auto-extracted; assign qkey + status in triage (03)
CAND-1998	UNREVIEWED	ch-64-seven-dimension-score.txt	164		Valuation Reasonableness1511P/E at 0.85x sector median → 6/8 (in-line band); P/B at 0.86x sector median → 5/7 (in-line band)	6/8		fraction	auto-extracted; assign qkey + status in triage (03)
CAND-1999	UNREVIEWED	ch-64-seven-dimension-score.txt	165		Sector & Business Model Durability1512Regulated banking moat → 8/8; 30% loan-book concentration in one segment → 4/7	30%		percent|fraction	auto-extracted; assign qkey + status in triage (03)
CAND-2000	UNREVIEWED	ch-64-seven-dimension-score.txt	166		Growth Trajectory1513Loan book CAGR 11% → 6/8 (8–15% band); EPS positive 4 of 5 years → 7/7	11%		percent|fraction|score_band	auto-extracted; assign qkey + status in triage (03)
CAND-2001	UNREVIEWED	ch-64-seven-dimension-score.txt	167		Dividend & Capital Return Discipline1010Paid every year, sensible payout ratio → 6/6; funded from genuine profit → 4/4	6/6		fraction	auto-extracted; assign qkey + status in triage (03)
CAND-2002	UNREVIEWED	ch-64-seven-dimension-score.txt	168		Canon Quality Score10083Band: Strong (70–84)	70–84		score_band	auto-extracted; assign qkey + status in triage (03)
CAND-2003	UNREVIEWED	ch-64-seven-dimension-score.txt	172		The Canon Quality Score adds seven independently scored dimensions into a single 0–100 figure, in exact parallel to a school report card combining seven subject grades into one GPA: Financial Strength & Profitability (20 points), Governance & Promoter Behaviour (15 points), Liquidity & Tradability (10 points), Valuation Reasonableness (15 points), Sector & Business Model Durability (15 points), Gr	0–100		score_band	auto-extracted; assign qkey + status in triage (03)
CAND-2004	UNREVIEWED	ch-64-seven-dimension-score.txt	173		Each dimension was given specific, Nepal-calibrated point bands rather than imported rules of thumb — ROE bands built around the real spread of Nepali bank returns (roughly 8% system average, with top performers above 15%), CAR bands anchored to NRB's 11% regulatory minimum, and valuation bands measured relative to sector and historical medians rather than fixed multiples, since NEPSE's overall P/	8%		percent|nepse	auto-extracted; assign qkey + status in triage (03)
CAND-2005	UNREVIEWED	ch-65-sector-subscore-adjustments.txt	11		Chapter 64 gave you one master pattern: seven dimensions, a 0-to-100 scale, and a common language for grading any company on NEPSE.			nepse	auto-extracted; assign qkey + status in triage (03)
CAND-2006	UNREVIEWED	ch-65-sector-subscore-adjustments.txt	31		NRB requires Nepali commercial banks to maintain a minimum total capital fund of around 11% of risk-weighted assets under the Basel III framework it has adopted, with a minimum core capital (Tier 1, the highest-quality capital) requirement of roughly 6%, plus an additional buffer that NRB can require in good times to be drawn down in stress.	11%		percent	auto-extracted; assign qkey + status in triage (03)
CAND-2007	UNREVIEWED	ch-65-sector-subscore-adjustments.txt	32		Nepal's banking sector NPL ratio has been rising in recent years and has been reported around the mid-5% range across commercial banks in 2025, though individual banks range far more widely, with some reporting NPL ratios above 10% and even above 15%.	5%		percent	auto-extracted; assign qkey + status in triage (03)
CAND-2008	UNREVIEWED	ch-65-sector-subscore-adjustments.txt	44		Is the debt-to-equity ratio of the project in line with what was originally financed (commonly financed with a large share of debt, often 70-80% of project cost, and the remainder equity), or has additional debt been layered on to cover overruns?	80%		percent|score_band	auto-extracted; assign qkey + status in triage (03)
CAND-2009	UNREVIEWED	ch-65-sector-subscore-adjustments.txt	48		The Liquidity & Tradability dimension for hydropower connects directly back to Chapter 58's discussion of circuit traps — the daily price-movement limit NEPSE imposes on individual stocks.			nepse	auto-extracted; assign qkey + status in triage (03)
CAND-2010	UNREVIEWED	ch-65-sector-subscore-adjustments.txt	54		Nepal Rastra Bank has pushed the sector toward credit information sharing specifically to curb this problem, and NRB introduced a mandated base-rate-linked interest rate ceiling for microfinance lending (capping the effective lending rate, reported around 15% under the framework introduced in 2025) partly in response to concerns about aggressive rural lending practices.	15%		percent	auto-extracted; assign qkey + status in triage (03)
CAND-2011	UNREVIEWED	ch-65-sector-subscore-adjustments.txt	65		The Nepal Insurance Authority introduced a Risk-Based Capital and Solvency Directive in 2024/2025 that requires insurers to maintain solvency ratios above a defined regulatory minimum, replacing the older, simpler capital-based rules.	2024/2025		fraction	auto-extracted; assign qkey + status in triage (03)
CAND-2012	UNREVIEWED	ch-65-sector-subscore-adjustments.txt	65		The Nepal Insurance Authority also raised minimum paid-up capital requirements sharply in recent years — to roughly NPR 5 arba (5,000 million) for life insurers and NPR 2.5 arba (2,500 million) for non-life insurers — and an insurer that took years past the original deadline to meet that threshold, or needed repeated deadline extensions, is worth noting under Governance.	NPR 5		amount	auto-extracted; assign qkey + status in triage (03)
CAND-2013	UNREVIEWED	ch-65-sector-subscore-adjustments.txt	67		The Nepal Insurance Authority's Risk-Based Capital and Solvency Directive (approved 2081/2082 in the Bikram Sambat calendar, corresponding to late 2024 into 2025) moved Nepal's insurance sector toward the kind of risk-weighted capital framework banks have used for years.	2081/2082		fraction	auto-extracted; assign qkey + status in triage (03)
CAND-2014	UNREVIEWED	ch-65-sector-subscore-adjustments.txt	76		"A ""Financial Strength: 14/20"" for a pre-COD hydropower company and a ""Financial Strength: 14/20"" for a commercial bank are not telling you the same thing about the same kind of risk — one is measuring construction discipline, the other is measuring capital adequacy and loan quality."	14/20		fraction	auto-extracted; assign qkey + status in triage (03)
CAND-2015	UNREVIEWED	ch-65-sector-subscore-adjustments.txt	81		58)Moderate — thin free float plus wholesale funding sensitivityLight — standard NEPSE liquidity mostly applies			nepse	auto-extracted; assign qkey + status in triage (03)
CAND-2016	UNREVIEWED	ch-65-sector-subscore-adjustments.txt	88		Commercial banksMinimum total Capital Adequacy Ratio (CAR)Around 11% of risk-weighted assets, Basel III framework	11%		percent	auto-extracted; assign qkey + status in triage (03)
CAND-2017	UNREVIEWED	ch-65-sector-subscore-adjustments.txt	89		Commercial banksMinimum core (Tier 1) capitalAround 6% of risk-weighted assets	6%		percent	auto-extracted; assign qkey + status in triage (03)
CAND-2018	UNREVIEWED	ch-65-sector-subscore-adjustments.txt	90		Commercial banksSector-average NPL ratio (2025)Roughly mid-5% range, with wide variation by bank	5%		percent	auto-extracted; assign qkey + status in triage (03)
CAND-2019	UNREVIEWED	ch-65-sector-subscore-adjustments.txt	91		MicrofinanceNRB lending rate ceiling (base-rate linked, 2025 framework)Around 15% effective lending rate	15%		percent	auto-extracted; assign qkey + status in triage (03)
CAND-2020	UNREVIEWED	ch-65-sector-subscore-adjustments.txt	92		Non-life insurersMinimum paid-up capitalAround NPR 2.5 arba (2,500 million)	NPR 2.5		amount	auto-extracted; assign qkey + status in triage (03)
CAND-2021	UNREVIEWED	ch-65-sector-subscore-adjustments.txt	93		Life insurersMinimum paid-up capitalAround NPR 5 arba (5,000 million)	NPR 5		amount	auto-extracted; assign qkey + status in triage (03)
CAND-2022	UNREVIEWED	ch-65-sector-subscore-adjustments.txt	95		Hydropower (generic)Typical construction-phase debt share of project costRoughly 70-80% debt, 20-30% equity	80%		percent|score_band	auto-extracted; assign qkey + status in triage (03)
CAND-2023	UNREVIEWED	ch-65-sector-subscore-adjustments.txt	98		NEPSE itself is not static — new sectors get added to the exchange, existing sectors get restructured by regulation (as happened with the microfinance rate cap in 2025 and the insurance risk-based capital directive around the same time), and companies sometimes straddle two sectors (a hydropower company that also holds a manufacturing subsidiary, for instance, or a finance company that also runs a			nepse	auto-extracted; assign qkey + status in triage (03)
CAND-2024	UNREVIEWED	ch-65-sector-subscore-adjustments.txt	100		This chapter took the generic seven-dimension Canon Score built in Chapter 64 and showed why it cannot be applied identically across every NEPSE sector — using Hari Kaji the tailor's single shirt pattern, cut differently for a farmer and a bank manager, as the guiding image.			nepse	auto-extracted; assign qkey + status in triage (03)
CAND-2025	UNREVIEWED	ch-65-sector-subscore-adjustments.txt	104		"Once Part XIII closes with that chapter, Part XIV, ""Strategies, Playbooks & Decision Frameworks,"" opens with Chapter 67, ""Long-Term Value Investing on NEPSE,"" beginning a new stretch of the Canon focused on assembling everything learned so far into complete, repeatable investment strategies."			nepse	auto-extracted; assign qkey + status in triage (03)
CAND-2026	UNREVIEWED	ch-65-sector-subscore-adjustments.txt	105		← The Seven-Dimension Company Quality Score (0–100)	0–100		score_band	auto-extracted; assign qkey + status in triage (03)
CAND-2027	UNREVIEWED	ch-66-using-canon-score-portfolio.txt	16		"A ""watch list minimum"" and a ""buy list minimum."" A reasonable starting point, calibrated to the 0-100 rubric from Chapter 64:"	0-100		score_band	auto-extracted; assign qkey + status in triage (03)
CAND-2028	UNREVIEWED	ch-66-using-canon-score-portfolio.txt	34		Here is a worked sizing table you can adapt directly, assuming — consistent with the concentration framework from Chapter 60 — a single-stock ceiling of roughly 8 percent of the equity sleeve and a single-sector ceiling of roughly 25 to 30 percent:	8 percent		percent	auto-extracted; assign qkey + status in triage (03)
CAND-2029	UNREVIEWED	ch-66-using-canon-score-portfolio.txt	36		85–100Core Holding6% – 8% (up to the Chapter 60 single-stock ceiling)Full position may be built over 2–3 tranches; eligible for the largest weight you allow any single name.	6%		percent|score_band	auto-extracted; assign qkey + status in triage (03)
CAND-2030	UNREVIEWED	ch-66-using-canon-score-portfolio.txt	37		70–84Standard Buy List4% – 6%Build in tranches per Chapter 60 entry discipline; do not front-load the full position in one purchase.	4%		percent	auto-extracted; assign qkey + status in triage (03)
CAND-2031	UNREVIEWED	ch-66-using-canon-score-portfolio.txt	38		60–69Conditional / Satellite1.5% – 3%Treat as a satellite position with a specific, time-bound thesis — not a core, permanent holding.	1.5%		percent	auto-extracted; assign qkey + status in triage (03)
CAND-2032	UNREVIEWED	ch-66-using-canon-score-portfolio.txt	39		45–59Watch List0% new capital.	0%		percent	auto-extracted; assign qkey + status in triage (03)
CAND-2033	UNREVIEWED	ch-66-using-canon-score-portfolio.txt	39		Existing holders cap total exposure at 1% – 2% while reviewing.No fresh purchases.	1%		percent	auto-extracted; assign qkey + status in triage (03)
CAND-2034	UNREVIEWED	ch-66-using-canon-score-portfolio.txt	40		Below 45Avoid / Exit Candidate0%New capital excluded entirely.	0%		percent	auto-extracted; assign qkey + status in triage (03)
CAND-2035	UNREVIEWED	ch-66-using-canon-score-portfolio.txt	42		A company scoring 92 does not automatically deserve the full 8 percent weight on day one.	8 percent		percent	auto-extracted; assign qkey + status in triage (03)
CAND-2036	UNREVIEWED	ch-66-using-canon-score-portfolio.txt	43		Suppose your banking-sector exposure is already at 24 percent of the equity sleeve against a 25 percent sector ceiling, and a fifth bank clears the screen with a score of 88.	24 percent		percent	auto-extracted; assign qkey + status in triage (03)
CAND-2037	UNREVIEWED	ch-66-using-canon-score-portfolio.txt	43		The individual-stock sizing table says you could add up to 8 percent.	8 percent		percent	auto-extracted; assign qkey + status in triage (03)
CAND-2038	UNREVIEWED	ch-66-using-canon-score-portfolio.txt	43		The sector ceiling says you have only 1 percent of room left.	1 percent		percent	auto-extracted; assign qkey + status in triage (03)
CAND-2039	UNREVIEWED	ch-66-using-canon-score-portfolio.txt	48		A mechanical reading of the sizing table would size both identically at roughly 4–5% of the equity sleeve.	5%		percent|score_band	auto-extracted; assign qkey + status in triage (03)
CAND-2040	UNREVIEWED	ch-66-using-canon-score-portfolio.txt	60		A fictional composite worth studying: Himal Bikas Bittiya Sanstha, a mid-sized development bank, scored 71 at the start of a fiscal year — comfortably in the Standard Buy List band, sized at 5% of an illustrative equity sleeve.	5%		percent	auto-extracted; assign qkey + status in triage (03)
CAND-2041	UNREVIEWED	ch-66-using-canon-score-portfolio.txt	93		Sabina, a Kathmandu-based investor, runs an equity sleeve of roughly NPR 15 lakh, built under the Chapter 60 framework with an 8 percent single-stock ceiling and a 28 percent single-sector ceiling.	8 percent		percent|amount	auto-extracted; assign qkey + status in triage (03)
CAND-2042	UNREVIEWED	ch-66-using-canon-score-portfolio.txt	96		Himal Sanjal Hydropower Ltd.Hydropower82Core Holding7%Hold; near ceiling, no further buying	7%		percent	auto-extracted; assign qkey + status in triage (03)
CAND-2043	UNREVIEWED	ch-66-using-canon-score-portfolio.txt	97		Everest Trust Bank Ltd.Banking71Standard Buy List5%Hold; room to add on dips	5%		percent	auto-extracted; assign qkey + status in triage (03)
CAND-2044	UNREVIEWED	ch-66-using-canon-score-portfolio.txt	98		Annapurna General Insurance Ltd.Insurance66Conditional / Satellite2.5%Hold; time-bound thesis, reassess next quarter	2.5%		percent	auto-extracted; assign qkey + status in triage (03)
CAND-2045	UNREVIEWED	ch-66-using-canon-score-portfolio.txt	99		Sagarmatha Laghubitta Ltd.Microfinance58Watch List candidate0% (not yet held)No purchase; tracking only	0%		percent	auto-extracted; assign qkey + status in triage (03)
CAND-2046	UNREVIEWED	ch-66-using-canon-score-portfolio.txt	100		Following Chapter 61's review discipline, she trims the position from 5 percent down to 2 percent over the following month, in line with the Watch List sizing guidance from Lesson 66.2, rather than exiting all at once or holding the full position hoping for a recovery.	5 percent		percent	auto-extracted; assign qkey + status in triage (03)
CAND-2047	UNREVIEWED	ch-66-using-canon-score-portfolio.txt	101		Sabina opens a small 1.5 percent starter position, sized toward the bottom of its band per the sizing table, consistent with a single quarter of improvement rather than a long track record.	1.5 percent		percent	auto-extracted; assign qkey + status in triage (03)
CAND-2048	UNREVIEWED	ch-66-using-canon-score-portfolio.txt	105		Lesson 66.1 established the score's first and most basic job: screening, using thresholds (roughly 45, 60, and 65 on the 0-100 scale) to decide which candidates deserve real research time and which do not, while warning that a passed screen is an invitation to study a company, not a signal to buy it at any price.	0-100		score_band	auto-extracted; assign qkey + status in triage (03)
CAND-2049	UNREVIEWED	ch-66-using-canon-score-portfolio.txt	108		Chapter 65 adjusted that instrument for the sectors that dominate NEPSE.			nepse	auto-extracted; assign qkey + status in triage (03)
CAND-2050	UNREVIEWED	ch-66-using-canon-score-portfolio.txt	109		"Part XIV, STRATEGIES, PLAYBOOKS & DECISION FRAMEWORKS, opens with Chapter 67, ""Long-Term Value Investing on NEPSE"" — the first in a long sequence of concrete strategy and sector playbooks that will occupy the chapters ahead, including a dedicated dividend income strategy, playbooks for IPO allotment, rights issues, and sector rotation, a chapter on building your own research and tracking systems, "			nepse	auto-extracted; assign qkey + status in triage (03)
CAND-2051	UNREVIEWED	ch-67-long-term-value-investing.txt	10		Suresh opened a TMS trading account in 2020, during the pandemic-era boom, when the NEPSE index climbed from under 1200 points to above 3200 points in a little over a year.			nepse	auto-extracted; assign qkey + status in triage (03)
CAND-2052	UNREVIEWED	ch-67-long-term-value-investing.txt	22		NEPSE's history shows dramatic multi-year cycles: a run-up in the mid-2000s that then gave back most of its gains over the following several years, another boom around 2016 that reversed sharply within a year, and a pandemic-era surge that carried the index from roughly 1200 to above 3200 points before falling by more than half over the following year.			nepse	auto-extracted; assign qkey + status in triage (03)
CAND-2053	UNREVIEWED	ch-67-long-term-value-investing.txt	24		During NEPSE's 2021–2022 correction, the index fell more than 50 percent from its peak within about a year.	50 percent		percent|nepse	auto-extracted; assign qkey + status in triage (03)
CAND-2054	UNREVIEWED	ch-67-long-term-value-investing.txt	36		High (70+)Below estimated value (20%+ discount)Quality business, mispriced by sentiment or neglectStrong candidate for the value watchlist; build a position	20%		percent	auto-extracted; assign qkey + status in triage (03)
CAND-2055	UNREVIEWED	ch-67-long-term-value-investing.txt	38		Moderate (50–69)Below estimated valueDecent business, possibly cheap for a real reasonInvestigate further before acting; re-check governance and sector dimensions	50–69		score_band	auto-extracted; assign qkey + status in triage (03)
CAND-2056	UNREVIEWED	ch-67-long-term-value-investing.txt	43		A simple two-filter screen for a value watchlist candidate: (1) Canon Score of 65 or above, sector-adjusted per Part XIII; and (2) current market price at least 20 percent below your estimated intrinsic value per share from Part IX methods.	20 percent		percent	auto-extracted; assign qkey + status in triage (03)
CAND-2057	UNREVIEWED	ch-67-long-term-value-investing.txt	49		On mature, heavily researched markets, a value investor following the classic Benjamin Graham tradition might look for a price roughly 25 to 33 percent below estimated intrinsic value before buying.	33 percent		percent	auto-extracted; assign qkey + status in triage (03)
CAND-2058	UNREVIEWED	ch-67-long-term-value-investing.txt	49		On NEPSE, this book recommends a wider margin — generally in the range of 35 to 50 percent below your estimated intrinsic value — for several reasons specific to the Nepali market.	50 percent		percent|nepse	auto-extracted; assign qkey + status in triage (03)
CAND-2059	UNREVIEWED	ch-67-long-term-value-investing.txt	57		Estimated intrinsic value per share (Part IX methods)NPR 420	NPR 420		amount	auto-extracted; assign qkey + status in triage (03)
CAND-2060	UNREVIEWED	ch-67-long-term-value-investing.txt	58		Current market priceNPR 260	NPR 260		amount	auto-extracted; assign qkey + status in triage (03)
CAND-2061	UNREVIEWED	ch-67-long-term-value-investing.txt	59		Discount to intrinsic value38%	38%		percent	auto-extracted; assign qkey + status in triage (03)
CAND-2062	UNREVIEWED	ch-67-long-term-value-investing.txt	60		Minimum required margin of safety (this book's NEPSE guideline)35%	35%		percent|nepse	auto-extracted; assign qkey + status in triage (03)
CAND-2063	UNREVIEWED	ch-67-long-term-value-investing.txt	62		A stock priced at a 40 percent discount to a poorly-estimated intrinsic value, for a company with weak governance, is not a bargain — it is a trap dressed up in a spreadsheet.	40 percent		percent	auto-extracted; assign qkey + status in triage (03)
CAND-2064	UNREVIEWED	ch-67-long-term-value-investing.txt	67		A bank you bought at a 38 percent discount to intrinsic value might stay undervalued for six months, or eighteen months, or occasionally even longer, before sentiment shifts and the price moves toward fair value.	38 percent		percent	auto-extracted; assign qkey + status in triage (03)
CAND-2065	UNREVIEWED	ch-67-long-term-value-investing.txt	70		Rates have been revised by the government from time to time, including a revision during the Fiscal Year 2083/84 budget.	2083/84		fraction	auto-extracted; assign qkey + status in triage (03)
CAND-2066	UNREVIEWED	ch-67-long-term-value-investing.txt	72		ScenarioHolding PeriodTax TreatmentIllustrative Effect on a NPR 100,000 Gain	NPR 100,000		amount	auto-extracted; assign qkey + status in triage (03)
CAND-2067	UNREVIEWED	ch-67-long-term-value-investing.txt	76		Patience discipline needs rules to survive real market drawdowns, because good intentions alone rarely hold up when a portfolio is down 20 percent and every Viber group is predicting further falls.	20 percent		percent	auto-extracted; assign qkey + status in triage (03)
CAND-2068	UNREVIEWED	ch-67-long-term-value-investing.txt	85		Sagarmatha Development Bank*Banking76NPR 410NPR 27034% discountApproaching buy zone	27034%		percent|amount	auto-extracted; assign qkey + status in triage (03)
CAND-2069	UNREVIEWED	ch-67-long-term-value-investing.txt	86		Himalaya Hydro Power*Hydropower71NPR 340NPR 3554% premiumWatch, not yet cheap enough	3554%		percent|amount	auto-extracted; assign qkey + status in triage (03)
CAND-2070	UNREVIEWED	ch-67-long-term-value-investing.txt	87		Purbanchal Laghubitta*Microfinance68NPR 610NPR 5903% discountClose, monitor next quarter	5903%		percent|amount	auto-extracted; assign qkey + status in triage (03)
CAND-2071	UNREVIEWED	ch-67-long-term-value-investing.txt	88		Everest Beema*Insurance82NPR 950NPR 64033% discountMeets buy criteria	64033%		percent|amount	auto-extracted; assign qkey + status in triage (03)
CAND-2072	UNREVIEWED	ch-67-long-term-value-investing.txt	107		Both methods converge on a range, and you take the more conservative end: an estimated intrinsic value of roughly NPR 410 per share.	NPR 410		amount	auto-extracted; assign qkey + status in triage (03)
CAND-2073	UNREVIEWED	ch-67-long-term-value-investing.txt	108		The current market price is NPR 265 per share.	NPR 265		amount	auto-extracted; assign qkey + status in triage (03)
CAND-2074	UNREVIEWED	ch-67-long-term-value-investing.txt	108		The discount to your conservative intrinsic value estimate works out to roughly 35 percent — right at this book's minimum recommended margin of safety for NEPSE.	35 percent		percent|nepse	auto-extracted; assign qkey + status in triage (03)
CAND-2075	UNREVIEWED	ch-67-long-term-value-investing.txt	109		Following the position sizing framework from Chapter 66, and given the bank's moderate (not top-tier) liquidity score, you decide on an initial position of around 4 percent of your total equity portfolio, with a plan to add a further 2 to 3 percent if the price falls further while the Canon Score holds steady or improves — buying more of a good business when it gets even cheaper, rather than only 	4 percent		percent	auto-extracted; assign qkey + status in triage (03)
CAND-2076	UNREVIEWED	ch-67-long-term-value-investing.txt	110		Banking sector share prices, including Himal Bikas Bank, fall a further 8 percent in two weeks on the rumour alone, before any directive is actually issued.	8 percent		percent	auto-extracted; assign qkey + status in triage (03)
CAND-2077	UNREVIEWED	ch-67-long-term-value-investing.txt	111		Over the following fourteen months, as sector sentiment recovers and the bank's next AGM confirms a healthy dividend, the share price rises to NPR 375 — narrowing the gap to your intrinsic value estimate from 35 percent to roughly 9 percent.	35 percent		percent|amount	auto-extracted; assign qkey + status in triage (03)
CAND-2078	UNREVIEWED	ch-67-long-term-value-investing.txt	115		NEPSE is unusually well suited to this approach because it is not a fully efficient market: thin analyst coverage leaves many solid companies unresearched, retail investors dominate trading volume and often act on sentiment rather than fundamentals as Chapter 50 described, and boom-bust liquidity cycles tied to remittance flows and NRB policy create large, sentiment-driven price swings that regula			nepse	auto-extracted; assign qkey + status in triage (03)
CAND-2079	UNREVIEWED	ch-67-long-term-value-investing.txt	117		Because valuation estimates are always somewhat uncertain, and because NEPSE carries extra risks from illiquidity, sudden regulatory shifts from NRB, and price bands that can extend rather than shorten periods of mispricing, this book recommends a wider margin of safety on NEPSE than in more mature markets — generally 35 to 50 percent below your conservative intrinsic value estimate, rather than t	50 percent		percent|nepse	auto-extracted; assign qkey + status in triage (03)
CAND-2080	UNREVIEWED	ch-67-long-term-value-investing.txt	120		Chapter 68, Dividend Income Strategy, turns from patient capital appreciation toward a related but distinct goal: building a portfolio around NEPSE companies that pay steady, reliable dividends, for investors who want their shares to generate regular income rather than simply grow in value over the years.			nepse	auto-extracted; assign qkey + status in triage (03)
CAND-2081	UNREVIEWED	ch-68-dividend-income-strategy.txt	19		A company's board proposes a dividend of, say, 20 percent, and the notice specifies how much of that is cash dividend and how much is bonus share, both expressed as a percentage of paid-up capital rather than as a percentage of the prevailing market price.	20 percent		percent	auto-extracted; assign qkey + status in triage (03)
CAND-2082	UNREVIEWED	ch-68-dividend-income-strategy.txt	20		A cash dividend is exactly what it sounds like: a cash payment credited to the shareholder's bank account, calculated as a percentage of the face value of the share, which in Nepal is almost universally Rs 100 per share regardless of the market price.	Rs 100		amount	auto-extracted; assign qkey + status in triage (03)
CAND-2083	UNREVIEWED	ch-68-dividend-income-strategy.txt	20		If a bank with a face value of Rs 100 declares a 10 percent cash dividend, a shareholder holding 100 shares receives Rs 1,000 before tax.	10 percent		percent|amount	auto-extracted; assign qkey + status in triage (03)
CAND-2084	UNREVIEWED	ch-68-dividend-income-strategy.txt	20		If the same bank declares a 10 percent bonus alongside the cash dividend, that shareholder with 100 shares receives 10 additional shares, taking the holding to 110 shares.	10 percent		percent	auto-extracted; assign qkey + status in triage (03)
CAND-2085	UNREVIEWED	ch-68-dividend-income-strategy.txt	21		A share trading at Rs 550 before a 10 percent bonus will typically see its adjusted base price fall to somewhere near Rs 500 (550 divided by 1.10) once the additional shares are reflected, before the market then re-prices it based on fresh information and sentiment.	10 percent		percent|amount	auto-extracted; assign qkey + status in triage (03)
CAND-2086	UNREVIEWED	ch-68-dividend-income-strategy.txt	21		An investor who receives 10 bonus shares and sees the price of each of their 110 shares fall by roughly 9 percent has not been given something for nothing; they have simply had their existing ownership stake divided into more, individually cheaper pieces, similar in principle to a stock split.	9 percent		percent	auto-extracted; assign qkey + status in triage (03)
CAND-2087	UNREVIEWED	ch-68-dividend-income-strategy.txt	24		Cash dividends paid by resident companies to individual shareholders in Nepal are subject to a withholding tax, standardly applied at 5 percent, which the distributing company deducts and remits to the Inland Revenue Department at source.	5 percent		percent	auto-extracted; assign qkey + status in triage (03)
CAND-2088	UNREVIEWED	ch-68-dividend-income-strategy.txt	24		In practice, this makes cash dividend income one of the more tax-efficient sources of investment income available to an individual in Nepal, since it is taxed at a flat 5 percent regardless of whether the recipient would otherwise sit in a higher income tax bracket.	5 percent		percent	auto-extracted; assign qkey + status in triage (03)
CAND-2089	UNREVIEWED	ch-68-dividend-income-strategy.txt	25		Nepal currently applies a capital gains tax regime for individual investors on listed shares that distinguishes holding period — a lower rate, around 5 percent, applies to gains on shares held longer than 365 days, described as long-term holdings, while a higher rate, around 7.5 percent, applies to gains realised on shares held for 365 days or less, described as short-term holdings.	5 percent		percent	auto-extracted; assign qkey + status in triage (03)
CAND-2090	UNREVIEWED	ch-68-dividend-income-strategy.txt	27		As of the tax framework prevailing through fiscal year 2082/83, cash dividends to resident individual shareholders carry a 5 percent withholding tax treated as final tax, requiring no further declaration.	5 percent		percent|fraction	auto-extracted; assign qkey + status in triage (03)
CAND-2091	UNREVIEWED	ch-68-dividend-income-strategy.txt	27		Bonus shares are not taxed at the point of allotment; instead, tax arises only when those shares are eventually sold, as a capital gain — taxed at roughly 5 percent for shares held over 365 days and roughly 7.5 percent for shares held 365 days or less.	5 percent		percent	auto-extracted; assign qkey + status in triage (03)
CAND-2092	UNREVIEWED	ch-68-dividend-income-strategy.txt	33		It cross-checks core capital ratio, total capital fund ratio, regulatory reserve allocations (including capitalised interest during grace periods), Capital Redemption Reserve Fund contributions against outstanding debentures, and — since 2025 — limits on a bank's own cross-holding in other BFIs' promoter shares (capped near 15 percent of paid-up capital) and in non-BFI promoter shares (capped near	15 percent		percent	auto-extracted; assign qkey + status in triage (03)
CAND-2093	UNREVIEWED	ch-68-dividend-income-strategy.txt	47		A payout ratio consistently above roughly 80 to 90 percent of distributable profit leaves very little margin for a bad year, an unexpected provisioning requirement, or a regulator-mandated reserve allocation, and should be treated as a caution flag rather than a reassurance, even if the resulting yield looks attractive.	90 percent		percent	auto-extracted; assign qkey + status in triage (03)
CAND-2094	UNREVIEWED	ch-68-dividend-income-strategy.txt	50		A five-point annual sustainability screen, applied before each AGM season: (1) Has the payout ratio against distributable profit stayed within a sustainable band, roughly 40 to 75 percent for banks and insurers, given the sector's capital retention needs?	75 percent		percent	auto-extracted; assign qkey + status in triage (03)
CAND-2095	UNREVIEWED	ch-68-dividend-income-strategy.txt	61		On the reinvestment question, the honest answer is that Nepal offers no automated equivalent of a Western dividend reinvestment plan, so every reinvestment decision is manual, and every manual decision carries brokerage commission and, for cash dividends, the 5 percent withholding already deducted at source before the investor ever sees the money.	5 percent		percent	auto-extracted; assign qkey + status in triage (03)
CAND-2096	UNREVIEWED	ch-68-dividend-income-strategy.txt	70		An investor who receives a 15 percent dividend but watches the underlying share price fall 25 percent over the same period has experienced a negative total return dressed up in a positive-sounding headline number, and if that investor is reporting only the dividend received rather than tracking total return, they can go on believing the position is working long after it has stopped.	15 percent		percent	auto-extracted; assign qkey + status in triage (03)
CAND-2097	UNREVIEWED	ch-68-dividend-income-strategy.txt	75		Lesson 68.1 established why this dependence is structural rather than a matter of preference, rooted in Nepal's thin pension coverage, shallow bond market, and NEPSE's own sectoral composition, which is dominated by banks, hydropower companies, insurers, and microfinance institutions that, for regulatory and business-model reasons, distribute meaningful shares of profit rather than retaining nearl			nepse	auto-extracted; assign qkey + status in triage (03)
CAND-2098	UNREVIEWED	ch-68-dividend-income-strategy.txt	76		"Lesson 68.2 drew out the critical, frequently blurred distinction between cash dividends and bonus shares — two instruments habitually announced together as a single ""dividend percentage"" but taxed completely differently, with cash dividends carrying a 5 percent final withholding tax and bonus shares deferring tax entirely until eventual sale as a capital gain at roughly 5 or 7.5 percent depending"	5 percent		percent	auto-extracted; assign qkey + status in triage (03)
CAND-2099	UNREVIEWED	ch-68-dividend-income-strategy.txt	78		Together these six lessons complete the income-oriented counterpart to Chapter 67's long-term value investing framework: where Chapter 67 asked whether a business is worth owning for what it will become, this chapter asked whether a business is worth owning for the cash it will reliably return along the way, and showed that on NEPSE those two questions, while related, are answered through genuinel			nepse	auto-extracted; assign qkey + status in triage (03)
CAND-2100	UNREVIEWED	ch-68-dividend-income-strategy.txt	79		"The book now turns from steady, income-generating ownership toward a different register of market activity in Chapter 69, ""IPO, Rights Issue & Sector Rotation Strategies,"" which examines the primary-market and tactical side of Nepali equity investing: how to evaluate new listings and initial public offerings before a trading history even exists to screen, how rights issues — the very capital-raisi"			nepse	auto-extracted; assign qkey + status in triage (03)
CAND-2101	UNREVIEWED	ch-69-ipo-rights-sector-rotation.txt	23		Every Nepali IPO prospectus, filed with SEBON and typically summarised in the financial dailies and portals that cover new issues, discloses the same core set of facts an investor should read before applying: the issue price, still overwhelmingly par value of Rs 100 per share for most operating companies, with premium pricing reserved for a smaller and growing category of issuers, typically hydrop	Rs 100		amount	auto-extracted; assign qkey + status in triage (03)
CAND-2102	UNREVIEWED	ch-69-ipo-rights-sector-rotation.txt	31		Nepal's version of this phenomenon is amplified by three structural features specific to this market: the overwhelming prevalence of par-value pricing, which for a company whose earnings and dividend capacity would reasonably support a market price several multiples above Rs 100 leaves an enormous built-in gap for the secondary market to close on day one; the daily circuit breaker system, which sp	Rs 100		amount	auto-extracted; assign qkey + status in triage (03)
CAND-2103	UNREVIEWED	ch-69-ipo-rights-sector-rotation.txt	43		Consider a company trading at Rs 400 per share in the secondary market, announcing a 1:2 rights issue at Rs 100 per share, a common par-value rights price for bank and finance company issuers.	Rs 400		amount	auto-extracted; assign qkey + status in triage (03)
CAND-2104	UNREVIEWED	ch-69-ipo-rights-sector-rotation.txt	43		Before the issue, a shareholder with 200 shares holds a position worth Rs 80,000 at market price.	Rs 80,000		amount	auto-extracted; assign qkey + status in triage (03)
CAND-2105	UNREVIEWED	ch-69-ipo-rights-sector-rotation.txt	43		If that shareholder subscribes fully, they pay in an additional Rs 10,000, one hundred new shares at Rs 100 each, and now hold 300 shares.	Rs 10,000,		amount	auto-extracted; assign qkey + status in triage (03)
CAND-2106	UNREVIEWED	ch-69-ipo-rights-sector-rotation.txt	43		The theoretical ex-rights price, the price at which the combined position should trade immediately after the rights are absorbed into the float, all else equal, is found by taking the total value going into the position, Rs 80,000 of old market value plus Rs 10,000 of new cash, and dividing by the new total share count of 300, giving a theoretical ex-rights price of roughly Rs 300 per share.	Rs 80,000		amount	auto-extracted; assign qkey + status in triage (03)
CAND-2107	UNREVIEWED	ch-69-ipo-rights-sector-rotation.txt	47		Market price per shareRs 400~Rs 300 (theoretical ex-rights)	Rs 300		amount	auto-extracted; assign qkey + status in triage (03)
CAND-2108	UNREVIEWED	ch-69-ipo-rights-sector-rotation.txt	48		Total position valueRs 80,000~Rs 90,000	Rs 90,000		amount	auto-extracted; assign qkey + status in triage (03)
CAND-2109	UNREVIEWED	ch-69-ipo-rights-sector-rotation.txt	49		Additional cash the shareholder pays inRs 0Rs 10,000	Rs 10,000		amount	auto-extracted; assign qkey + status in triage (03)
CAND-2110	UNREVIEWED	ch-69-ipo-rights-sector-rotation.txt	50		The shareholder's total position value rises from Rs 80,000 to roughly Rs 90,000, but only because Rs 10,000 of fresh cash went in alongside it; on a per-share basis, value has been diluted and reconstituted at a lower price with more shares outstanding.	Rs 80,000		amount	auto-extracted; assign qkey + status in triage (03)
CAND-2111	UNREVIEWED	ch-69-ipo-rights-sector-rotation.txt	50		This is precisely the arithmetic a shareholder who chooses to let the rights lapse needs to reckon with from the other side: doing nothing means the 200 original shares alone will, once the ex-rights price takes hold in the market, be worth roughly Rs 60,000 rather than Rs 80,000, a straightforward loss of value transferred to whoever does subscribe, which in Nepal's traditional non-renounceable s	Rs 60,000		amount	auto-extracted; assign qkey + status in triage (03)
CAND-2112	UNREVIEWED	ch-69-ipo-rights-sector-rotation.txt	55		The most consequential of these came via the monetary policy announced in the mid-2010s, which raised the minimum paid-up capital for commercial banks fourfold, from Rs 2 billion to Rs 8 billion, with a compliance deadline set roughly two years out.	Rs 2		amount	auto-extracted; assign qkey + status in triage (03)
CAND-2113	UNREVIEWED	ch-69-ipo-rights-sector-rotation.txt	57		Commercial bank (national license)Rs 2 billionRs 8 billion	Rs 2		amount	auto-extracted; assign qkey + status in triage (03)
CAND-2114	UNREVIEWED	ch-70-research-tracking-systems.txt	10		When a stock she owned dropped 8 percent in a week, she did not panic — she opened her file on that company, checked whether anything in the business itself had changed, and only then decided whether to act.	8 percent		percent	auto-extracted; assign qkey + status in triage (03)
CAND-2115	UNREVIEWED	ch-70-research-tracking-systems.txt	47		Your research file shows that over the last five AGMs, it paid cash dividends of roughly 8 to 12 percent alongside modest bonus shares most years, that its capital adequacy ratio has stayed comfortably above NRB's minimum requirement, and that its non-performing loan ratio ticked up slightly last year.	12 percent		percent	auto-extracted; assign qkey + status in triage (03)
CAND-2116	UNREVIEWED	ch-70-research-tracking-systems.txt	60		A price move of a defined size in either direction (for example, a stock moving more than 15 to 20 percent from your last review point) — a trigger to re-check the fundamentals, not an automatic instruction to sell.	20 percent		percent	auto-extracted; assign qkey + status in triage (03)
CAND-2117	UNREVIEWED	ch-70-research-tracking-systems.txt	81		If Aamod's bank stock from the opening of this chapter had gone up 40 percent, his memory would likely tell him he had been confident and well-researched.	40 percent		percent	auto-extracted; assign qkey + status in triage (03)
CAND-2118	UNREVIEWED	ch-70-research-tracking-systems.txt	81		If it had fallen 40 percent, his memory would likely tell him he had always had a bad feeling about it.	40 percent		percent	auto-extracted; assign qkey + status in triage (03)
CAND-2119	UNREVIEWED	ch-70-research-tracking-systems.txt	89		"An investor buying into a hydropower company ahead of the monsoon season — when river-fed plants generate more electricity and revenue typically rises — might write: ""Bought at NPR 310 because Q4 generation figures beat my expectation, PPA (power purchase agreement) terms with the utility are unchanged, and Canon Score rose to 74 this quarter mainly on improved cash flow."	NPR 310		amount	auto-extracted; assign qkey + status in triage (03)
CAND-2120	UNREVIEWED	ch-71-banking-sector-playbook.txt	21		This is arguably the single most Nepal-specific metric in this entire playbook, because NRB has, for over a decade, imposed a binding regulatory ceiling on it — historically 90 percent — that functions as a hard credit-growth speed limit across the entire banking system.	90 percent		percent	auto-extracted; assign qkey + status in triage (03)
CAND-2121	UNREVIEWED	ch-71-banking-sector-playbook.txt	24		Under NRB's Basel III–aligned Capital Adequacy Framework, commercial banks must maintain roughly 7 percent common equity Tier 1, 8.5 percent Tier 1, and a total capital ratio of approximately 12 to 13 percent of risk-weighted assets once the capital conservation buffer is included.	7 percent		percent	auto-extracted; assign qkey + status in triage (03)
CAND-2122	UNREVIEWED	ch-71-banking-sector-playbook.txt	24		Sector-wide CAR has recently run close to 13 percent — meaning many banks operate with only a thin cushion above the regulatory floor.	13 percent		percent	auto-extracted; assign qkey + status in triage (03)
CAND-2123	UNREVIEWED	ch-71-banking-sector-playbook.txt	25		As of the most recent Nepal Rastra Bank financial stability reporting, sector-wide NPLs had climbed to roughly 5.6 percent, with considerable dispersion across individual banks — some names running close to nine percent, others closer to five percent — which is exactly the kind of dispersion that makes this metric worth checking bank by bank rather than trusting a sector average.	5.6 percent		percent	auto-extracted; assign qkey + status in triage (03)
CAND-2124	UNREVIEWED	ch-71-banking-sector-playbook.txt	27		Nepali banking ROE ran comfortably in the high teens through parts of the last decade; more recently, margin compression, elevated provisioning against rising NPLs, and periodic rights issues that expand the equity base faster than earnings have compressed sector ROE into the single digits to low teens for a meaningful share of listed banks, even as a policy-easing cycle beginning in 2025/26 has s	2025/26		fraction	auto-extracted; assign qkey + status in triage (03)
CAND-2125	UNREVIEWED	ch-71-banking-sector-playbook.txt	29		Net Interest Margin (NIM)Net interest income ÷ average earning assetsTypically 3.0–4.5% for Nepali banksQuarterly P&L, interest income/expense schedules	4.5%		percent|score_band	auto-extracted; assign qkey + status in triage (03)
CAND-2126	UNREVIEWED	ch-71-banking-sector-playbook.txt	30		Credit-to-Deposit (CD) RatioLoans ÷ deposits (adjusted per NRB formula)Regulatory ceiling historically 90%Quarterly disclosure, NRB unified directive	90%		percent	auto-extracted; assign qkey + status in triage (03)
CAND-2127	UNREVIEWED	ch-71-banking-sector-playbook.txt	31		Capital Adequacy Ratio (CAR)Tier 1 + Tier 2 capital ÷ risk-weighted assetsMinimum ~12–13% total, incl.	13%		percent|score_band	auto-extracted; assign qkey + status in triage (03)
CAND-2128	UNREVIEWED	ch-71-banking-sector-playbook.txt	32		NPL Ratio / Provisioning CoverageNon-performing loans ÷ total loans; provisions ÷ NPLSector average ~5.6%; well-run banks well belowLoan classification schedule	5.6%		percent	auto-extracted; assign qkey + status in triage (03)
CAND-2129	UNREVIEWED	ch-71-banking-sector-playbook.txt	46		In the monetary policy for fiscal year 2025/26, NRB cut the policy rate from 5 percent to 4.5 percent, lowered the standing liquidity facility rate by half a percentage point to 6 percent, and reduced the standing deposit facility rate from 3 percent to 2.75 percent — an unmistakably accommodative stance intended to ease borrowing costs and support credit growth after a stretch of sluggish private	5 percent		percent|fraction	auto-extracted; assign qkey + status in triage (03)
CAND-2130	UNREVIEWED	ch-71-banking-sector-playbook.txt	47		Since NRB replaced its earlier core-capital-cum-deposit ratio framework with a straightforward CD ratio ceiling — set at 90 percent starting in fiscal year 2078/79 — the ratio has functioned as a hard cap on system-wide credit growth relative to deposit mobilization.	90 percent		percent|fraction	auto-extracted; assign qkey + status in triage (03)
CAND-2131	UNREVIEWED	ch-71-banking-sector-playbook.txt	47		When credit demand outpaces deposit growth, banks bump against the 90 percent ceiling, a scramble for deposits ensues (often through promotional fixed deposit rates), deposit costs rise faster than loan yields can be repriced, and NIM compresses even as loan books are frozen against growth.	90 percent		percent	auto-extracted; assign qkey + status in triage (03)
CAND-2132	UNREVIEWED	ch-71-banking-sector-playbook.txt	47		More recently, the 2025/26 monetary policy has signalled a gradual shift away from the blunt CD ratio ceiling toward internationally standard liquidity metrics — the liquidity coverage ratio and net stable funding ratio — though the 90 percent CD ceiling remains the figure most banks and analysts still quote and monitor in practice during this transition.	90 percent		percent|fraction	auto-extracted; assign qkey + status in triage (03)
CAND-2133	UNREVIEWED	ch-71-banking-sector-playbook.txt	49		NRB's credit-to-deposit ceiling has stood at 90 percent since fiscal year 2078/79 (2021/22), replacing the earlier core-capital-cum-deposit framework.	90 percent		percent|fraction	auto-extracted; assign qkey + status in triage (03)
CAND-2134	UNREVIEWED	ch-71-banking-sector-playbook.txt	49		The 2025/26 monetary policy signals a gradual transition toward Basel III-style liquidity coverage and net stable funding ratios, but the 90 percent CD figure remains the number banks report against today.	90 percent		percent|fraction	auto-extracted; assign qkey + status in triage (03)
CAND-2135	UNREVIEWED	ch-71-banking-sector-playbook.txt	50		The defining example remains NRB's 2015/16 monetary policy directive quadrupling the minimum paid-up capital for commercial banks from roughly two billion to eight billion rupees, with a multi-year window to comply.	2015/16		fraction	auto-extracted; assign qkey + status in triage (03)
CAND-2136	UNREVIEWED	ch-71-banking-sector-playbook.txt	50		That single directive triggered the largest consolidation wave in Nepali banking history, forcing dozens of banks and finance companies into mergers between 2016 and 2020 simply to meet the new capital floor, and it permanently reshaped the competitive landscape of the sector NEPSE investors trade today.			nepse	auto-extracted; assign qkey + status in triage (03)
CAND-2137	UNREVIEWED	ch-71-banking-sector-playbook.txt	50		More recent capital-side easing has moved in the opposite direction: the 2025/26 monetary policy allows banks to count certain regulatory reserves created from non-banking assets as supplementary capital for up to two years, and eases the path for banks to raise additional capital — including rights issues — with central bank approval, effectively giving capital-constrained banks a release valve r	2025/26		fraction	auto-extracted; assign qkey + status in triage (03)
CAND-2138	UNREVIEWED	ch-71-banking-sector-playbook.txt	52		The 2015/16 capital hike to Rs 8 billion minimum paid-up capital for commercial banks did not just force mergers — it reset ROE expectations across the entire sector, since banks issued large volumes of bonus shares and rights shares to meet the new floor, diluting per-share earnings even as absolute profit grew.	2015/16		fraction|amount	auto-extracted; assign qkey + status in triage (03)
CAND-2139	UNREVIEWED	ch-71-banking-sector-playbook.txt	56		Forced or regulatory-encouraged mergers, by contrast, are what happened en masse after the 2015/16 capital hike: banks and finance companies that could not independently raise fresh capital to meet the new Rs 8 billion floor had little choice but to merge with a stronger partner or exit the industry, and NRB actively encouraged this consolidation as a matter of financial stability policy rather th	2015/16		fraction|amount	auto-extracted; assign qkey + status in triage (03)
CAND-2140	UNREVIEWED	ch-71-banking-sector-playbook.txt	64		Consider two illustrative composites, Bank Alpha and Bank Beta, both mid-tier commercial banks reporting roughly 18 percent year-on-year loan growth and comparable ROE for the quarter Menuka was comparing them.	18 percent		percent	auto-extracted; assign qkey + status in triage (03)
CAND-2141	UNREVIEWED	ch-71-banking-sector-playbook.txt	64		Bank Alpha funded that growth mostly through low-cost current and savings deposits, kept its CD ratio well below the 90 percent ceiling with genuine headroom, held its NPL ratio below sector average with provisioning coverage comfortably above 100 percent of non-performing exposure, and kept its cost-to-income ratio in the mid-thirties.	90 percent		percent	auto-extracted; assign qkey + status in triage (03)
CAND-2142	UNREVIEWED	ch-71-banking-sector-playbook.txt	68		Second, do the same for the CD ratio against the 90 percent ceiling, checking headroom for future loan growth.	90 percent		percent	auto-extracted; assign qkey + status in triage (03)
CAND-2143	UNREVIEWED	ch-71-banking-sector-playbook.txt	71		The 2015/16 capital hike to Rs 8 billion and the resulting merger wave, and the more recent 2025/26 easing cycle combining rate cuts with capital relief, are two concrete illustrations of how directly Kathmandu's monetary policy calendar translates into bank earnings and, eventually, bank share prices.	2015/16		fraction|amount	auto-extracted; assign qkey + status in triage (03)
CAND-2144	UNREVIEWED	ch-72-hydropower-sector-playbook.txt	9		By the time the plant finally synchronized to the national grid, Anjali had held a non-dividend-paying, book-value-only stock for the better part of four years while bank fixed deposits paid her neighbours 9 percent annually.	9 percent		percent	auto-extracted; assign qkey + status in triage (03)
CAND-2145	UNREVIEWED	ch-72-hydropower-sector-playbook.txt	28		This distinction matters because Nepal's rivers are overwhelmingly monsoon-fed rather than glacier-fed in their seasonal amplitude, meaning roughly 80 percent of annual flow arrives in the four monsoon months of June through September, and dry-season flow in many rivers, particularly in the middle hills, can fall to a fraction of wet-season flow.	80 percent		percent	auto-extracted; assign qkey + status in triage (03)
CAND-2146	UNREVIEWED	ch-72-hydropower-sector-playbook.txt	37		An illustrative real example is instructive: a run-of-river project with a required commercial operation date in the late 2020s carries a wet-season tariff of roughly Rs 4.80 per kilowatt-hour and a dry-season tariff of roughly Rs 8.40 per kilowatt-hour, close to a 1-to-1.75 ratio between the two seasons.	Rs 4.80		amount	auto-extracted; assign qkey + status in triage (03)
CAND-2147	UNREVIEWED	ch-72-hydropower-sector-playbook.txt	37		Both figures escalate at a fixed 3 percent annually, but only for the first eight years from COD; from year nine through the remainder of the PPA's typically thirty-year tenure, the tariff is frozen in nominal terms.	3 percent		percent	auto-extracted; assign qkey + status in triage (03)
CAND-2148	UNREVIEWED	ch-72-hydropower-sector-playbook.txt	38		Table 72.2 shows this schedule in illustrative form for a standard run-of-river PPA of the kind that governs the majority of NEPSE-listed hydropower companies.			nepse	auto-extracted; assign qkey + status in triage (03)
CAND-2149	UNREVIEWED	ch-72-hydropower-sector-playbook.txt	40		Year 1Rs 4.80/kWhRs 8.40/kWh3% annual escalation begins	3%		percent|amount	auto-extracted; assign qkey + status in triage (03)
CAND-2150	UNREVIEWED	ch-72-hydropower-sector-playbook.txt	41		Years 2–8Rising ~3%/yearRising ~3%/yearEscalation continues	3%		percent	auto-extracted; assign qkey + status in triage (03)
CAND-2151	UNREVIEWED	ch-72-hydropower-sector-playbook.txt	50		The capacity royalty runs at approximately Rs 100 per kilowatt per year for the first fifteen years of operation and then jumps to approximately Rs 1,000 per kilowatt per year, a tenfold increase, from year sixteen through year thirty.	Rs 100		amount	auto-extracted; assign qkey + status in triage (03)
CAND-2152	UNREVIEWED	ch-72-hydropower-sector-playbook.txt	50		The energy royalty runs at approximately 2 percent of total revenue for the first fifteen years and then rises to approximately 10 percent of total revenue for years sixteen through thirty, a fivefold increase.	2 percent		percent	auto-extracted; assign qkey + status in triage (03)
CAND-2153	UNREVIEWED	ch-72-hydropower-sector-playbook.txt	51		A hydropower company enjoys a full, 100 percent income tax holiday for its first ten years of commercial operation, followed by a 50 percent rebate on the standard 20 percent corporate income tax rate for years eleven through fifteen, meaning an effective 10 percent tax rate during that window, before paying the full 20 percent rate from year sixteen onward.	100 percent		percent	auto-extracted; assign qkey + status in triage (03)
CAND-2154	UNREVIEWED	ch-72-hydropower-sector-playbook.txt	54		Years 1–100% (full holiday)2% of revenue~Rs 100/kW/year	100%		percent|amount|score_band	auto-extracted; assign qkey + status in triage (03)
CAND-2155	UNREVIEWED	ch-72-hydropower-sector-playbook.txt	55		Years 11–1510% (50% rebate on 20%)2% of revenue~Rs 100/kW/year	1510%		percent|amount	auto-extracted; assign qkey + status in triage (03)
CAND-2156	UNREVIEWED	ch-72-hydropower-sector-playbook.txt	56		Years 16–3020% (full rate)10% of revenue~Rs 1,000/kW/year	3020%		percent|amount	auto-extracted; assign qkey + status in triage (03)
CAND-2157	UNREVIEWED	ch-73-microfinance-sector-playbook.txt	21		Operating self-sufficiency, or OSS, measures whether an MFI's operating income covers its operating and financial costs without subsidy — an OSS above 100 percent means the institution earns enough from its lending operations to sustain itself commercially; below 100 percent, it is structurally dependent on grants, subsidized wholesale funds, or capital infusions to keep operating, a red flag for 	100 percent		percent|nepse	auto-extracted; assign qkey + status in triage (03)
CAND-2158	UNREVIEWED	ch-73-microfinance-sector-playbook.txt	24		PAR30Share of portfolio with any instalment 30+ days overdue; below 5 percent is comfortable, above 10 percent demands an explanation, above 15 percent signals a book under real stress	5 percent		percent	auto-extracted; assign qkey + status in triage (03)
CAND-2159	UNREVIEWED	ch-73-microfinance-sector-playbook.txt	26		Loan loss provision coverageProvisions held as a percentage of PAR90 or of non-performing loans; below 100 percent coverage of NPL means reported equity is overstating true net worth	100 percent		percent	auto-extracted; assign qkey + status in triage (03)
CAND-2160	UNREVIEWED	ch-73-microfinance-sector-playbook.txt	27		Operating self-sufficiency (OSS)Operating income over operating plus financial cost; sustainably above 110-115 percent is healthy, below 100 percent means structural dependency	115 percent		percent|score_band	auto-extracted; assign qkey + status in triage (03)
CAND-2161	UNREVIEWED	ch-73-microfinance-sector-playbook.txt	43		That recommendation became policy through the FY 2081/82 and FY 2082/83 monetary policy cycles: NRB's mid-term review formally shifted microfinance lending rates onto a base rate plus premium structure, similar in spirit to the base-rate framework long used for commercial bank lending rates, with new guidelines taking effect from the start of the Nepali fiscal year in Shrawan.	2081/82		fraction	auto-extracted; assign qkey + status in triage (03)
CAND-2162	UNREVIEWED	ch-73-microfinance-sector-playbook.txt	45		NRB's microfinance interest rate framework has moved through three distinct regimes: a spread cap of roughly seven percentage points over cost of funds (from 2016), an absolute lending rate ceiling of approximately fifteen percent layered on top of the spread cap, and — following NRB's 2023 internal review and the FY 2082/83 monetary policy — a base-rate-plus-premium framework that replaced the fl	2082/83		fraction	auto-extracted; assign qkey + status in triage (03)
CAND-2163	UNREVIEWED	ch-73-microfinance-sector-playbook.txt	73		Second, she checks the interest rate and margin picture against the current base-rate-plus-premium framework rather than against any older flat-cap assumption, confirming the company's disclosed net interest margin is consistent with what the current regulatory regime allows and sustainable given its funding cost structure — a hill-district operator with structurally higher branch operating costs 	100 percent		percent	auto-extracted; assign qkey + status in triage (03)
CAND-2164	UNREVIEWED	ch-73-microfinance-sector-playbook.txt	78		A microfinance stock that clears the first six steps and trades at a discount to sector peers on price to book is, in her experience, one of the more reliable value opportunities on NEPSE precisely because the sector's headline reputation — still coloured by the 2021-2022 stress episode — keeps many retail investors away from names that have since genuinely cleaned up their books and met the new c			nepse	auto-extracted; assign qkey + status in triage (03)
CAND-2165	UNREVIEWED	ch-73-microfinance-sector-playbook.txt	87		Chapter 74, The Insurance Sector Playbook, turns to a different but structurally related corner of Nepal's financial sector — the life and non-life insurance companies listed on NEPSE, where the analytical challenge shifts from credit risk and over-indebtedness to actuarial reserving, claims ratio discipline, investment portfolio management against policyholder liabilities, and a regulatory enviro			nepse	auto-extracted; assign qkey + status in triage (03)
CAND-2166	UNREVIEWED	ch-74-insurance-sector-playbook.txt	19		A combined ratio below 100 percent means the company is making an underwriting profit before investment income; above 100 percent means the company is losing money on the insurance business itself and depends entirely on investment income to stay profitable.	100 percent		percent	auto-extracted; assign qkey + status in triage (03)
CAND-2167	UNREVIEWED	ch-74-insurance-sector-playbook.txt	19		Nepali non-life insurers routinely disclose figures close to or occasionally over 100 percent, which is not automatically alarming — many mature non-life insurers globally run combined ratios in the high 90s to low 100s and still compound shareholder value because of investment income on the float — but a combined ratio that is deteriorating year over year, especially driven by the claims ratio ra	100 percent		percent	auto-extracted; assign qkey + status in triage (03)
CAND-2168	UNREVIEWED	ch-74-insurance-sector-playbook.txt	21		The Nepal Insurance Authority (NIA) requires every insurer, life and non-life, to maintain available solvency capital at a multiple of its required solvency margin — historically set around 1.5 times under the older Solvency Margin Directives (2070 for life insurers and 2071 for general insurers), with the NIA subsequently moving the framework onto a more risk-sensitive footing through the Risk-Ba	2078/2081		fraction	auto-extracted; assign qkey + status in triage (03)
CAND-2169	UNREVIEWED	ch-74-insurance-sector-playbook.txt	36		The Risk-Based Capital and Solvency Directive, first brought into force in 2078/2081 and updated again in 2082, requires insurers to hold capital calibrated against the specific risks on their books — underwriting risk, market and investment risk, credit risk, operational risk — rather than a single uniform multiplier applied identically to a conservative motor-only insurer and an aggressive insur	2078/2081		fraction	auto-extracted; assign qkey + status in triage (03)
CAND-2170	UNREVIEWED	ch-74-insurance-sector-playbook.txt	40		This mandatory cession requirement has moved over time: it was scaled back for a period as authorities weighed concerns about risk concentration in a single domestic reinsurer against the policy goal of retaining reinsurance premium (and the foreign-exchange outflow it represents) inside Nepal, and industry reporting in 2026 pointed to the government reinstating a mandatory cession requirement aro	20 percent		percent	auto-extracted; assign qkey + status in triage (03)
CAND-2171	UNREVIEWED	ch-74-insurance-sector-playbook.txt	42		When the NIA raised Nepal Reinsurance Company's own minimum paid-up capital requirement sharply (regulatory commentary has referenced figures around Rs 20 billion for reinsurance companies operating in Nepal), it was addressing exactly this concentration concern — a mandatory domestic reinsurer that is undercapitalized relative to the aggregate risk ceded to it by the entire primary insurance mark	Rs 20		amount	auto-extracted; assign qkey + status in triage (03)
CAND-2172	UNREVIEWED	ch-74-insurance-sector-playbook.txt	46		The insurance version of this played out concretely when the then-regulator required life insurance companies to raise minimum paid-up capital to roughly Rs 5 arba (Rs 5 billion) and non-life insurance companies to roughly Rs 2.5 arba (Rs 2.5 billion), with the compliance deadline extended more than once — reporting from 2023 referenced the deadline being pushed out to Ashad 2080 (mid-2023) — as r	Rs 5		amount	auto-extracted; assign qkey + status in triage (03)
CAND-2173	UNREVIEWED	ch-74-insurance-sector-playbook.txt	70		And the mandatory cession requirement to Nepal Reinsurance Company — a policy that has swung between roughly 20 percent and lower levels as authorities balanced domestic premium retention against concentration risk — means every primary insurer's risk profile is partly a function of a single domestic reinsurer's own capital strength, a dependency with no parallel anywhere else on the NEPSE board.	20 percent		percent|nepse	auto-extracted; assign qkey + status in triage (03)
CAND-2174	UNREVIEWED	ch-74-insurance-sector-playbook.txt	72		The eight-step checklist closing this chapter — license type, solvency trend, combined ratio or persistency, investment income share, Section 43 dividend eligibility, reinsurance exposure, merger status, and claims settlement reputation — gives any NEPSE investor a repeatable process for turning a confusing, jargon-heavy sector into a tractable one.			nepse	auto-extracted; assign qkey + status in triage (03)
CAND-2175	UNREVIEWED	ch-74-insurance-sector-playbook.txt	73		"Chapter 75, ""The Manufacturing & Hotel Sector Playbook,"" moves away from financial intermediaries entirely and into NEPSE's real-economy industrial and tourism-linked names — companies whose profitability depends on raw material costs, capacity utilisation, import substitution dynamics, and, for the hotel sub-segment, tourist arrival cycles and seasonal occupancy rather than actuarial reserves or "			nepse	auto-extracted; assign qkey + status in triage (03)
CAND-2176	UNREVIEWED	ch-75-manufacturing-hotel-playbook.txt	10		Prakash Adhikari had made his money the easy way for four years running — buying bank and insurance counters ahead of bonus share announcements, riding the wave that lifted nearly every BFI stock on NEPSE between 2019 and 2021.			nepse	auto-extracted; assign qkey + status in triage (03)
CAND-2177	UNREVIEWED	ch-75-manufacturing-hotel-playbook.txt	20		A plant crossing from 60 percent to 75 percent utilisation on stable pricing can show earnings growth far in excess of revenue growth, because incremental output carries almost pure margin once fixed costs are covered.	60 percent		percent	auto-extracted; assign qkey + status in triage (03)
CAND-2178	UNREVIEWED	ch-75-manufacturing-hotel-playbook.txt	24		In response, and helped by the post-2015 earthquake reconstruction boom that made cement demand a near-certainty for a decade, a wave of new capacity was built out through the 2010s and into the 2020s: large integrated plants such as Hongshi Shivam Cement in Nawalparasi, alongside NEPSE-listed names including Shivam Cement, Ghorahi Cement Industry, and Arghakhanchi Cement, expanded Nepal's install			nepse	auto-extracted; assign qkey + status in triage (03)
CAND-2179	UNREVIEWED	ch-75-manufacturing-hotel-playbook.txt	28		Nepal's cement sector is the country's clearest import substitution success story on NEPSE: a market that imported the bulk of its clinker and cement through the 2000s and into the mid-2010s built enough domestic capacity through plants including Shivam Cement, Ghorahi Cement Industry, Arghakhanchi Cement, and large non-listed integrated producers like Hongshi Shivam to become broadly self-suffici			nepse	auto-extracted; assign qkey + status in triage (03)
CAND-2180	UNREVIEWED	ch-75-manufacturing-hotel-playbook.txt	31		"An investor building a ""consumer Nepal"" thesis on NEPSE is therefore choosing from a narrower and, in several cases, less liquid set of proxies than the underlying consumer economy would suggest — Bottlers Nepal and Unilever Nepal being the clearest examples of high-quality, high-margin consumer businesses that are technically accessible but often thinly traded, a point this chapter returns to and"			nepse	auto-extracted; assign qkey + status in triage (03)
CAND-2181	UNREVIEWED	ch-75-manufacturing-hotel-playbook.txt	60		The April 2015 Gorkha earthquake is the reference case for a natural-disaster shock.	April 2015		word_date	auto-extracted; assign qkey + status in triage (03)
CAND-2182	UNREVIEWED	ch-75-manufacturing-hotel-playbook.txt	61		The recovery has been gradual and multi-year rather than a snap-back: Nepal's tourism sector reported reaching approximately 1.15 to 1.16 million foreign visitor arrivals in 2025, a figure reported as roughly 96.8 percent of pre-pandemic arrival levels — meaning it took roughly five to six years for headline arrivals to approach, but not yet fully exceed, where they stood before the pandemic, even	96.8 percent		percent|word_date	auto-extracted; assign qkey + status in triage (03)
CAND-2183	UNREVIEWED	ch-75-manufacturing-hotel-playbook.txt	64		Nepal's tourism sector absorbed two severe shocks within a five-year span: the April 2015 Gorkha earthquake, which suppressed international arrivals for roughly one to two subsequent tourist seasons even in undamaged regions, and the 2020 COVID-19 pandemic, which collapsed arrivals almost to zero for an extended period and pushed listed hotels including Soaltee Hotel, Yak and Yeti Hotel, Oriental 	April 2015		word_date	auto-extracted; assign qkey + status in triage (03)
CAND-2184	UNREVIEWED	ch-75-manufacturing-hotel-playbook.txt	89		Chapter 76, The Liquidity-Based Entry and Exit Playbook, takes up exactly this question, building a framework for reading floorsheet depth, average traded volume, and bid-ask behaviour so that an investor can judge, before committing capital, whether a fundamentally sound manufacturing or hotel stock is one they can actually trade in size without moving the price against themselves — turning the l			nepse	auto-extracted; assign qkey + status in triage (03)
CAND-2185	UNREVIEWED	ch-76-liquidity-entry-exit-playbook.txt	10		She had a target: build a position of 60,000 shares in Mustang Resorts Ltd, a thinly traded tourism-and-hospitality counter trading at roughly NPR 480, with a listed base of 40 lakh shares of which barely 12 lakh moved freely outside promoter lock-in.	NPR 480,		amount	auto-extracted; assign qkey + status in triage (03)
CAND-2186	UNREVIEWED	ch-76-liquidity-entry-exit-playbook.txt	11		Her market order walked through all of them and kept going, dragging the last price up nearly 9 percent before the session closed.	9 percent		percent	auto-extracted; assign qkey + status in triage (03)
CAND-2187	UNREVIEWED	ch-76-liquidity-entry-exit-playbook.txt	16		The working rule that experienced NEPSE desks apply, and the one this playbook recommends as a default, is that a single day's buy order should not exceed roughly 10 to 15 percent of the 20-session ADV for a counter trading in the illiquid-to-moderate band, rising to perhaps 20 to 25 percent only for counters with genuinely deep, consistently traded floats where the investor has verified depth at 	15 percent		percent|nepse	auto-extracted; assign qkey + status in triage (03)
CAND-2188	UNREVIEWED	ch-76-liquidity-entry-exit-playbook.txt	16		Building the full 60,000-share position under the conservative rule requires roughly 50 trading sessions — about ten calendar weeks given NEPSE's five-day trading week.			nepse	auto-extracted; assign qkey + status in triage (03)
CAND-2189	UNREVIEWED	ch-76-liquidity-entry-exit-playbook.txt	19		A single lump-sum order of 60,000 shares in a counter with an 8,000-share ADV is not a large trade in a deep market; it is a market-moving event in a shallow one, and NEPSE's circuit-breaker architecture (discussed fully in Lesson 76.5, but relevant here) means that a determined buyer with real size behind a market order can push a stock through its full daily band and lock it at the upper circuit			nepse	auto-extracted; assign qkey + status in triage (03)
CAND-2190	UNREVIEWED	ch-76-liquidity-entry-exit-playbook.txt	22		Before every entry session, write down three numbers on a physical or digital note: the 20-session ADV, 12 percent of that ADV as the day's ceiling, and the cumulative shares acquired so far as a percentage of the total target.	12 percent		percent	auto-extracted; assign qkey + status in triage (03)
CAND-2191	UNREVIEWED	ch-76-liquidity-entry-exit-playbook.txt	23		For Mustang Resorts, a 60,000-share position against a free float of roughly 12 lakh shares is 5 percent of the tradable float — a level at which Sunita is not yet a market-moving holder in the regulatory sense, but is large enough that her own eventual exit will itself be a liquidity event the size of many single trading sessions combined.	5 percent		percent	auto-extracted; assign qkey + status in triage (03)
CAND-2192	UNREVIEWED	ch-76-liquidity-entry-exit-playbook.txt	24		Table 76.1 sets out an operating grid connecting ADV, target position size, and the corresponding entry runway under the conservative 12 percent daily-clip assumption.	12 percent		percent	auto-extracted; assign qkey + status in triage (03)
CAND-2193	UNREVIEWED	ch-76-liquidity-entry-exit-playbook.txt	26		Under 3x ADV20-25%12-15 sessionsLow — standard staggered entry sufficient	25%		percent|score_band	auto-extracted; assign qkey + status in triage (03)
CAND-2194	UNREVIEWED	ch-76-liquidity-entry-exit-playbook.txt	27		3x to 8x ADV12-15%25-50 sessionsModerate — mandatory depth check each session	15%		percent|score_band	auto-extracted; assign qkey + status in triage (03)
CAND-2195	UNREVIEWED	ch-76-liquidity-entry-exit-playbook.txt	28		8x to 15x ADV8-10%60-110 sessionsHigh — reconsider full target size before proceeding	10%		percent|score_band	auto-extracted; assign qkey + status in triage (03)
CAND-2196	UNREVIEWED	ch-76-liquidity-entry-exit-playbook.txt	34		The mechanical rule this playbook recommends: before placing any order larger than roughly 5 percent of a session's likely volume, open the depth ladder and estimate what economists would call the order's expected slippage — the gap between the best available price and the average price the full order would achieve if it consumed every level of resting size in its path.	5 percent		percent	auto-extracted; assign qkey + status in triage (03)
CAND-2197	UNREVIEWED	ch-76-liquidity-entry-exit-playbook.txt	34		If that estimated slippage exceeds roughly 1.5 to 2 percent of the current price, the order is too large for the moment's depth and should be split further or deferred to a session with thicker resting size, irrespective of what the daily-ADV arithmetic from Lesson 76.1 already suggested.	2 percent		percent	auto-extracted; assign qkey + status in triage (03)
CAND-2198	UNREVIEWED	ch-76-liquidity-entry-exit-playbook.txt	37		NEPSE's daily price band — currently set at 15 percent for an individual scrip's movement in a session, following the exchange's most recent circuit-breaker revision, with a market-wide trading halt triggered if the benchmark index itself swings roughly 8 percent intraday — creates a specific, recurring trap for retail entrants.	15 percent		percent|nepse	auto-extracted; assign qkey + status in triage (03)
CAND-2199	UNREVIEWED	ch-76-liquidity-entry-exit-playbook.txt	37		An investor who places a market order into that environment is not buying at the last traded price; they are buying at whatever price the last remaining seller in the queue was willing to accept, which in a circuit-locked NEPSE counter frequently means the order sits unfilled at the top of a buy queue behind dozens of other buyers, executes only a token quantity through the day's closing call-auct	15 percent		percent|nepse	auto-extracted; assign qkey + status in triage (03)
CAND-2200	UNREVIEWED	ch-76-liquidity-entry-exit-playbook.txt	39		In Sunita's case, Mustang Resorts moved from NPR 480 to its upper circuit near NPR 552 across a single session in November, driven initially by a single large buy order — not hers — that consumed the visible ask-side depth in the first hour.	NPR 480		amount	auto-extracted; assign qkey + status in triage (03)
CAND-2201	UNREVIEWED	ch-76-liquidity-entry-exit-playbook.txt	39		Sunita's own subsequent purchases, made over the following two sessions at NPR 540 and NPR 561, were entries chasing a circuit that had already been triggered by someone else's order, not entries made against a stable, readable depth ladder.	NPR 540		amount	auto-extracted; assign qkey + status in triage (03)
CAND-2202	UNREVIEWED	ch-76-liquidity-entry-exit-playbook.txt	39		The position's average cost was roughly 15 percent above where it would have been had she simply skipped those two sessions and waited for the ladder to normalise.	15 percent		percent	auto-extracted; assign qkey + status in triage (03)
CAND-2203	UNREVIEWED	ch-76-liquidity-entry-exit-playbook.txt	44		If Lessons 76.1 and 76.2 govern the mechanics of getting into a position without damaging the entry price, Lesson 76.3 addresses the discipline that most reliably separates investors who survive a NEPSE liquidity event from those who do not: the exit plan must be written, in specific and numeric terms, before the entry order is placed — not after the position is built, and certainly not after the 			nepse	auto-extracted; assign qkey + status in triage (03)
CAND-2204	UNREVIEWED	ch-76-liquidity-entry-exit-playbook.txt	46		The practical form this takes for a NEPSE position: at the same session the entry plan is drafted (as in Lesson 76.1, before the first tranche is bought), the investor writes down a scaled exit schedule keyed to price levels, not to time, and separately writes down a liquidity-based exit schedule keyed to session counts, not to price.			nepse	auto-extracted; assign qkey + status in triage (03)
CAND-2205	UNREVIEWED	ch-76-liquidity-entry-exit-playbook.txt	47		"The price-keyed schedule answers ""at what valuation do I reduce or close this position."" For Sunita's Mustang Resorts thesis, a disciplined version drafted at entry might have read: sell 25 percent of the position at a 20 percent gain from average cost, sell a further 35 percent at a 40 percent gain, and hold the remaining 40 percent against a trailing stop set at 15 percent below the highest clos"	25 percent		percent	auto-extracted; assign qkey + status in triage (03)
CAND-2206	UNREVIEWED	ch-76-liquidity-entry-exit-playbook.txt	47		What matters is that the numbers exist in writing before entry, so that when the price actually reaches NPR 576 (a 20 percent gain from a 480 average cost) some weeks later, the decision to sell a quarter of the position is a mechanical execution of a pre-committed plan rather than a fresh, emotionally loaded decision made in the moment with a green position on the screen creating its own psycholo	20 percent		percent|amount	auto-extracted; assign qkey + status in triage (03)
CAND-2207	UNREVIEWED	ch-76-liquidity-entry-exit-playbook.txt	48		The same ADV arithmetic from Lesson 76.1 applies in reverse: if a full exit of 60,000 shares, capped at 12 to 15 percent of a 20-session ADV of 8,000 shares per session, requires a comparable 40-to-50-session runway, then any capital need the investor anticipates on a shorter horizon than that is a signal that the position is oversized relative to the investor's own liquidity requirements, not mer	15 percent		percent	auto-extracted; assign qkey + status in triage (03)
CAND-2208	UNREVIEWED	ch-76-liquidity-entry-exit-playbook.txt	52		NEPSE operates on a T+2 settlement cycle, meaning shares sold today are typically available as usable cash in the investor's account roughly two trading days later, not the same day.			nepse	auto-extracted; assign qkey + status in triage (03)
CAND-2209	UNREVIEWED	ch-76-liquidity-entry-exit-playbook.txt	60		Varying the size and timing of exit tranches within the ADV ceiling — some sessions at 8 percent of ADV, others at 13 percent, placed at different points in the trading window rather than always at the open — reduces the degree to which the investor's own selling becomes predictable and therefore exploitable.	8 percent		percent	auto-extracted; assign qkey + status in triage (03)
CAND-2210	UNREVIEWED	ch-76-liquidity-entry-exit-playbook.txt	70		Sunita's actual unwind, once she applied this framework retroactively with a broker's guidance, took nineteen sessions rather than the single catastrophic day she had initially attempted, and achieved an average exit price roughly 9 percent better than the price she would have realised had she continued forcing market sells into a thin, deteriorating bid ladder.	9 percent		percent	auto-extracted; assign qkey + status in triage (03)
CAND-2211	UNREVIEWED	ch-76-liquidity-entry-exit-playbook.txt	95		Lesson 76.5 grounded all of the preceding rules in NEPSE's actual TMS order mechanics — the market-versus-limit choice, order validity conditions, and the T+2 settlement cycle that governs when exit proceeds actually become usable cash.			nepse	auto-extracted; assign qkey + status in triage (03)
CAND-2212	UNREVIEWED	ch-76-liquidity-entry-exit-playbook.txt	97		Chapter 77 turns to a different but related liquidity environment: the IPO Playbook, addressing the specific mechanics of NEPSE primary market allotments, the behaviour of a newly listed counter in its first sessions of secondary trading, and the particular liquidity risks that attach to a stock with no trading history at all, no established ADV baseline, and often extreme initial demand-supply im			nepse	auto-extracted; assign qkey + status in triage (03)
CAND-2213	UNREVIEWED	ch-76-liquidity-entry-exit-playbook.txt	98		Readers carrying this chapter's discipline forward should treat the six lessons not as a one-time read but as a checklist to physically consult before every future NEPSE order of any size — the ADV-versus-position-size grid from Table 76.1, the exit-trigger framework from Table 76.2, and the one-page pre-trade worksheet from Lesson 76.6 in particular are designed for repeated, mechanical reuse rat			nepse	auto-extracted; assign qkey + status in triage (03)
CAND-2214	UNREVIEWED	ch-77-ipo-playbook.txt	44		Promoter and governance quality20%Experienced promoter group, clean regulatory record, meaningful post-listing lock-in, low related-party exposureFirst-time promoters, prior regulatory issues, heavy related-party dealings	20%		percent	auto-extracted; assign qkey + status in triage (03)
CAND-2215	UNREVIEWED	ch-77-ipo-playbook.txt	45		Financial strength and growth25%Consistent multi-year revenue and profit growth, healthy margins, low leverageVolatile or declining earnings, thin margins, high debt-to-equity	25%		percent	auto-extracted; assign qkey + status in triage (03)
CAND-2216	UNREVIEWED	ch-77-ipo-playbook.txt	46		Pricing relative to sector20%Offer P/E and book value clearly below comparable listed peersOffer priced at or above the richest peer in the sector	20%		percent	auto-extracted; assign qkey + status in triage (03)
CAND-2217	UNREVIEWED	ch-77-ipo-playbook.txt	47		Sector timing and macro environment15%Sector in an improving cycle, supportive policy or rate environmentSector facing headwinds, adverse regulatory signals	15%		percent	auto-extracted; assign qkey + status in triage (03)
CAND-2218	UNREVIEWED	ch-77-ipo-playbook.txt	48		"Use of proceeds clarity10%Specific, itemized projects with disclosed rupee allocationsVague ""general corporate purposes"" language"	10%		percent	auto-extracted; assign qkey + status in triage (03)
CAND-2219	UNREVIEWED	ch-77-ipo-playbook.txt	49		Issue structure and liquidity10%Broad public distribution, underwritten issue, reasonable float for future trading liquidityThin public float, unusually concentrated allotment structure	10%		percent	auto-extracted; assign qkey + status in triage (03)
CAND-2220	UNREVIEWED	ch-77-ipo-playbook.txt	80		That distinction, between deciding well and executing cleanly, is the entire subject of this chapter, and it is worth carrying forward, because Chapter 78 turns to a related but structurally different instrument that Rajendra's family, like every long-term NEPSE shareholder, eventually has to navigate: the rights issue.			nepse	auto-extracted; assign qkey + status in triage (03)
CAND-2221	UNREVIEWED	ch-78-rights-issue-playbook.txt	47		The mechanical reality of NEPSE settlement (T+2 for equity trades, as covered in the market plumbing chapters of this book) means that if you plan to sell Holding A to fund your rights subscription in Holding B, you need the sale proceeds to actually settle and reach your bank account before your ASBA application deadline — not merely to have placed the sell order.			nepse	auto-extracted; assign qkey + status in triage (03)
CAND-2222	UNREVIEWED	ch-78-rights-issue-playbook.txt	56		Because the overwhelming majority of rights issues currently seen in NEPSE's financial sector are structured as non-renounceable, this path is the exception rather than the rule, and confirming which structure you're facing (Lesson 78.1) determines whether it's even on the table for you.			nepse	auto-extracted; assign qkey + status in triage (03)
CAND-2223	UNREVIEWED	ch-78-rights-issue-playbook.txt	64		Full subscriptionApply for 100% of entitlement via MeroShare ASBAFull cash call at issue price × entitlementOwnership percentage preserved (no dilution)	100%		percent	auto-extracted; assign qkey + status in triage (03)
CAND-2224	UNREVIEWED	ch-78-rights-issue-playbook.txt	70		She has enough liquid cash for exactly 40 percent of the call without touching any other holding.	40 percent		percent	auto-extracted; assign qkey + status in triage (03)
CAND-2225	UNREVIEWED	ch-78-rights-issue-playbook.txt	77		Notice publishedRights announcement appears via MeroShare, press, and NEPSE disclosureDay 0			nepse	auto-extracted; assign qkey + status in triage (03)
CAND-2226	UNREVIEWED	ch-78-rights-issue-playbook.txt	80		Issue closeMinimum ~35-day window, possible ~2-week extension if under-subscribed~35–49 days after opening	35–49		score_band	auto-extracted; assign qkey + status in triage (03)
CAND-2227	UNREVIEWED	ch-78-rights-issue-playbook.txt	92		Theoretical ex-rights price, worked through Sabina's numbers: she held 800 shares at a pre-announcement market price of roughly Rs 340.	Rs 340		amount	auto-extracted; assign qkey + status in triage (03)
CAND-2228	UNREVIEWED	ch-78-rights-issue-playbook.txt	92		Her 1:1 entitlement meant 800 new shares at the par issue price of Rs 100.	Rs 100		amount	auto-extracted; assign qkey + status in triage (03)
CAND-2229	UNREVIEWED	ch-78-rights-issue-playbook.txt	92		TERP = [(800 × 340) + (800 × 100)] / 1,600 = (272,000 + 80,000) / 1,600 = Rs 220.	Rs 220		amount	auto-extracted; assign qkey + status in triage (03)
CAND-2230	UNREVIEWED	ch-78-rights-issue-playbook.txt	92		Sabina's actual decision hinged on whether Rs 220 was still a price she'd be comfortable holding the combined 1,600-share position at, given the bank's underlying capital adequacy improvement — not on the Rs 100 issue price in isolation, which on its own looked artificially cheap.	Rs 220		amount	auto-extracted; assign qkey + status in triage (03)
CAND-2231	UNREVIEWED	ch-78-rights-issue-playbook.txt	98		Post-rights arithmeticTERP calculation vs fundamentalsTERP ≈ Rs 220; still below her estimate of fair value given improved capital ratios	Rs 220		amount	auto-extracted; assign qkey + status in triage (03)
CAND-2232	UNREVIEWED	ch-78-rights-issue-playbook.txt	106		Chapter 79, The Backtesting Mindset, opens Part XV: Calibration & Backtesting, and it marks a deliberate shift in register — from the playbooks of this part, which have been about executing decisions correctly in real time against real deadlines, to a colder, retrospective question: how do you actually know whether the strategies and frameworks built across this entire book would have worked, had 			nepse	auto-extracted; assign qkey + status in triage (03)
CAND-2233	UNREVIEWED	ch-79-backtesting-mindset.txt	9		He retired in the middle of 2021, at almost exactly the moment NEPSE was setting the all-time high it would not revisit for years.			nepse	auto-extracted; assign qkey + status in triage (03)
CAND-2234	UNREVIEWED	ch-79-backtesting-mindset.txt	22		Keshav's stock list was built from today's NEPSE company list — the ~260 or so companies currently trading.			nepse	auto-extracted; assign qkey + status in triage (03)
CAND-2235	UNREVIEWED	ch-79-backtesting-mindset.txt	22		But NEPSE eight years ago had a meaningfully different roster: dozens of development banks and finance companies that existed then have since disappeared, mostly through forced mergers driven by Nepal Rastra Bank's 2015 directive raising commercial banks' minimum paid-up capital fourfold, to Rs 8 billion, with smaller BFIs facing their own consolidation pressure.	Rs 8		amount|nepse	auto-extracted; assign qkey + status in triage (03)
CAND-2236	UNREVIEWED	ch-79-backtesting-mindset.txt	35		NEPSE traces its institutional history back to 1993, with its trading floor opening on 13 January 1994 — but for well over a decade after that, trading ran on an open-outcry floor system, with brokers calling out prices to one another rather than the market generating clean, timestamped electronic records.	13 January		word_date|nepse	auto-extracted; assign qkey + status in triage (03)
CAND-2237	UNREVIEWED	ch-79-backtesting-mindset.txt	35		NEPSE moved to a semi-automated system only in 2007–08, and dematerialization of shares began in 2011 with the establishment of CDS and Clearing Limited.			nepse	auto-extracted; assign qkey + status in triage (03)
CAND-2238	UNREVIEWED	ch-79-backtesting-mindset.txt	35		It was not until November 2017 that NEPSE rolled out its fully automated, broker-independent online trading system — the version of the market, with investors placing orders themselves through a Trading Management System, that most of today's participants would actually recognise.	November 2017		word_date|nepse	auto-extracted; assign qkey + status in triage (03)
CAND-2239	UNREVIEWED	ch-79-backtesting-mindset.txt	37		NEPSE's fully automated, broker-independent online trading system went live in November 2017; before that, the market ran on a semi-automated setup introduced in 2007–08, following decades of open-outcry floor trading — meaning genuinely clean, machine-verifiable daily data for most stocks realistically covers less than a decade.	November 2017		word_date|nepse	auto-extracted; assign qkey + status in triage (03)
CAND-2240	UNREVIEWED	ch-79-backtesting-mindset.txt	38		They contain the tail end of the post-2016 boom (NEPSE's index hit an all-time high of 1,881.45 on 27 July 2016, before a bear market dragged it down toward roughly 1,100 by early 2019); a historic mania in 2020–2021 that pushed the index to a fresh all-time high of 3,111.09 on 3 August 2021, with single-day trading generating over 21 million shares changing hands and six scrips hitting the day's 	27 July		word_date|nepse	auto-extracted; assign qkey + status in triage (03)
CAND-2241	UNREVIEWED	ch-79-backtesting-mindset.txt	42		"Layer on top of that the structural rule changes NEPSE has gone through in this same short window — circuit breaker thresholds have been adjusted more than once, free-float and index-calculation methodology has changed, and the 2015 capital directive alone forced a wave of BFI mergers that reshaped which ""stocks"" even existed from one year to the next — and you get a market whose own rules of the "			nepse	auto-extracted; assign qkey + status in triage (03)
CAND-2242	UNREVIEWED	ch-79-backtesting-mindset.txt	46		He took his eight-and-a-half years of available NEPSE data (November 2017 through the recent close of Fiscal Year 2081/82) and split it: roughly the first five and a half years, through mid-2023, became his in-sample period, where he was allowed to build, adjust, and sanity-check the Canon Score's weights and his liquidity exit rule.	2081/82		fraction|word_date|nepse	auto-extracted; assign qkey + status in triage (03)
CAND-2243	UNREVIEWED	ch-79-backtesting-mindset.txt	58		He had, without quite admitting it to himself, been quietly skipping two trades in his early drafts — one, a hydropower stock the rule said to buy that then dropped 30 percent on a court case involving its power purchase agreement, and another, a finance company the rule held onto for eleven months while it drifted to a loss before finally triggering the exit.	30 percent		percent	auto-extracted; assign qkey + status in triage (03)
CAND-2244	UNREVIEWED	ch-79-backtesting-mindset.txt	64		2019 MangsirBank A742852020 Ashadh340+19.3%	19.3%		percent	auto-extracted; assign qkey + status in triage (03)
CAND-2245	UNREVIEWED	ch-79-backtesting-mindset.txt	65		2019 FalgunHydro B714102019 Ashadh (following)295-28.0%	28.0%		percent|score_band	auto-extracted; assign qkey + status in triage (03)
CAND-2246	UNREVIEWED	ch-79-backtesting-mindset.txt	66		2020 KartikBank C681902021 Baisakh410+115.8%	115.8%		percent	auto-extracted; assign qkey + status in triage (03)
CAND-2247	UNREVIEWED	ch-79-backtesting-mindset.txt	67		2021 ShrawanFinance D705202022 Chaitra340-34.6%	34.6%		percent	auto-extracted; assign qkey + status in triage (03)
CAND-2248	UNREVIEWED	ch-79-backtesting-mindset.txt	68		2022 MangsirBank A762502023 Ashadh275+10.0%	10.0%		percent	auto-extracted; assign qkey + status in triage (03)
CAND-2249	UNREVIEWED	ch-79-backtesting-mindset.txt	74		Demat account holders grew from roughly 1.48 million in FY 2018/19 to nearly 3.79 million by FY 2020/21, and to close to 4.9 million since — meaning a large majority of the people currently trading NEPSE opened their accounts during or after the 2020–2021 mania and have only ever personally experienced the sharp-but-comparatively-brief 2022 correction that followed it.	2018/19		fraction|nepse	auto-extracted; assign qkey + status in triage (03)
CAND-2250	UNREVIEWED	ch-79-backtesting-mindset.txt	80		We then looked at why NEPSE specifically makes all of this harder than in older, larger markets: genuinely clean electronic data realistically covers less than a decade following the November 2017 rollout of fully automated trading; that short window already contains at least three distinct regimes — a post-2016 bear market, the 2020–2021 mania that peaked above 3,100 on the index, and the grindin	November 2017		word_date|nepse	auto-extracted; assign qkey + status in triage (03)
CAND-2251	UNREVIEWED	ch-79-backtesting-mindset.txt	83		The chapter closed on backtesting's real limit: it can tell you a rule was not obviously wrong across the history you tested, but it cannot prove the rule will hold up in a market regime that history has not yet produced — and NEPSE's clean electronic record, dominated by participants who joined during or after the 2020–2021 mania, has never yet contained a genuine, prolonged multi-year bear marke			nepse	auto-extracted; assign qkey + status in triage (03)
CAND-2252	UNREVIEWED	ch-79-backtesting-mindset.txt	83		"That gap is exactly where Chapter 80, ""Calibrating Your Scoring Model Against NEPSE History,"" picks up the thread — taking the backtesting mindset built here and applying it directly to the Canon Score itself, dimension by dimension, to find out which of its seven components have actually earned their weight in NEPSE's real history and which have simply never yet been tested by conditions severe e"			nepse	auto-extracted; assign qkey + status in triage (03)
CAND-2253	UNREVIEWED	ch-80-calibrating-scoring-model.txt	9		"What he had never done was go back and check, sector by sector, whether he was actually applying Chapter 65's sector-specific adjustments with real discipline every time, or whether he had quietly been scoring every company — bank, hydropower plant, or microfinance institution alike — against the same generic bands underneath, while telling himself he was ""keeping the sector context in mind."" This"			nepse	auto-extracted; assign qkey + status in triage (03)
CAND-2254	UNREVIEWED	ch-80-calibrating-scoring-model.txt	12		Chapter 64 assigns 20 points to Financial Strength & Profitability and 15 points to Sector & Business Model Durability — an implicit claim that raw profitability and balance-sheet safety matter somewhat more than durability and moat in separating a good long-term NEPSE holding from a bad one.			nepse	auto-extracted; assign qkey + status in triage (03)
CAND-2255	UNREVIEWED	ch-80-calibrating-scoring-model.txt	16		"Bimal's first honest realisation was that he had never once, in two years of using the score, gone back to check whether he was actually pulling out Chapter 65's specific sector guidance every time he scored a bank, a hydropower company, or a microfinance institution — or whether he had been scoring all three off the same generic Chapter 64 bands and simply trusting his own judgment to ""adjust men"			nepse	auto-extracted; assign qkey + status in triage (03)
CAND-2256	UNREVIEWED	ch-80-calibrating-scoring-model.txt	18		NEPSE, as of the most recent sectoral count, lists 271 companies.			nepse	auto-extracted; assign qkey + status in triage (03)
CAND-2257	UNREVIEWED	ch-80-calibrating-scoring-model.txt	19		Of NEPSE's 271 listed companies, roughly 91 — about a third of the entire exchange — are hydropower companies.			nepse	auto-extracted; assign qkey + status in triage (03)
CAND-2258	UNREVIEWED	ch-80-calibrating-scoring-model.txt	21		NEPSE's roughly 271 listed companies break down, by rough sector share, into about 91 hydropower companies (a third of the exchange), 50 microfinance institutions (a fifth), and a combined 55 or so banks and development banks — meaning three sector clusters account for well over half of everything listed.			nepse	auto-extracted; assign qkey + status in triage (03)
CAND-2259	UNREVIEWED	ch-80-calibrating-scoring-model.txt	22		"A ""backtest"" that scores all 271 NEPSE companies and checks outcomes is not really testing 271 independent scenarios."			nepse	auto-extracted; assign qkey + status in triage (03)
CAND-2260	UNREVIEWED	ch-80-calibrating-scoring-model.txt	23		It means the effective sample size behind any Canon Score calibration exercise on NEPSE is not 271.			nepse	auto-extracted; assign qkey + status in triage (03)
CAND-2261	UNREVIEWED	ch-80-calibrating-scoring-model.txt	25		Counting all 271 NEPSE-listed companies as 271 independent test cases is a statistical illusion — because roughly a third are hydropower firms reacting to the same monsoon and PPA cycle, and a fifth are microfinance institutions that were exposed to the same rural credit stress, the real number of independent scenarios behind any NEPSE-wide calibration is closer to a handful than to hundreds.			nepse	auto-extracted; assign qkey + status in triage (03)
CAND-2262	UNREVIEWED	ch-80-calibrating-scoring-model.txt	30		Nepal's microfinance institutions (MFIs — regulated lenders that provide small, mostly rural loans, often without traditional collateral) went through a well-documented stress period beginning around 2021-22 and worsening substantially by 2025-26, as rural loan demand cooled, over-indebtedness among borrowers became visible, and the sector's average non-performing loan ratio — the NPL ratio, meani	11.35 percent		percent	auto-extracted; assign qkey + status in triage (03)
CAND-2263	UNREVIEWED	ch-80-calibrating-scoring-model.txt	30		Eighteen microfinance companies crossed the 10 percent NPL threshold, with the worst performers — institutions in the Infinity and Dhaulagiri clusters, among others — reporting NPL ratios above 20 percent, in some cases approaching a quarter of their entire loan book.	10 percent		percent	auto-extracted; assign qkey + status in triage (03)
CAND-2264	UNREVIEWED	ch-80-calibrating-scoring-model.txt	30		At the other end of the same sector, Chhimek Microfinance held its NPL ratio at roughly 2.3 percent throughout the same period, the lowest in the sector by a wide margin.	2.3 percent		percent	auto-extracted; assign qkey + status in triage (03)
CAND-2265	UNREVIEWED	ch-80-calibrating-scoring-model.txt	32		During Nepal's 2021-2026 microfinance stress episode, the weakest institutions reported non-performing loan ratios above 20 percent while Chhimek Microfinance held its ratio near 2.3 percent — the same sector, the same rural credit downturn, and a roughly tenfold difference in outcome.	20 percent		percent	auto-extracted; assign qkey + status in triage (03)
CAND-2266	UNREVIEWED	ch-80-calibrating-scoring-model.txt	37		Chhimek Microfinance (pre-2021, stand-in for a well-run MFI)Mid-to-high 60sFinancial Strength (growth, earnings) scored well on generic terms; Chapter 65's loan-recycling, multiple-borrowing, and provisioning-coverage checks never actually appliedNPL ratio held near 2.3 percent through the 2021-2026 stress period, best in sectorRight outcome, but the score could not explain why in advance	2.3 percent		percent	auto-extracted; assign qkey + status in triage (03)
CAND-2267	UNREVIEWED	ch-80-calibrating-scoring-model.txt	38		Representative weak MFI, high-NPL cluster (pre-2021)Mid-60s, similar to ChhimekSame generic scoring as above — Chapter 65's MFI-specific questions never asked here eitherNPL ratio rose above 20 percent by 2025-26, among the weakest in the sectorWrong outcome — score failed to separate two institutions that turned out very differently	20 percent		percent	auto-extracted; assign qkey + status in triage (03)
CAND-2268	UNREVIEWED	ch-80-calibrating-scoring-model.txt	41		Because nearly every run-of-river hydropower company on NEPSE was reporting a similarly weak dry-season quarter at the same time, the Canon Score would have marked down almost the entire sector at once — exactly the correlated, sector-wide reaction Lesson 80.2 warned about — even though the company's underlying PPA tariff was fixed by long-term contract and unaffected by the dry season, and nothin			nepse	auto-extracted; assign qkey + status in triage (03)
CAND-2269	UNREVIEWED	ch-80-calibrating-scoring-model.txt	54		Moving points around would have quietly changed a book-wide standard — the same 20/15/10/15/15/15/10 architecture every other chapter in this Canon, including every case study, relies on — to paper over what was actually a gap in his own process.	20/15		fraction|weight_vector	auto-extracted; assign qkey + status in triage (03)
CAND-2270	UNREVIEWED	ch-80-calibrating-scoring-model.txt	72		With roughly 271 listed companies clustered heavily into hydropower, microfinance, and banking, a calibration exercise that treats every company as an independent test case is fooling itself — most of those companies move together, reacting to the same monsoon cycle, the same NRB policy shift, or the same rural credit downturn, which means the real number of independent scenarios behind any NEPSE-			nepse	auto-extracted; assign qkey + status in triage (03)
CAND-2271	UNREVIEWED	ch-80-calibrating-scoring-model.txt	73		Using real, verifiable NEPSE history — the 2013 merger that created NIC Asia Bank, the sharp divergence between strong and weak microfinance institutions during the 2021-2026 NPL stress episode, and a hydropower company's temporary, seasonally-driven score swing during a dry monsoon quarter — Bimal Sharma tested the Canon Score's pre-outcome verdicts against what actually happened.			nepse	auto-extracted; assign qkey + status in triage (03)
CAND-2272	UNREVIEWED	ch-81-testing-refining-exit-rules.txt	9		He could tell you the rule in one breath: sell if a stock falls 15 percent from what he paid for it.	15 percent		percent	auto-extracted; assign qkey + status in triage (03)
CAND-2273	UNREVIEWED	ch-81-testing-refining-exit-rules.txt	17		He had an exit habit, in the loose sense — sell around 15 percent down, unless he felt the stock still had a story — that he had never once gone back and tested against his own trading history.	15 percent		percent	auto-extracted; assign qkey + status in triage (03)
CAND-2274	UNREVIEWED	ch-81-testing-refining-exit-rules.txt	17		The rest of this chapter follows him through the process of writing that habit down as an actual testable rule, running it against real NEPSE-style price sequences from the 2021-2022 correction, discovering it had already failed him once in a way he had half-forgotten, and refining it into something narrower and more honest.			nepse	auto-extracted; assign qkey + status in triage (03)
CAND-2275	UNREVIEWED	ch-81-testing-refining-exit-rules.txt	21		Rule A, a fixed percentage stop-loss: exit the position at the close of any session in which the closing price is 15 percent or more below the purchase price.	15 percent		percent	auto-extracted; assign qkey + status in triage (03)
CAND-2276	UNREVIEWED	ch-81-testing-refining-exit-rules.txt	29		If a stock closed the prior session at 500 rupees and the daily band is 15 percent, the stock can trade anywhere between 425 and 575 in the next session, but not beyond either edge, no matter how many people want to buy or sell at a more extreme price.	15 percent		percent	auto-extracted; assign qkey + status in triage (03)
CAND-2277	UNREVIEWED	ch-81-testing-refining-exit-rules.txt	31		For most of NEPSE's recent history the daily circuit band on individual stocks was 10 percent up or down from the previous close.	10 percent		percent|nepse	auto-extracted; assign qkey + status in triage (03)
CAND-2278	UNREVIEWED	ch-81-testing-refining-exit-rules.txt	31		Nepal's market regulator widened that band to 15 percent in a rules update in April 2026, alongside a simplified market-wide mechanism: a 5 percent index move triggers a 15-minute trading pause during the first two hours of the session, and an 8 percent move closes the market for the rest of the day.	15 percent		percent|word_date	auto-extracted; assign qkey + status in triage (03)
CAND-2279	UNREVIEWED	ch-81-testing-refining-exit-rules.txt	31		An investor building or testing an exit rule needs to know which band was in force during the period their historical data covers, because a rule tested under a 10 percent band will behave differently once run forward under a 15 percent band.	10 percent		percent	auto-extracted; assign qkey + status in triage (03)
CAND-2280	UNREVIEWED	ch-81-testing-refining-exit-rules.txt	32		Under a 10 percent daily band, a stock cannot fall more than 10 percent in one session even if every single order on the sell side is a market order desperate to get out.	10 percent		percent	auto-extracted; assign qkey + status in triage (03)
CAND-2281	UNREVIEWED	ch-81-testing-refining-exit-rules.txt	32		A five-session run of consecutive lower-circuit closes, each one 10 percent below the last, takes a stock down roughly 41 percent from where it started, and for every session of that run, an investor's sell order sits in the queue unfilled, because a lower circuit session with no genuine two-sided trading is a session where almost nobody's exit order actually executes.	10 percent		percent	auto-extracted; assign qkey + status in triage (03)
CAND-2282	UNREVIEWED	ch-81-testing-refining-exit-rules.txt	33		During the correction that followed NEPSE's 2021 peak, when the index fell from roughly 3,200 points to below 1,700 over about two years, the descent did not happen as one smooth line; it happened as a staircase of sharp drops and partial bear-market rallies, and thinner stocks were disproportionately the ones that got stuck at the bottom of each step.			nepse	auto-extracted; assign qkey + status in triage (03)
CAND-2283	UNREVIEWED	ch-81-testing-refining-exit-rules.txt	33		A separate, well-documented episode in 2023 saw a cluster of microfinance company shares, a sector already known on NEPSE for thin free float and low daily turnover, hit consecutive lower circuits during a regulatory scare specific to that sector.			nepse	auto-extracted; assign qkey + status in triage (03)
CAND-2284	UNREVIEWED	ch-81-testing-refining-exit-rules.txt	35		In 2023, several NEPSE-listed microfinance companies hit consecutive lower-circuit sessions during a sector-wide regulatory scare, leaving shareholders unable to exit at any price near the frozen quote for days at a stretch.			nepse	auto-extracted; assign qkey + status in triage (03)
CAND-2285	UNREVIEWED	ch-81-testing-refining-exit-rules.txt	43		Lesson 81.5 does exactly that, using a reconstructed price sequence modelled on the pattern NEPSE stocks actually followed during the 2021-2022 correction and the 2023 circuit-trap episode described above.			nepse	auto-extracted; assign qkey + status in triage (03)
CAND-2286	UNREVIEWED	ch-81-testing-refining-exit-rules.txt	45		Rupak's original rule was a fixed percentage stop-loss: exit at the close of any session where the price sits 15 percent or more below the purchase price.	15 percent		percent	auto-extracted; assign qkey + status in triage (03)
CAND-2287	UNREVIEWED	ch-81-testing-refining-exit-rules.txt	46		To compare them fairly, both rules were walked forward, mechanically and identically, through four reconstructed NEPSE-style price sequences, each modelled on a real pattern this market has shown: a grinding decline in a liquid, high-free-float stock; a sideways, choppy stretch with no clear trend; a sharp correction in a thin, low-free-float stock that ends in a multi-session lower-circuit trap, 			nepse	auto-extracted; assign qkey + status in triage (03)
CAND-2288	UNREVIEWED	ch-81-testing-refining-exit-rules.txt	47		Picture Rupak buying a small, thinly traded finance-sector stock, call it a composite ticker TRSL, at 850 rupees per share in early November 2021, near the broad market's peak, sized correctly under the ADV rule from Part XII so his own order would not move the thin market by itself.	November 2021		word_date	auto-extracted; assign qkey + status in triage (03)
CAND-2289	UNREVIEWED	ch-81-testing-refining-exit-rules.txt	47		His Rule A trigger sits at 722.50 rupees, 15 percent below his purchase price.	15 percent		percent	auto-extracted; assign qkey + status in triage (03)
CAND-2290	UNREVIEWED	ch-81-testing-refining-exit-rules.txt	50		2021-11-15810-4.7%Normal trading	4.7%		percent	auto-extracted; assign qkey + status in triage (03)
CAND-2291	UNREVIEWED	ch-81-testing-refining-exit-rules.txt	51		2021-11-16729-10.0%Lower circuit (10% band, still above trigger)	10.0%		percent	auto-extracted; assign qkey + status in triage (03)
CAND-2292	UNREVIEWED	ch-81-testing-refining-exit-rules.txt	52		2021-11-17656-10.0%Lower circuit, Rule A trigger fires (below 722.50)	10.0%		percent	auto-extracted; assign qkey + status in triage (03)
CAND-2293	UNREVIEWED	ch-81-testing-refining-exit-rules.txt	53		2021-11-186560.0%Frozen at lower circuit, no real buy-side volume	186560.0%		percent	auto-extracted; assign qkey + status in triage (03)
CAND-2294	UNREVIEWED	ch-81-testing-refining-exit-rules.txt	54		2021-11-216560.0%Frozen at lower circuit, no real buy-side volume	216560.0%		percent	auto-extracted; assign qkey + status in triage (03)
CAND-2295	UNREVIEWED	ch-81-testing-refining-exit-rules.txt	55		2021-11-22590-10.0%Lower circuit continues	10.0%		percent	auto-extracted; assign qkey + status in triage (03)
CAND-2296	UNREVIEWED	ch-81-testing-refining-exit-rules.txt	56		2021-11-23531-10.0%Lower circuit continues	10.0%		percent	auto-extracted; assign qkey + status in triage (03)
CAND-2297	UNREVIEWED	ch-81-testing-refining-exit-rules.txt	57		2021-11-24480-9.6%First session with genuine two-sided volume, realistic fill	9.6%		percent	auto-extracted; assign qkey + status in triage (03)
CAND-2298	UNREVIEWED	ch-81-testing-refining-exit-rules.txt	58		Rule A's paper outcome says Rupak should have exited at 656, an 22.8 percent loss, once the position is actually marked at the trigger session's close rather than the round 15 percent figure, since the stock gapped past the exact trigger price on the way down.	22.8 percent		percent	auto-extracted; assign qkey + status in triage (03)
CAND-2299	UNREVIEWED	ch-81-testing-refining-exit-rules.txt	58		The realistic exit, once actual sellable volume reappears, is 480, a 43.5 percent loss from the 850 purchase price, nearly double what the rule's own percentage promised.	43.5 percent		percent	auto-extracted; assign qkey + status in triage (03)
CAND-2300	UNREVIEWED	ch-81-testing-refining-exit-rules.txt	58		This is the honest failure moment Rupak had never gone back to check: his 15 percent rule had already let him down once, not because the rule was badly designed on paper, but because it was never built with a circuit-trap scenario in mind, and he had simply not looked closely enough afterward to notice how large the gap between paper and reality had actually been.	15 percent		percent	auto-extracted; assign qkey + status in triage (03)
CAND-2301	UNREVIEWED	ch-81-testing-refining-exit-rules.txt	60		In a sharp but short-lived dip followed by a swift recovery, a liquid stock drops 16 percent over a week on broad market jitters, briefly clearing Rule A's 15 percent trigger, and then rallies back to a new high over the following month, once whatever caused the dip passes.	16 percent		percent	auto-extracted; assign qkey + status in triage (03)
CAND-2302	UNREVIEWED	ch-81-testing-refining-exit-rules.txt	62		Grinding decline, liquid high-float stock-15.4%-16.9%-19.2%-20.5%	15.4%		percent	auto-extracted; assign qkey + status in triage (03)
CAND-2303	UNREVIEWED	ch-81-testing-refining-exit-rules.txt	63		Sideways chop, no clear trendNo trigger (0%)0%-6% then re-entry, -4% (whipsaw)-9% net after two round-trips	0%		percent	auto-extracted; assign qkey + status in triage (03)
CAND-2304	UNREVIEWED	ch-81-testing-refining-exit-rules.txt	64		Sharp correction, thin low-float stock, circuit trap-22.8% (at trigger close)-43.5%Triggers late, near bottom-41.0%	22.8%		percent	auto-extracted; assign qkey + status in triage (03)
CAND-2305	UNREVIEWED	ch-81-testing-refining-exit-rules.txt	65		Sharp dip with V-shaped recovery-15.8%, locked in-16.5%, locked inNo trigger, held through+11.0% (captured recovery)	15.8%		percent	auto-extracted; assign qkey + status in triage (03)
CAND-2306	UNREVIEWED	ch-81-testing-refining-exit-rules.txt	70		Once a backtest has shown where a rule breaks, the temptation is to overhaul it completely, swapping 15 percent for some other round number pulled out of the air, or abandoning fixed stops for trend rules or vice versa.	15 percent		percent	auto-extracted; assign qkey + status in triage (03)
CAND-2307	UNREVIEWED	ch-81-testing-refining-exit-rules.txt	72		For a stock comfortably above that threshold, Rupak's original 15 percent stop, refined only slightly, remains reasonable, because such a stock is far less likely to freeze at consecutive circuit limits with no buyers appearing for days.	15 percent		percent	auto-extracted; assign qkey + status in triage (03)
CAND-2308	UNREVIEWED	ch-81-testing-refining-exit-rules.txt	72		For a stock below the threshold, the same 15 percent trigger is not conservative at all, it is close to useless, since the backtest showed the realistic exit landing more than 40 percent below purchase price precisely because the position could not be sold anywhere near the intended level.	15 percent		percent	auto-extracted; assign qkey + status in triage (03)
CAND-2309	UNREVIEWED	ch-81-testing-refining-exit-rules.txt	72		For those names, the rule should trigger earlier, for example at 8 to 10 percent below purchase rather than 15, precisely to get the sell order into the queue before the stock has enough downward momentum to start gapping through consecutive circuit limits, and it should be paired with the depth-ladder reading habit from Chapter 76, checking whether there is still real buy-side depth at each price	10 percent		percent	auto-extracted; assign qkey + status in triage (03)
CAND-2310	UNREVIEWED	ch-81-testing-refining-exit-rules.txt	74		A liquidity buffer means giving low-free-float, low-ADV stocks a tighter, earlier exit trigger than liquid ones, specifically because these are the names most likely to gap straight through an ordinary stop-loss level during a circuit-limited stretch, turning what looks like a 15 percent stop-loss on paper into a 40-percent-plus realised loss.	15 percent		percent	auto-extracted; assign qkey + status in triage (03)
CAND-2311	UNREVIEWED	ch-81-testing-refining-exit-rules.txt	75		Rupak's refined rule, after this backtesting exercise, reads like this: for stocks above the Part XII free-float and ADV thresholds, exit at the close of any session where price is 15 percent or more below purchase price, treating this as validated by the backtest's grinding-decline scenario.	15 percent		percent	auto-extracted; assign qkey + status in triage (03)
CAND-2312	UNREVIEWED	ch-81-testing-refining-exit-rules.txt	75		For stocks below those thresholds, exit at the close of any session where price is 10 percent or more below purchase price, and additionally begin exiting a portion of the position, not waiting for the full trigger, the moment the depth ladder shows buy-side volume thinning meaningfully below its 20-session average, since that thinning is an early warning that a circuit trap may be forming before 	10 percent		percent	auto-extracted; assign qkey + status in triage (03)
CAND-2313	UNREVIEWED	ch-81-testing-refining-exit-rules.txt	76		An exit trigger set too tight, say at 5 percent for every stock regardless of liquidity, would have converted the sideways-chop scenario in Lesson 81.5 into a string of small, repeated losses from whipsaw, since ordinary daily noise in a NEPSE stock routinely exceeds 5 percent without indicating a real trend change.	5 percent		percent|nepse	auto-extracted; assign qkey + status in triage (03)
CAND-2314	UNREVIEWED	ch-81-testing-refining-exit-rules.txt	78		A real exit rule needs an exact, numeric trigger, whether that is a fixed percentage stop-loss like Rupak's original 15 percent rule or a trend-based rule like the 50-day moving-average exit, stated precisely enough that any two people looking at the same price history would make the identical decision on the identical day.	15 percent		percent	auto-extracted; assign qkey + status in triage (03)
CAND-2315	UNREVIEWED	ch-81-testing-refining-exit-rules.txt	79		The specifically NEPSE part of this chapter was the circuit breaker system: the daily percentage band, long set at 10 percent and widened to 15 percent in 2026, along with the market-wide index halt mechanism, and the very real risk that a falling stock, especially a thin, low-free-float one, can sit frozen at its lower circuit price for several consecutive sessions with no buyers appearing at any	10 percent		percent|nepse	auto-extracted; assign qkey + status in triage (03)
CAND-2316	UNREVIEWED	ch-81-testing-refining-exit-rules.txt	79		This is not a theoretical risk; it echoes real patterns from NEPSE's 2021-2022 correction and the 2023 microfinance circuit-trap episode.			nepse	auto-extracted; assign qkey + status in triage (03)
CAND-2317	UNREVIEWED	ch-81-testing-refining-exit-rules.txt	79		Rupak's own worked example showed exactly this gap in action: a rule that promised roughly a 15 percent loss delivered a realised loss of over 43 percent once a five-session circuit-trap stretch was properly modelled, a failure his own informal version of the rule had already suffered once, unnoticed, years earlier.	15 percent		percent	auto-extracted; assign qkey + status in triage (03)
CAND-2318	UNREVIEWED	ch-81-testing-refining-exit-rules.txt	80		Neither rule, used identically across every NEPSE stock regardless of its liquidity profile, is good enough, which is why the refinement in Lesson 81.6 tied the exit trigger itself back to the free-float and ADV thresholds from Part XII: a looser, later trigger for liquid names, a tighter, earlier trigger with a liquidity buffer for thin ones, each adjustment made in a small step, tested against s			nepse	auto-extracted; assign qkey + status in triage (03)
CAND-2319	UNREVIEWED	ch-81-testing-refining-exit-rules.txt	81		NEPSE in 2026 is not NEPSE in 2021: the circuit band itself has changed, sector composition shifts, and the free-float and liquidity profile of individual stocks moves as companies grow, merge, or get diluted through further share issuance.			nepse	auto-extracted; assign qkey + status in triage (03)
CAND-2320	UNREVIEWED	ch-82-measuring-managing-model-drift.txt	10		It was July 2026, and she was looking at a chart that made her deeply uncomfortable.	July 2026		word_date	auto-extracted; assign qkey + status in triage (03)
CAND-2321	UNREVIEWED	ch-82-measuring-managing-model-drift.txt	15		The Canon Score, as calibrated in Chapter 80, was cut to fit NEPSE roughly as it behaved across 2018 to 2021 data — a market with a certain mix of banks, hydropower companies, microfinance institutions, and manufacturing firms; a certain size and temperament of retail investor base; a certain regulatory backdrop.			nepse	auto-extracted; assign qkey + status in triage (03)
CAND-2322	UNREVIEWED	ch-82-measuring-managing-model-drift.txt	15		The exit rules calibrated in Chapter 81 were cut to fit NEPSE's circuit-breaker mechanics and liquidity patterns as they existed when that testing was done.			nepse	auto-extracted; assign qkey + status in triage (03)
CAND-2323	UNREVIEWED	ch-82-measuring-managing-model-drift.txt	15		NEPSE in 2026 is not the same market, and pretending the pattern still fits because it fit once is exactly the kind of complacency this book has tried to train out of you since Part XV began.			nepse	auto-extracted; assign qkey + status in triage (03)
CAND-2324	UNREVIEWED	ch-82-measuring-managing-model-drift.txt	22		"In 2015, NRB directed commercial banks to raise their minimum paid-up capital — the base equity cushion a bank must hold before it can call itself a ""class A"" commercial bank — roughly fourfold, from Rs 2 billion to Rs 8 billion, with a deadline of mid-2017 (the end of the Nepali fiscal year 2073/74)."	2073/74		fraction|amount	auto-extracted; assign qkey + status in triage (03)
CAND-2325	UNREVIEWED	ch-82-measuring-managing-model-drift.txt	24		NRB's 2015 directive lifting commercial bank paid-up capital requirements from Rs 2 billion to Rs 8 billion, with compliance due by mid-2017, triggered one of the largest waves of bank mergers and forced capital-raising in NEPSE's history.	Rs 2		amount|nepse	auto-extracted; assign qkey + status in triage (03)
CAND-2326	UNREVIEWED	ch-82-measuring-managing-model-drift.txt	26		Hydropower listings have expanded dramatically in recent years; by 2025, hydropower companies made up the largest single block of newly listed and pipeline companies on NEPSE, with dozens of hydropower IPOs approved by SEBON and a multi-billion-rupee pipeline of further hydropower issuances still to come.			nepse	auto-extracted; assign qkey + status in triage (03)
CAND-2327	UNREVIEWED	ch-82-measuring-managing-model-drift.txt	28		Hydropower listings and pipeline IPOs became the largest single sector by count of new NEPSE companies by 2025.			nepse	auto-extracted; assign qkey + status in triage (03)
CAND-2328	UNREVIEWED	ch-82-measuring-managing-model-drift.txt	29		NEPSE's investor base has grown enormously; demat accounts (the electronic share-holding accounts required to trade) numbered in the low millions a few years ago and had climbed toward roughly eight million by 2026, swelled by remittance-fed household savings and a post-pandemic wave of first-time retail participation.			nepse	auto-extracted; assign qkey + status in triage (03)
CAND-2329	UNREVIEWED	ch-82-measuring-managing-model-drift.txt	41		2023 Q311.2%2.1%9.1 pts68%1 per 14 trading days	311.2%		percent	auto-extracted; assign qkey + status in triage (03)
CAND-2330	UNREVIEWED	ch-82-measuring-managing-model-drift.txt	42		2024 Q110.4%1.8%8.6 pts65%1 per 13 trading days	110.4%		percent	auto-extracted; assign qkey + status in triage (03)
CAND-2331	UNREVIEWED	ch-82-measuring-managing-model-drift.txt	43		2024 Q39.8%3.0%6.8 pts63%1 per 12 trading days	39.8%		percent	auto-extracted; assign qkey + status in triage (03)
CAND-2332	UNREVIEWED	ch-82-measuring-managing-model-drift.txt	44		2025 Q18.1%4.4%3.7 pts58%1 per 9 trading days	18.1%		percent	auto-extracted; assign qkey + status in triage (03)
CAND-2333	UNREVIEWED	ch-82-measuring-managing-model-drift.txt	45		2025 Q36.9%5.2%1.7 pts54%1 per 7 trading days	36.9%		percent	auto-extracted; assign qkey + status in triage (03)
CAND-2334	UNREVIEWED	ch-82-measuring-managing-model-drift.txt	46		2026 Q16.2%5.6%0.6 pts51%1 per 6 trading days	16.2%		percent	auto-extracted; assign qkey + status in triage (03)
CAND-2335	UNREVIEWED	ch-82-measuring-managing-model-drift.txt	47		The hit rate slid from a comfortably above-chance 68 percent toward a coin-flip 51 percent.	68 percent		percent	auto-extracted; assign qkey + status in triage (03)
CAND-2336	UNREVIEWED	ch-82-measuring-managing-model-drift.txt	60		Working through the four drift-source questions, the regulatory answer jumped out immediately: the Rs 8 billion paid-up capital mandate, a full decade old by 2026, had done its work so thoroughly that virtually every surviving commercial bank now cleared it comfortably.	Rs 8		amount	auto-extracted; assign qkey + status in triage (03)
CAND-2337	UNREVIEWED	ch-82-measuring-managing-model-drift.txt	73		"She replaced the capital-adequacy dimension's binary ""does this bank clear Rs 8 billion"" threshold — now nearly meaningless since almost every surviving bank clears it — with a relative measure comparing each bank's capital adequacy ratio (a bank's capital as a percentage of its risk-weighted assets, a standard regulatory soundness measure) against its peers today, restoring some spread to a dimen"	Rs 8		amount	auto-extracted; assign qkey + status in triage (03)
CAND-2338	UNREVIEWED	ch-82-measuring-managing-model-drift.txt	81		On NEPSE specifically, four forces drive that change — regulatory shocks like NRB's decade-old paid-up capital mandate that pushed commercial banks from a Rs 2 billion to an Rs 8 billion minimum and, in doing so, eventually flattened a capital-adequacy scoring dimension that used to usefully separate strong banks from weak ones; sector composition shifts, most visibly the surge of hydropower IPOs 	Rs 2		amount|nepse	auto-extracted; assign qkey + status in triage (03)
CAND-2339	UNREVIEWED	ch-83-case-study-commercial-bank.txt	12		This chapter follows her through all six lessons of the case study, using Nabil's real, publicly reported figures as of mid-2025 and the first half of fiscal year 2082/83.	2082/83		fraction	auto-extracted; assign qkey + status in triage (03)
CAND-2340	UNREVIEWED	ch-83-case-study-commercial-bank.txt	15		In July 2022, Nabil completed a merger with Nepal Bangladesh Bank Limited (NB Bank), swapping 43 Nabil shares for every 100 NB Bank shares held.	July 2022		word_date	auto-extracted; assign qkey + status in triage (03)
CAND-2341	UNREVIEWED	ch-83-case-study-commercial-bank.txt	16		As of its most recent disclosures, Nabil operates 268 branches and around 316 ATMs across Nepal, with a paid-up capital of roughly Rs 32.06 arba (Rs 32.06 billion) — about four times NRB's old minimum capital mandate, a detail Lesson 83.4 will return to in detail.	Rs 32.06		amount	auto-extracted; assign qkey + status in triage (03)
CAND-2342	UNREVIEWED	ch-83-case-study-commercial-bank.txt	16		Its shares outstanding sit at about 27.06 crore (270.6 million), promoter shareholders hold roughly 58.44 percent of the company, and the general public holds the remaining 41.56 percent.	58.44 percent		percent	auto-extracted; assign qkey + status in triage (03)
CAND-2343	UNREVIEWED	ch-83-case-study-commercial-bank.txt	16		Market capitalisation has recently sat around Rs 146 arba (Rs 146 billion), making Nabil one of the larger banks on the exchange by market value, though no longer automatically the largest — a decade of mergers among its peers has produced several banks of comparable or greater size.	Rs 146		amount	auto-extracted; assign qkey + status in triage (03)
CAND-2344	UNREVIEWED	ch-83-case-study-commercial-bank.txt	30		At a share price near Rs 540, a single day's typical volume represents roughly Rs 2.5 to 2.8 crore (NPR 25–28 million) of turnover — comfortably above Chapter 64's NPR 5 million top band, so the volume sub-component scores a full 5 out of 5.	Rs 540,		amount|score_band	auto-extracted; assign qkey + status in triage (03)
CAND-2345	UNREVIEWED	ch-83-case-study-commercial-bank.txt	30		Free float — the portion of shares actually available to trade, as opposed to locked up with promoters — sits at roughly 41.56 percent of the company, since promoters hold the remaining 58.44 percent.	41.56 percent		percent	auto-extracted; assign qkey + status in triage (03)
CAND-2346	UNREVIEWED	ch-83-case-study-commercial-bank.txt	30		That clears Chapter 64's 40 percent free-float threshold for full marks, another 5 out of 5.	40 percent		percent	auto-extracted; assign qkey + status in triage (03)
CAND-2347	UNREVIEWED	ch-83-case-study-commercial-bank.txt	33		Its Q4 FY2081/82 unaudited results reported net profit of roughly Rs 7.13 arba, a 15.01 percent jump — but the subsequently audited figure came in at roughly Rs 5.92 arba, a downward revision of about 17 percent.	15.01 percent		percent|amount	auto-extracted; assign qkey + status in triage (03)
CAND-2348	UNREVIEWED	ch-83-case-study-commercial-bank.txt	35		On the positive side of the ledger, Nabil is the oldest continuously operating private commercial bank in Nepal, has survived four decades of political and economic cycles, completed a complex merger without a depositor-facing crisis, and in July 2025 commissioned a fresh issuer rating from CARE Ratings Nepal — the kind of voluntary external scrutiny that a bank hiding something usually avoids inv	July 2025		word_date	auto-extracted; assign qkey + status in triage (03)
CAND-2349	UNREVIEWED	ch-83-case-study-commercial-bank.txt	41		For fiscal year 2081/82 (roughly mid-2024 to mid-2025), Nabil reported customer deposits of about Rs 5.24 kharba (Rs 524 billion), up 13.53 percent year-on-year, and loans and advances of about Rs 4.12 kharba (Rs 412 billion), up 10.50 percent.	13.53 percent		percent|fraction|amount	auto-extracted; assign qkey + status in triage (03)
CAND-2350	UNREVIEWED	ch-83-case-study-commercial-bank.txt	41		Its CASA ratio — the share of deposits sitting in low-cost current and savings accounts rather than more expensive fixed deposits — stood at about 44.35 percent, recovering from a post-merger trough near 35 percent.	44.35 percent		percent	auto-extracted; assign qkey + status in triage (03)
CAND-2351	UNREVIEWED	ch-83-case-study-commercial-bank.txt	41		Its cost of funds fell from about 5.86 percent to 4.41 percent over the same stretch, and continued falling toward roughly 3.25 percent in the following quarters.	5.86 percent		percent	auto-extracted; assign qkey + status in triage (03)
CAND-2352	UNREVIEWED	ch-83-case-study-commercial-bank.txt	41		Earnings per share (EPS) rose from about Rs 22.90 to about Rs 26.34 for the fiscal year.	Rs 22.90		amount	auto-extracted; assign qkey + status in triage (03)
CAND-2353	UNREVIEWED	ch-83-case-study-commercial-bank.txt	41		Reported net profit for the year, using the unaudited figure, was about Rs 7.13 arba; the audited figure, as already noted, came in lower at about Rs 5.92 arba.	Rs 7.13		amount	auto-extracted; assign qkey + status in triage (03)
CAND-2354	UNREVIEWED	ch-83-case-study-commercial-bank.txt	42		Nabil's ROE has come in at roughly 10 to 11 percent for fiscal year 2081/82 on the most commonly cited basis — a sharp fall from a pre-merger run rate closer to 19 to 20 percent, with the intervening post-merger years sitting somewhere in between as the integration worked through the numbers.	11 percent		percent|fraction	auto-extracted; assign qkey + status in triage (03)
CAND-2355	UNREVIEWED	ch-83-case-study-commercial-bank.txt	42		(Different data providers compute this differently — some use average shareholders' equity, some use period-end equity, some annualize a single strong quarter — which is why you will see figures for Nabil's ROE ranging from under 10 percent to over 18 percent depending on the source.	10 percent		percent	auto-extracted; assign qkey + status in triage (03)
CAND-2356	UNREVIEWED	ch-83-case-study-commercial-bank.txt	42		"Sushmita's practical fix was to compute it herself, net profit divided by average equity for the full fiscal year, and treat any other figure as a cross-check rather than a substitute.) A 3-year average that starts near 19–20 percent and ends near 10–11 percent lands close to Chapter 64's ""near current system average"" band rather than its top band."	20 percent		percent|score_band	auto-extracted; assign qkey + status in triage (03)
CAND-2357	UNREVIEWED	ch-83-case-study-commercial-bank.txt	47		Nepal Rastra Bank requires Class 'A' commercial banks to maintain a minimum total capital fund (capital adequacy ratio) of 11 percent of risk-weighted assets.	11 percent		percent	auto-extracted; assign qkey + status in triage (03)
CAND-2358	UNREVIEWED	ch-83-case-study-commercial-bank.txt	47		NRB's separate credit-to-deposit ceiling — the rule that a bank cannot lend out more than 90 percent of the deposits and qualifying funds it holds — has been the sector's headline liquidity constraint for years, though NRB's monetary policy for 2025/26 signals a shift toward assessing bank liquidity through Liquidity Coverage Ratio (LCR) and Net Stable Funding Ratio (NSFR) standards instead, with 	90 percent		percent|fraction	auto-extracted; assign qkey + status in triage (03)
CAND-2359	UNREVIEWED	ch-83-case-study-commercial-bank.txt	48		Nabil's capital adequacy ratio has recently sat close to 11.94 percent against that 11 percent floor — comfortably within Chapter 64's 11.5–13 percent band, which is worth 5 out of 7, but well short of the 13 percent-or-higher band that would earn full marks.	11.94 percent		percent|score_band	auto-extracted; assign qkey + status in triage (03)
CAND-2360	UNREVIEWED	ch-83-case-study-commercial-bank.txt	49		Nabil's non-performing loan ratio has moved from a pristine 0.84 percent in fiscal year 2078/79, up to a post-merger peak near 4.78 percent in 2080/81 as NB Bank's loan book was absorbed and reclassified under Nabil's own underwriting standards, and back down to a range of roughly 4.3 to 4.5 percent in the most recent quarters — a large move from the bank's historic norm that has not yet fully rou	0.84 percent		percent|fraction	auto-extracted; assign qkey + status in triage (03)
CAND-2361	UNREVIEWED	ch-83-case-study-commercial-bank.txt	50		On the liquidity side, separate from the Liquidity & Tradability dimension scored in Lesson 83.2, Nabil's loan-to-deposit ratio has recently sat around 82.5 percent, comfortably under the 90 percent regulatory ceiling, implying roughly Rs 39 arba of additional lending capacity before that ceiling would bind.	82.5 percent		percent|amount	auto-extracted; assign qkey + status in triage (03)
CAND-2362	UNREVIEWED	ch-83-case-study-commercial-bank.txt	51		Chapter 64 is explicit that NEPSE valuation must be judged against sector and historical medians, never a fixed textbook number — this book has already noted that NEPSE's banking sector has typically traded closer to 15–16 times earnings and around 1.5 times book value, well below the exchange's broader index.	15–16		score_band|nepse	auto-extracted; assign qkey + status in triage (03)
CAND-2363	UNREVIEWED	ch-83-case-study-commercial-bank.txt	51		At a recent share price near Rs 541 to Rs 548, against a book value per share of roughly Rs 235 to Rs 247, Nabil trades at a price-to-book (P/B) ratio of about 2.19 times — against a sector median near 1.5 times, that works out to roughly 1.46 times the sector median, which falls in Chapter 64's 1.1x–1.5x band rather than its top band.	Rs 541		amount	auto-extracted; assign qkey + status in triage (03)
CAND-2364	UNREVIEWED	ch-83-case-study-commercial-bank.txt	52		Nabil's loan book grew 10.50 percent and its deposits 13.53 percent for the fiscal year — a single year's figure rather than a verified 5-year CAGR, but one that sits inside Chapter 64's 8–15 percent band.	10.50 percent		percent|score_band	auto-extracted; assign qkey + status in triage (03)
CAND-2365	UNREVIEWED	ch-83-case-study-commercial-bank.txt	52		"EPS grew from Rs 22.90 to Rs 26.34 this year, but set against the sharp post-merger ROE swing already discussed, that reads as one strong year inside a choppier multi-year pattern rather than a clean, low-volatility uptrend — Chapter 64's ""positive in 3 of 5 years, moderate swings"" band, worth 4 out of 7."	Rs 22.90		amount	auto-extracted; assign qkey + status in triage (03)
CAND-2366	UNREVIEWED	ch-83-case-study-commercial-bank.txt	53		Nabil has paid a dividend every year for at least the last five fiscal years Sushmita could find a public record for: 38 percent (mostly bonus shares) for FY2077/78, 30 percent for FY2078/79, then a shift to cash-only payouts as the sector moved away from bonus-heavy distributions — 11 percent cash for FY2079/80, 10 percent cash for FY2080/81, and 12.5 percent cash for FY2081/82.	38 percent		percent	auto-extracted; assign qkey + status in triage (03)
CAND-2367	UNREVIEWED	ch-83-case-study-commercial-bank.txt	53		"On an EPS of Rs 26.34, a 12.5 percent cash dividend (Rs 12.5 per Rs 100 of face value) works out to a payout ratio near 47 percent of profit — squarely inside Chapter 64's 30–70 percent ""sensible"" band."	12.5 percent		percent|amount|score_band	auto-extracted; assign qkey + status in triage (03)
CAND-2368	UNREVIEWED	ch-83-case-study-commercial-bank.txt	56		Chapter 82 flagged a specific, well-documented problem with an older, cruder way of scoring bank capital: an approach built years ago around NRB's landmark paid-up capital mandate — the rule, dating back roughly a decade, that forced every commercial bank to hold at least Rs 8 billion in paid-up capital or merge with one that did.	Rs 8		amount	auto-extracted; assign qkey + status in triage (03)
CAND-2369	UNREVIEWED	ch-83-case-study-commercial-bank.txt	56		"At the time, ""does this bank clear Rs 8 billion in paid-up capital"" was a genuinely useful, discriminating question — plenty of banks did not clear it, and it correctly separated the institutions that would survive from those that would be absorbed."	Rs 8		amount	auto-extracted; assign qkey + status in triage (03)
CAND-2370	UNREVIEWED	ch-83-case-study-commercial-bank.txt	57		Nabil's paid-up capital sits at roughly Rs 32 arba — four times the old mandate — and so does essentially every other surviving commercial bank on NEPSE, because the ones that could not get there were merged out of existence years ago.	Rs 32		amount|nepse	auto-extracted; assign qkey + status in triage (03)
CAND-2371	UNREVIEWED	ch-83-case-study-commercial-bank.txt	60		Chapter 64's capital-adequacy sub-component already avoids the worst of this by scoring the CAR ratio itself against NRB's current thresholds (11 percent, 11.5 percent, 13 percent) rather than an absolute paid-up-capital rupee figure — which is why Nabil's 11.94 percent lands in the 11.5–13 percent band for 5 out of 7, not automatic full marks.	11 percent		percent|score_band	auto-extracted; assign qkey + status in triage (03)
CAND-2372	UNREVIEWED	ch-83-case-study-commercial-bank.txt	61		BankCapital adequacy ratioPosition vs sector average of 13.08%	13.08%		percent	auto-extracted; assign qkey + status in triage (03)
CAND-2373	UNREVIEWED	ch-83-case-study-commercial-bank.txt	62		Standard Chartered Bank Nepal17.82%Well above average	17.82%		percent	auto-extracted; assign qkey + status in triage (03)
CAND-2374	UNREVIEWED	ch-83-case-study-commercial-bank.txt	63		Prabhu Bank13.90%Above average	13.90%		percent	auto-extracted; assign qkey + status in triage (03)
CAND-2375	UNREVIEWED	ch-83-case-study-commercial-bank.txt	64		Nepal Investment Mega Bank13.73%Above average	13.73%		percent	auto-extracted; assign qkey + status in triage (03)
CAND-2376	UNREVIEWED	ch-83-case-study-commercial-bank.txt	65		NIC Asia Bank13.42%Above average	13.42%		percent	auto-extracted; assign qkey + status in triage (03)
CAND-2377	UNREVIEWED	ch-83-case-study-commercial-bank.txt	66		Agriculture Development Bank13.36%Above average	13.36%		percent	auto-extracted; assign qkey + status in triage (03)
CAND-2378	UNREVIEWED	ch-83-case-study-commercial-bank.txt	67		Nepal Bank Limited13.06%Roughly at average	13.06%		percent	auto-extracted; assign qkey + status in triage (03)
CAND-2379	UNREVIEWED	ch-83-case-study-commercial-bank.txt	68		Global IME Bank12.97%Slightly below average	12.97%		percent	auto-extracted; assign qkey + status in triage (03)
CAND-2380	UNREVIEWED	ch-83-case-study-commercial-bank.txt	69		NMB Bank12.03%Below average	12.03%		percent	auto-extracted; assign qkey + status in triage (03)
CAND-2381	UNREVIEWED	ch-83-case-study-commercial-bank.txt	70		Nabil Bank11.94%Below average, 9th of 12	11.94%		percent	auto-extracted; assign qkey + status in triage (03)
CAND-2382	UNREVIEWED	ch-83-case-study-commercial-bank.txt	71		Rastriya Banijya Bank11.84%Below average	11.84%		percent	auto-extracted; assign qkey + status in triage (03)
CAND-2383	UNREVIEWED	ch-83-case-study-commercial-bank.txt	72		Siddhartha Bank11.77%Below average	11.77%		percent	auto-extracted; assign qkey + status in triage (03)
CAND-2384	UNREVIEWED	ch-83-case-study-commercial-bank.txt	73		Himalayan Bank11.16%Below average, near the floor	11.16%		percent	auto-extracted; assign qkey + status in triage (03)
CAND-2385	UNREVIEWED	ch-83-case-study-commercial-bank.txt	74		Nabil's 11.94 percent CAR sits below the sector average of 13.08 percent, ranks ninth out of the twelve major banks in this snapshot, and carries a thinner capital buffer above the regulatory floor than eight of its listed peers.	11.94 percent		percent	auto-extracted; assign qkey + status in triage (03)
CAND-2386	UNREVIEWED	ch-83-case-study-commercial-bank.txt	76		NRB's 2025/26 monetary policy adds two more reasons the capital-adequacy picture is worth watching rather than treating as settled: it directs NRB to develop a Domestic Systemically Important Bank (DSIB) framework, which would impose extra capital and supervisory requirements on the handful of banks judged too large or interconnected to fail — a group Nabil, given its size and history, would very 	2025/26		fraction	auto-extracted; assign qkey + status in triage (03)
CAND-2387	UNREVIEWED	ch-83-case-study-commercial-bank.txt	81		Financial Strength & Profitability2012ROE near system average, compressed from a pre-merger 19–20% → 4/8; CAR 11.94% → 5/7 (11.5–13% band); a real post-merger flat/declining stretch in the profit trend → 3/5	20%		percent|fraction|score_band	auto-extracted; assign qkey + status in triage (03)
CAND-2388	UNREVIEWED	ch-83-case-study-commercial-bank.txt	82		Governance & Promoter Behaviour1511Stable, unpledged promoter holding but a contested ownership transfer under court stay → 5/6; clean audits with a recurring unaudited-to-audited revision pattern → 3/5; on-time filings, board independence unverified → 3/4	5/6		fraction	auto-extracted; assign qkey + status in triage (03)
CAND-2389	UNREVIEWED	ch-83-case-study-commercial-bank.txt	83		Liquidity & Tradability1010ADV ~Rs 2.5–2.8 crore/day → 5/5; free float 41.56% → 5/5	41.56%		percent|fraction|amount|score_band	auto-extracted; assign qkey + status in triage (03)
CAND-2390	UNREVIEWED	ch-83-case-study-commercial-bank.txt	84		Valuation Reasonableness156P/E ~20x vs ~15.5x sector median (≈1.29x) → 3/8; P/B ~2.19x vs ~1.5x sector median (≈1.46x) → 3/7	3/8		fraction	auto-extracted; assign qkey + status in triage (03)
CAND-2391	UNREVIEWED	ch-83-case-study-commercial-bank.txt	85		Sector & Business Model Durability1513Regulated banking moat, high entry barriers → 8/8; broad, diversified branch network, concentration not separately verified → 5/7	8/8		fraction	auto-extracted; assign qkey + status in triage (03)
CAND-2392	UNREVIEWED	ch-83-case-study-commercial-bank.txt	86		Growth Trajectory1510Loan growth 10.50% YoY → 6/8 (8–15% band); EPS grew this year inside a choppier post-merger pattern → 4/7	10.50%		percent|fraction|score_band	auto-extracted; assign qkey + status in triage (03)
CAND-2393	UNREVIEWED	ch-83-case-study-commercial-bank.txt	87		Dividend & Capital Return Discipline109Paid every year for 5 straight fiscal years, payout ratio ≈47% of EPS → 6/6; funded from ordinary profit, not separately audited line by line → 3/4	47%		percent|fraction	auto-extracted; assign qkey + status in triage (03)
CAND-2394	UNREVIEWED	ch-83-case-study-commercial-bank.txt	88		Canon Quality Score10071Band: Strong (70–84)	70–84		score_band	auto-extracted; assign qkey + status in triage (03)
CAND-2395	UNREVIEWED	ch-83-case-study-commercial-bank.txt	89		Summed, Nabil Bank's Canon Score comes to 71 out of 100 — inside Chapter 64's Strong band (70–84), a rung above Adequate and a rung below Exceptional.	70–84		score_band	auto-extracted; assign qkey + status in triage (03)
CAND-2396	UNREVIEWED	ch-83-case-study-commercial-bank.txt	91		A 2.19x book multiple and a 20x earnings multiple, on a bank earning roughly 10 to 11 percent on that book right now, is not obviously cheap by the plain arithmetic of return on equity versus valuation — which is exactly why it is Nabil's lowest-scoring dimension at 6 out of 15.	11 percent		percent	auto-extracted; assign qkey + status in triage (03)
CAND-2397	UNREVIEWED	ch-83-case-study-commercial-bank.txt	92		The question is how much the 11.5–13 percent band should reflect a bank sitting in the lower half of its peer group specifically, especially with a systemic-bank framework and an asset-quality review both pending.	13 percent		percent|score_band	auto-extracted; assign qkey + status in triage (03)
CAND-2398	UNREVIEWED	ch-83-case-study-commercial-bank.txt	101		Fourth, the outcomes of NRB's planned asset quality review and its forthcoming Domestic Systemically Important Bank framework — both explicitly flagged in the 2025/26 monetary policy — could reshape Nabil's effective capital and provisioning requirements independent of anything the bank does on its own, and deserve a fresh look the moment either is published in final form.	2025/26		fraction	auto-extracted; assign qkey + status in triage (03)
CAND-2399	UNREVIEWED	ch-83-case-study-commercial-bank.txt	106		Working alongside a first-time practitioner, Sushmita Karki, the chapter moved through Nabil's basic profile — its 1984 origin as Nepal's first joint-venture bank, its 2022 merger with Nepal Bangladesh Bank, its 268 branches and roughly Rs 32 arba paid-up capital — and the six banking-sector numbers from Chapter 71 that any competent bank analysis has to incorporate: net interest margin, credit-to	Rs 32		amount	auto-extracted; assign qkey + status in triage (03)
CAND-2400	UNREVIEWED	ch-83-case-study-commercial-bank.txt	107		Hemisphere 1 scored Liquidity & Tradability (10/10 — deep enough daily turnover and a normal promoter-to-public split), Governance & Promoter Behaviour (11/15 — a long clean operating history complicated by a recurring unaudited-to-audited profit revision pattern and an unresolved, court-stayed promoter-share transfer), and Sector & Business Model Durability (13/15 — a strong regulated moat, diver	10/10		fraction	auto-extracted; assign qkey + status in triage (03)
CAND-2401	UNREVIEWED	ch-83-case-study-commercial-bank.txt	107		Hemisphere 2 scored Financial Strength & Profitability (12/20), Valuation Reasonableness (6/15), Growth Trajectory (10/15), and Dividend & Capital Return Discipline (9/10) — healthy deposit and loan growth and a reliable multi-year dividend record set against a return on equity that has compressed sharply since the 2022 merger, alongside a valuation multiple that has not obviously priced that comp	12/20		fraction	auto-extracted; assign qkey + status in triage (03)
CAND-2402	UNREVIEWED	ch-83-case-study-commercial-bank.txt	108		The chapter then applied Chapter 82's drift-adjustment discipline directly and concretely: rather than leaning on the now-saturated Rs 8 billion paid-up-capital mandate that every surviving bank clears by a wide margin and that plays no part in Chapter 64's actual rubric, it checked Nabil's capital-adequacy ratio against its current NEPSE peer set — finding Nabil compliant with NRB's 11 percent fl	11 percent		percent|amount|score_band|nepse	auto-extracted; assign qkey + status in triage (03)
CAND-2403	UNREVIEWED	ch-84-case-study-hydropower-plant.txt	9		In Chapter 83 she had taken the Canon Score — the book's 100-point, seven-dimension framework for scoring a NEPSE-listed company — and applied it start to finish to a commercial bank.			nepse	auto-extracted; assign qkey + status in triage (03)
CAND-2404	UNREVIEWED	ch-84-case-study-hydropower-plant.txt	12		Scored on 25 August 2026 using Chilime’s publicly reported figures to that date, including FY2081/82 results.	25 August		word_date	auto-extracted; assign qkey + status in triage (03)
CAND-2405	UNREVIEWED	ch-84-case-study-hydropower-plant.txt	12		The plant was damaged by the Bhotekoshi flood of 26 August 2026, one day later, and nothing in this chapter reflects that event.	26 August		word_date	auto-extracted; assign qkey + status in triage (03)
CAND-2406	UNREVIEWED	ch-84-case-study-hydropower-plant.txt	12		Upper Tamakoshi comparison figures in Lesson 84.6 were verified against NEPSE data providers in August 2026.	August 2026		word_date|nepse	auto-extracted; assign qkey + status in triage (03)
CAND-2407	UNREVIEWED	ch-84-case-study-hydropower-plant.txt	15		Nepal Electricity Authority (NEA), the state-owned electric utility that is effectively the only legal buyer of wholesale electricity in Nepal, owns 51 percent of Chilime Hydropower Company, with the remaining 49 percent held by the public — including a 10 percent slice specifically reserved for local residents of Rasuwa, the district where the plant sits.	51 percent		percent	auto-extracted; assign qkey + status in triage (03)
CAND-2408	UNREVIEWED	ch-84-case-study-hydropower-plant.txt	22		On the day Sabina pulled CHCL's data, the session traded just under 19,000 units at a price near Rs 478 — a single day's print rather than the 6-month average Chapter 64 actually asks for, a limitation she noted honestly rather than pretending one day's volume settles the question.	Rs 478		amount	auto-extracted; assign qkey + status in triage (03)
CAND-2409	UNREVIEWED	ch-84-case-study-hydropower-plant.txt	22		Taken as a rough proxy, that print implies roughly Rs 90 lakh (about NPR 9 million) of same-day turnover, comfortably above Chapter 64's NPR 5 million top band, worth a provisional 5 out of 5 on the volume sub-component.	Rs 90		amount	auto-extracted; assign qkey + status in triage (03)
CAND-2410	UNREVIEWED	ch-84-case-study-hydropower-plant.txt	22		Just as importantly, CHCL's 52-week range of roughly Rs 450 to Rs 525 — a band of about 16 percent — moves in both directions over the year rather than sitting pinned at one circuit limit, which is exactly the kind of two-way price action Chapter 65 says to check for before trusting a stock's apparent liquidity.	16 percent		percent|amount	auto-extracted; assign qkey + status in triage (03)
CAND-2411	UNREVIEWED	ch-84-case-study-hydropower-plant.txt	22		Free float is a tighter fit: with NEA holding a fixed 51 percent stake and 10 percent reserved for local Rasuwa shareholders who tend to hold rather than trade, only about 39 percent of Chilime's roughly 94.8 million shares are genuinely free-floating — just under Chapter 64's 40 percent threshold for full marks, landing instead in the next band down, worth 3 out of 5.	51 percent		percent	auto-extracted; assign qkey + status in triage (03)
CAND-2412	UNREVIEWED	ch-84-case-study-hydropower-plant.txt	24		Chilime does not show that pattern — its price has moved within a real, two-sided 16 percent band over the past year rather than grinding up or down at the daily limit — but a Canon Score user should check for it explicitly on every hydropower counter, not assume its absence.	16 percent		percent	auto-extracted; assign qkey + status in triage (03)
CAND-2413	UNREVIEWED	ch-84-case-study-hydropower-plant.txt	25		Promoter shareholding stability and pledging (6 points) scores cleanly here — NEA's 51 percent stake has been stable for decades with no evidence of pledging, and the 10 percent locally reserved tranche is a stabilising, not a destabilizing, feature — a full 6 out of 6.	51 percent		percent	auto-extracted; assign qkey + status in triage (03)
CAND-2414	UNREVIEWED	ch-84-case-study-hydropower-plant.txt	33		Chilime's most recently reported ROE sits at roughly 6.7 percent, close to its 10-year median of about 7.2 percent, and its 3-year average — pulled down by a trough near 3.4 percent a couple of years ago before a partial recovery — lands below the 7 percent line Chapter 64 uses as its lowest band cutoff.	6.7 percent		percent	auto-extracted; assign qkey + status in triage (03)
CAND-2415	UNREVIEWED	ch-84-case-study-hydropower-plant.txt	36		Chilime trades around Rs 478 per share against recent per-share earnings near Rs 7.6 and a book value per share near Rs 125 — a price-to-earnings ratio near 63 times and a price-to-book ratio near 3.8 times.	Rs 478		amount	auto-extracted; assign qkey + status in triage (03)
CAND-2416	UNREVIEWED	ch-84-case-study-hydropower-plant.txt	36		"Nepal's hydropower sector has, at different points, been reported anywhere from a sector-average P/E in the high teens to broadly ""trading rich"" alongside most non-bank NEPSE sectors, well above banking's roughly 15-16x — a real range Sabina could not narrow to one clean number, so she treated the wider end as the more conservative comparison."			nepse	auto-extracted; assign qkey + status in triage (03)
CAND-2417	UNREVIEWED	ch-84-case-study-hydropower-plant.txt	36		Its P/B of about 3.8x, checked against NEPSE's whole-exchange average of roughly 2.8x (a hydropower-specific P/B median was not something Sabina could pin down cleanly, a sourcing gap worth naming rather than hiding), works out to roughly 1.4 times that broader benchmark — Chapter 64's 1.1x-1.5x band, worth 3 out of 7.			nepse	auto-extracted; assign qkey + status in triage (03)
CAND-2418	UNREVIEWED	ch-84-case-study-hydropower-plant.txt	39		"Sabina scored this sub-component 3 out of 8, in the ""0%-8%"" band, while flagging the new capacity as the genuine forward catalyst this trailing figure cannot yet see."	0%		percent	auto-extracted; assign qkey + status in triage (03)
CAND-2419	UNREVIEWED	ch-84-case-study-hydropower-plant.txt	40		Chilime has paid a distribution every year for as long as Sabina could find record of: 8 percent bonus shares plus 4 percent cash for fiscal year 2081/82, down from a 12 percent distribution the year before, and as high as 15 percent in earlier years.	8 percent		percent|fraction	auto-extracted; assign qkey + status in triage (03)
CAND-2420	UNREVIEWED	ch-84-case-study-hydropower-plant.txt	40		The cash component alone, against recent EPS near Rs 7.6, works out to a payout ratio in the neighbourhood of 50 percent of earnings — squarely inside Chapter 64's 30-70 percent sensible band, paid every single year: 6 out of 6.	50 percent		percent|amount|score_band	auto-extracted; assign qkey + status in triage (03)
CAND-2421	UNREVIEWED	ch-84-case-study-hydropower-plant.txt	43		"Chapter 64's ROE bands were built and calibrated around Nepali commercial banks — a 15 percent-plus top band, a 7-to-10 percent ""near system average"" band, and so on."	15 percent		percent	auto-extracted; assign qkey + status in triage (03)
CAND-2422	UNREVIEWED	ch-84-case-study-hydropower-plant.txt	43		Applying that same ruler to Chilime literally, the way Lesson 84.3 just did, gives a 3-year average ROE below 7 percent a score of 1 out of 8 — the lowest band the rubric has.	7 percent		percent	auto-extracted; assign qkey + status in triage (03)
CAND-2423	UNREVIEWED	ch-84-case-study-hydropower-plant.txt	45		CompanyReturn on equityPosition vs Chilime's 6.7%	6.7%		percent	auto-extracted; assign qkey + status in triage (03)
CAND-2424	UNREVIEWED	ch-84-case-study-hydropower-plant.txt	46		Chilime Hydropower (CHCL)~6.7%—	6.7%		percent	auto-extracted; assign qkey + status in triage (03)
CAND-2425	UNREVIEWED	ch-84-case-study-hydropower-plant.txt	47		Sanima Mai Hydropower~4.7%Below Chilime	4.7%		percent	auto-extracted; assign qkey + status in triage (03)
CAND-2426	UNREVIEWED	ch-84-case-study-hydropower-plant.txt	48		Utilities / independent power producer sector median~3.6%Below Chilime	3.6%		percent	auto-extracted; assign qkey + status in triage (03)
CAND-2427	UNREVIEWED	ch-84-case-study-hydropower-plant.txt	49		Upper Tamakoshi Hydropower~-2.1%Well below Chilime (financing costs from project debt overwhelming operating profit)	2.1%		percent	auto-extracted; assign qkey + status in triage (03)
CAND-2428	UNREVIEWED	ch-84-case-study-hydropower-plant.txt	50		Read against Chapter 64's bank-calibrated bands alone, 6.7 percent looks weak.	6.7 percent		percent	auto-extracted; assign qkey + status in triage (03)
CAND-2429	UNREVIEWED	ch-84-case-study-hydropower-plant.txt	50		Read against its own sector — a sector where the disclosed median sits near 3.6 percent, where a well-regarded peer like Sanima Mai sits below Chilime, and where a heavily project-financed peer like Upper Tamakoshi is posting a negative return on equity because financing costs are consuming operating profit before it ever reaches shareholders — Chilime's 6.7 percent looks like one of the stronger 	3.6 percent		percent	auto-extracted; assign qkey + status in triage (03)
CAND-2430	UNREVIEWED	ch-84-case-study-hydropower-plant.txt	56		Financial Strength & Profitability20113-yr avg ROE below 7% on bank-calibrated bands, though above the hydropower peer median → 1/8; near-unlevered parent balance sheet (equity stakes carry the real project debt) → 7/7; mixed but no-loss-year profit record → 3/5	7%		percent|fraction	auto-extracted; assign qkey + status in triage (03)
CAND-2431	UNREVIEWED	ch-84-case-study-hydropower-plant.txt	57		Governance & Promoter Behaviour1512Stable, unpledged 51% NEA holding → 6/6; NEA is both majority owner and sole PPA counterparty, plus disclosed subsidiary construction delays → 3/5; on-time filings, board independence unverified → 3/4	51%		percent|fraction	auto-extracted; assign qkey + status in triage (03)
CAND-2432	UNREVIEWED	ch-84-case-study-hydropower-plant.txt	58		Liquidity & Tradability108Single-day print ~Rs 9 million turnover, no circuit-trap pattern in the 52-week range → 5/5; free float ~39%, just under the 40% threshold → 3/5	39%		percent|fraction|amount	auto-extracted; assign qkey + status in triage (03)
CAND-2433	UNREVIEWED	ch-84-case-study-hydropower-plant.txt	59		Valuation Reasonableness154P/E ~63x vs a high-teens-to-low-20s sector anchor (≈3x sector median) → 1/8; P/B ~3.8x vs NEPSE's ~2.8x whole-exchange average (≈1.4x) → 3/7	1/8		fraction|nepse	auto-extracted; assign qkey + status in triage (03)
CAND-2434	UNREVIEWED	ch-84-case-study-hydropower-plant.txt	60		Sector & Business Model Durability1512Licensed river reach plus signed PPA, Chapter 64's own textbook full-marks case → 8/8; 100% single-buyer (NEA) concentration, sector-standard rather than company-specific, partly offset by three separate river assets → 4/7	100%		percent|fraction	auto-extracted; assign qkey + status in triage (03)
CAND-2435	UNREVIEWED	ch-84-case-study-hydropower-plant.txt	61		Growth Trajectory155Legacy-plant revenue growth low single digits; Rasuwagadhi/Sanjen contribution not yet visible in trailing figures → 3/8; EPS down year over year in more than one recent quarter → 2/7	3/8		fraction	auto-extracted; assign qkey + status in triage (03)
CAND-2436	UNREVIEWED	ch-84-case-study-hydropower-plant.txt	62		Dividend & Capital Return Discipline1010Paid every year, cash-component payout ≈50% of EPS → 6/6; funded from genuine profit, redeployed rather than reserve-drawn → 4/4	50%		percent|fraction	auto-extracted; assign qkey + status in triage (03)
CAND-2437	UNREVIEWED	ch-84-case-study-hydropower-plant.txt	63		Canon Quality Score10062Band: Adequate (55–69)	55–69		score_band	auto-extracted; assign qkey + status in triage (03)
CAND-2438	UNREVIEWED	ch-84-case-study-hydropower-plant.txt	64		Summed, Chilime's Canon Score comes to 62 out of 100 — inside Chapter 64's Adequate band (55-69), a rung above Weak/Avoid and two rungs below Exceptional.	55-69		score_band	auto-extracted; assign qkey + status in triage (03)
CAND-2439	UNREVIEWED	ch-84-case-study-hydropower-plant.txt	80		Financial Strength & Profitability11 / 205 / 20	205 / 20		fraction	auto-extracted; assign qkey + status in triage (03)
CAND-2440	UNREVIEWED	ch-84-case-study-hydropower-plant.txt	81		Governance & Promoter Behaviour12 / 1511 / 15	1511 / 15		fraction	auto-extracted; assign qkey + status in triage (03)
CAND-2441	UNREVIEWED	ch-84-case-study-hydropower-plant.txt	82		Liquidity & Tradability8 / 107 / 10	107 / 10		fraction	auto-extracted; assign qkey + status in triage (03)
CAND-2442	UNREVIEWED	ch-84-case-study-hydropower-plant.txt	83		Valuation Reasonableness4 / 154 / 15	154 / 15		fraction	auto-extracted; assign qkey + status in triage (03)
CAND-2443	UNREVIEWED	ch-84-case-study-hydropower-plant.txt	84		Sector & Business Model Durability12 / 1512 / 15	1512 / 15		fraction	auto-extracted; assign qkey + status in triage (03)
CAND-2444	UNREVIEWED	ch-84-case-study-hydropower-plant.txt	85		Growth Trajectory5 / 155 / 15	155 / 15		fraction	auto-extracted; assign qkey + status in triage (03)
CAND-2445	UNREVIEWED	ch-84-case-study-hydropower-plant.txt	86		Dividend & Capital Return Discipline10 / 101 / 10	101 / 10		fraction	auto-extracted; assign qkey + status in triage (03)
CAND-2446	UNREVIEWED	ch-84-case-study-hydropower-plant.txt	87		Canon Score62 / 10045 / 100	10045 / 100		fraction	auto-extracted; assign qkey + status in triage (03)
CAND-2447	UNREVIEWED	ch-84-case-study-hydropower-plant.txt	107		against NEPSE data providers in August 2026, all of which return an empty dividend	August 2026		word_date|nepse	auto-extracted; assign qkey + status in triage (03)
CAND-2448	UNREVIEWED	ch-84-case-study-hydropower-plant.txt	115		Chapter 32 traces the arithmetic: roughly NPR 24 billion of capitalised interest sat on top of	NPR 24		amount	auto-extracted; assign qkey + status in triage (03)
CAND-2449	UNREVIEWED	ch-84-case-study-hydropower-plant.txt	116		a roughly NPR 52 billion construction cost, against an originally approved budget near NPR 35	NPR 52		amount	auto-extracted; assign qkey + status in triage (03)
CAND-2450	UNREVIEWED	ch-84-case-study-hydropower-plant.txt	121		landslide during the heavy rains of 27–28 September 2024 destroyed Upper	28 September		word_date|score_band	auto-extracted; assign qkey + status in triage (03)
CAND-2451	UNREVIEWED	ch-84-case-study-hydropower-plant.txt	124		capacity only in late June 2025.	June 2025		word_date	auto-extracted; assign qkey + status in triage (03)
CAND-2452	UNREVIEWED	ch-84-case-study-hydropower-plant.txt	124		Reported damage ran to roughly NPR 2 billion against an	NPR 2		amount	auto-extracted; assign qkey + status in triage (03)
CAND-2453	UNREVIEWED	ch-84-case-study-hydropower-plant.txt	125		insurance claim near NPR 1.8 billion, with lost revenue around NPR 40 million per day.	NPR 1.8		amount	auto-extracted; assign qkey + status in triage (03)
CAND-2454	UNREVIEWED	ch-84-case-study-hydropower-plant.txt	126		outage drove a net loss of roughly NPR 2.57 billion in FY2024/25 on revenue of about NPR	NPR 2.57		amount	auto-extracted; assign qkey + status in triage (03)
CAND-2455	UNREVIEWED	ch-84-case-study-hydropower-plant.txt	128		Bhotekoshi flood of 26 August 2026.	26 August		word_date	auto-extracted; assign qkey + status in triage (03)
CAND-2456	UNREVIEWED	ch-84-case-study-hydropower-plant.txt	134		September 2024 event, flow at the dam site reached roughly 461.	September 2024		word_date	auto-extracted; assign qkey + status in triage (03)
CAND-2457	UNREVIEWED	ch-84-case-study-hydropower-plant.txt	158		This chapter applied the Canon Score's full seven-dimension framework, exactly as Chapter 64 defines it and Chapter 65 adjusts it for hydropower, to Chilime Hydropower Company Limited, a NEPSE-listed, NEA-majority-owned operating hydropower company running a 22.1 MW plant on the Chilime Khola in Rasuwa district since August 2003, now expanded through equity stakes in the larger Rasuwagadhi and San	August 2003		word_date|nepse	auto-extracted; assign qkey + status in triage (03)
CAND-2458	UNREVIEWED	ch-84-case-study-hydropower-plant.txt	158		Hemisphere 1 scored Liquidity & Tradability (8/10 — real same-day turnover and no circuit-trap pattern, offset by free float just under the 40% threshold), Governance & Promoter Behaviour (12/15 — a stable, unpledged majority holding complicated by NEA sitting on both sides of the power purchase agreement, plus disclosed subsidiary construction delays), and Sector & Business Model Durability (12/1	40%		percent|fraction	auto-extracted; assign qkey + status in triage (03)
CAND-2459	UNREVIEWED	ch-84-case-study-hydropower-plant.txt	158		Hemisphere 2 scored Financial Strength & Profitability (11/20), Valuation Reasonableness (4/15), Growth Trajectory (5/15), and Dividend & Capital Return Discipline (10/10) — an almost debt-free parent balance sheet and an unbroken, sensibly funded dividend record, set against a stock priced well above its trailing earnings and book value, and a growth story concentrated in newly commissioned capac	11/20		fraction	auto-extracted; assign qkey + status in triage (03)
CAND-2460	UNREVIEWED	ch-85-case-study-microfinance-institution.txt	12		Scored using Chhimek Laghubitta’s publicly reported figures for its most recent disclosed fiscal year as at mid-2026, and NRB’s microfinance pricing framework as amended effective Shrawan 2082 (mid-July 2025).	July 2025		word_date	auto-extracted; assign qkey + status in triage (03)
CAND-2461	UNREVIEWED	ch-85-case-study-microfinance-institution.txt	23		For years, NRB capped the effective interest rate microfinance institutions could charge borrowers at a flat ceiling (around 15 percent all-in), and separately capped the interest rate spread — the gap between an MFI's cost of funds and what it charges borrowers — at a fixed number of percentage points.	15 percent		percent	auto-extracted; assign qkey + status in triage (03)
CAND-2462	UNREVIEWED	ch-85-case-study-microfinance-institution.txt	23		Effective from Shrawan 2082 (mid-July 2025), NRB moved away from that flat ceiling toward a base-rate-plus-premium framework, similar in spirit to how commercial banks already price loans: each MFI publishes its own base rate, reflecting its actual cost of funds and overheads, and then adds a regulator-bounded premium on top, rather than being handed one uniform number for the whole sector.	July 2025		word_date	auto-extracted; assign qkey + status in triage (03)
CAND-2463	UNREVIEWED	ch-85-case-study-microfinance-institution.txt	28		Chhimek's 30-day average trading volume runs close to 9,700 shares a day; at a recent price near Rs 930, that works out to roughly Rs 90 lakh (about NPR 9 million) of daily turnover — comfortably above Chapter 64's NPR 5 million top band, worth 5 out of 5.	Rs 930,		amount	auto-extracted; assign qkey + status in triage (03)
CAND-2464	UNREVIEWED	ch-85-case-study-microfinance-institution.txt	28		Its 52-week range of roughly Rs 882 to Rs 1,093 is a genuine two-way band of about 24 percent, not a stock pinned at a circuit limit.	24 percent		percent|amount	auto-extracted; assign qkey + status in triage (03)
CAND-2465	UNREVIEWED	ch-85-case-study-microfinance-institution.txt	28		Free float is stronger than Anjana expected going in: with promoters holding 51 percent and the public holding the remaining 49 percent, Chhimek clears Chapter 64's 40 percent free-float threshold comfortably, worth another 5 out of 5.	51 percent		percent	auto-extracted; assign qkey + status in triage (03)
CAND-2466	UNREVIEWED	ch-85-case-study-microfinance-institution.txt	31		Promoter shareholding and pledging (6 points) scores cleanly: the 51 percent promoter stake shows no evidence of pledging or recent decline, worth a full 6 out of 6.	51 percent		percent	auto-extracted; assign qkey + status in triage (03)
CAND-2467	UNREVIEWED	ch-85-case-study-microfinance-institution.txt	31		But Chhimek's non-performing loan ratio held near 2.3 percent through the entire 2021-2026 sector stress period — the lowest in the sector by a wide margin, against a sector average that climbed to roughly 11.35 percent and eighteen listed peers crossing 10 percent NPL — and a multi-year, full-cycle result is a materially harder thing to fake through recycling than one clean quarter would be.	2.3 percent		percent	auto-extracted; assign qkey + status in triage (03)
CAND-2468	UNREVIEWED	ch-85-case-study-microfinance-institution.txt	34		The moat sub-component (8 points) reflects a licensed, NRB-regulated activity with real entry barriers (branch buildout capital, a lending license, years of borrower-trust-building), but the sector is also unusually fragmented — roughly fifty separately listed microfinance institutions compete on NEPSE, a level of fragmentation with no real parallel among Nepali banks or hydropower companies — whi			nepse	auto-extracted; assign qkey + status in triage (03)
CAND-2469	UNREVIEWED	ch-85-case-study-microfinance-institution.txt	37		Chhimek's net profit came to roughly Rs 100 crore for the most recent fiscal year, down 5.83 percent from the year before, against equity of roughly Rs 9 arba (net worth per share near Rs 249, against 3.62 crore shares outstanding) — a return on equity near 11 percent, in Chapter 64's 10-15 percent band, worth 6 out of 8 on the ROE sub-component.	5.83 percent		percent|amount|score_band	auto-extracted; assign qkey + status in triage (03)
CAND-2470	UNREVIEWED	ch-85-case-study-microfinance-institution.txt	37		Capital adequacy or leverage discipline (7 points) was the hardest sub-component to pin down precisely: Anjana could not find a single disclosed capital-adequacy figure for Chhimek the way NRB requires banks to publish one, so she used net worth per share (roughly 2.5 times the Rs 100 face value, reflecting two decades of retained earnings) as a rough proxy for a well-capitalised institution, scor	Rs 100		amount	auto-extracted; assign qkey + status in triage (03)
CAND-2471	UNREVIEWED	ch-85-case-study-microfinance-institution.txt	37		Earnings quality and consistency (5 points) is where the recent asset-quality evidence matters most: profit dipped in one recent year, but with the sector's provisioning-and-margin story in mind — a rate-cap transition compressing spreads sector-wide, not a credit-quality collapse — and set against Chhimek's NPL ratio holding near 2.3 percent through the entire multi-year sector stress cycle (vers	2.3 percent		percent	auto-extracted; assign qkey + status in triage (03)
CAND-2472	UNREVIEWED	ch-85-case-study-microfinance-institution.txt	40		Chhimek trades around Rs 930 per share against trailing earnings near Rs 34-36 per share and book value near Rs 250 per share — a price-to-earnings ratio near 26-28 times and a price-to-book ratio near 3.7-3.9 times.	Rs 930		amount|score_band	auto-extracted; assign qkey + status in triage (03)
CAND-2473	UNREVIEWED	ch-85-case-study-microfinance-institution.txt	40		Nepal's microfinance sector has recently carried one of the richest average valuations on the whole exchange — a sector-average P/E cited around 47 times, second-highest among NEPSE's eleven sectors — which makes Chhimek's own P/E, at roughly 0.6 times that sector average, land in Chapter 64's cheapest band: 0.8x sector median or below, worth a full 8 out of 8.			nepse	auto-extracted; assign qkey + status in triage (03)
CAND-2474	UNREVIEWED	ch-85-case-study-microfinance-institution.txt	40		P/B is a harder comparison to make cleanly: a microfinance-specific sector P/B median was not something Anjana could pin down with confidence, so she checked Chhimek's 3.7-3.9x against NEPSE's whole-exchange average of roughly 2.8x, a rougher but honestly-labelled anchor, landing at about 1.4 times that broader benchmark — Chapter 64's 1.1x-1.5x band, worth 3 out of 7.	7-3		score_band|nepse	auto-extracted; assign qkey + status in triage (03)
CAND-2475	UNREVIEWED	ch-85-case-study-microfinance-institution.txt	43		Anjana scored the revenue/loan CAGR sub-component 3 out of 8, in Chapter 64's 0-8 percent band, reading the deceleration as a discipline choice consistent with the sector's post-stress caution rather than a demand collapse.	8 percent		percent|score_band	auto-extracted; assign qkey + status in triage (03)
CAND-2476	UNREVIEWED	ch-85-case-study-microfinance-institution.txt	44		For the most recent fiscal year, Chhimek distributed a 12.5 percent bonus share issue plus a 12.5 percent cash dividend.	12.5 percent		percent	auto-extracted; assign qkey + status in triage (03)
CAND-2477	UNREVIEWED	ch-85-case-study-microfinance-institution.txt	44		The cash component alone, against EPS near Rs 34, works out to a payout ratio near 37 percent of earnings — squarely inside Chapter 64's 30-70 percent sensible band.	37 percent		percent|amount|score_band	auto-extracted; assign qkey + status in triage (03)
CAND-2478	UNREVIEWED	ch-85-case-study-microfinance-institution.txt	46		Before assembling the full score, Anjana paused on the single most important piece of evidence in this whole case study: Chhimek's non-performing loan ratio holding near 2.3 percent, the best in its sector, through a multi-year stress cycle that pushed the sector average above 11 percent and put eighteen listed peers over the 10 percent threshold.	2.3 percent		percent	auto-extracted; assign qkey + status in triage (03)
CAND-2479	UNREVIEWED	ch-85-case-study-microfinance-institution.txt	47		Neither point makes recycling impossible to rule out with total certainty from the outside — Anjana was honest that a retail investor working from public disclosures alone cannot fully verify this the way an on-site auditor could — but together they were enough to treat the 2.3 percent figure as real evidence rather than a number to distrust reflexively.	2.3 percent		percent	auto-extracted; assign qkey + status in triage (03)
CAND-2480	UNREVIEWED	ch-85-case-study-microfinance-institution.txt	54		Financial Strength & Profitability2015ROE ~11% (3-yr basis) → 6/8; capital cushion estimated via net worth per share, no disclosed CAR figure → 5/7; one down year against an exceptional multi-year NPL record → 4/5	11%		percent|fraction	auto-extracted; assign qkey + status in triage (03)
CAND-2481	UNREVIEWED	ch-85-case-study-microfinance-institution.txt	55		Governance & Promoter Behaviour1513Stable 51% promoter holding, unpledged → 6/6; NPL held near 2.3% through a multi-year sector stress cycle, credited but not blindly → 4/5; regular filings, board independence unverified → 3/4	51%		percent|fraction	auto-extracted; assign qkey + status in triage (03)
CAND-2482	UNREVIEWED	ch-85-case-study-microfinance-institution.txt	56		Liquidity & Tradability1010~Rs 9m/day turnover → 5/5; free float 49% → 5/5	49%		percent|fraction|amount	auto-extracted; assign qkey + status in triage (03)
CAND-2483	UNREVIEWED	ch-85-case-study-microfinance-institution.txt	57		Valuation Reasonableness1511P/E ~27x vs ~47x sector average (≈0.6x) → 8/8; P/B ~3.8x vs NEPSE's ~2.8x whole-exchange average (≈1.4x) → 3/7	8/8		fraction|nepse	auto-extracted; assign qkey + status in triage (03)
CAND-2484	UNREVIEWED	ch-85-case-study-microfinance-institution.txt	58		Sector & Business Model Durability1511Licensed but highly fragmented sector (~50 listed peers) → 5/8; genuine multi-district geographic diversification → 6/7	5/8		fraction	auto-extracted; assign qkey + status in triage (03)
CAND-2485	UNREVIEWED	ch-85-case-study-microfinance-institution.txt	59		Growth Trajectory157Loan growth deliberately slowed post-stress → 3/8; EPS dipped then recovered, moderate swings → 4/7	3/8		fraction	auto-extracted; assign qkey + status in triage (03)
CAND-2486	UNREVIEWED	ch-85-case-study-microfinance-institution.txt	60		Dividend & Capital Return Discipline1010Paid every year, cash payout ≈37% of EPS → 6/6; funded from genuine profit → 4/4	37%		percent|fraction	auto-extracted; assign qkey + status in triage (03)
CAND-2487	UNREVIEWED	ch-85-case-study-microfinance-institution.txt	61		Canon Quality Score10077Band: Strong (70–84)	70–84		score_band	auto-extracted; assign qkey + status in triage (03)
CAND-2488	UNREVIEWED	ch-85-case-study-microfinance-institution.txt	73		Anjana closed her notebook on this third case study having learned something the bank and hydropower cases had not fully prepared her for: that a clean-looking number like a 2.3 percent NPL ratio is only trustworthy once you have actually asked the sector-specific questions Chapter 65 insists on, rather than crediting it on sight — and that this book's own Chapter 80 had arrived at the same requir	2.3 percent		percent	auto-extracted; assign qkey + status in triage (03)
CAND-2489	UNREVIEWED	ch-85-case-study-microfinance-institution.txt	75		Hemisphere 1 scored Liquidity & Tradability (10/10 — real daily turnover and a genuinely available 49% free float, contrary to the sector's thin-liquidity reputation), Governance & Promoter Behaviour (13/15 — a stable, unpledged promoter holding and a non-performing loan ratio that held near 2.3% through a multi-year sector stress cycle, credited carefully rather than automatically per Chapter 65'	49%		percent|fraction	auto-extracted; assign qkey + status in triage (03)
CAND-2490	UNREVIEWED	ch-85-case-study-microfinance-institution.txt	75		Hemisphere 2 scored Financial Strength & Profitability (15/20), Valuation Reasonableness (11/15 — cheap relative to an expensive sector on P/E, more ordinary on P/B), Growth Trajectory (7/15 — deliberately slowed since the sector's 2021-22 stress episode), and Dividend & Capital Return Discipline (10/10).	15/20		fraction	auto-extracted; assign qkey + status in triage (03)
CAND-2491	UNREVIEWED	ch-85-case-study-microfinance-institution.txt	78		Chapter 86, Case Study 4 — A Manufacturing Company, takes this same worked-example discipline into a fourth, again fundamentally different terrain: a real, NEPSE-listed manufacturer, where the central risks shift again — to raw material input costs, capacity utilisation, import dependence and customs duty exposure, and a competitive landscape shaped by both domestic rivals and cross-border imports			nepse	auto-extracted; assign qkey + status in triage (03)
CAND-2492	UNREVIEWED	ch-86-case-study-manufacturing-company.txt	10		Chapter 75 warned her this was coming: manufacturing is NEPSE's smallest, thinnest-covered sector cluster, without the swarm of brokerage notes and comparison sheets that follow banks, and without even the specialist attention hydropower and microfinance get from their own dedicated NRB circulars and IPO cycles.			nepse	auto-extracted; assign qkey + status in triage (03)
CAND-2493	UNREVIEWED	ch-86-case-study-manufacturing-company.txt	26		The moat sub-component (8 points) has two real layers: the outer layer is transport-cost protection against Indian imports, described in Lesson 86.1, and the inner layer is company-specific — a genuine, disclosed export recovery to India, rebounding to about 12 percent of total trade from around 5 percent the year before, plus a real cost-position advantage from the Danish vertical roller mill and	12 percent		percent	auto-extracted; assign qkey + status in triage (03)
CAND-2494	UNREVIEWED	ch-86-case-study-manufacturing-company.txt	31		Earnings quality and consistency (5 points): revenue moved from Rs 5.77 billion to Rs 6.06 billion to Rs 5.87 billion over three fiscal years — a dip-and-rebound rather than a smooth climb — but margin expanded a real 22 percent to 25 percent over the same window with no reported loss year, so Kabita scored this 4 out of 5.	22 percent		percent|amount	auto-extracted; assign qkey + status in triage (03)
CAND-2495	UNREVIEWED	ch-86-case-study-manufacturing-company.txt	34		What she could build instead was context, not a number: Ghorahi Cement, a close peer, is currently loss-making — trailing EPS around minus Rs 6.13 — yet still trades around Rs 338, more than twice its book value of about Rs 165.73, telling her the market is pricing a temporarily unprofitable cement producer as though its earnings power will return.	Rs 6.13		amount	auto-extracted; assign qkey + status in triage (03)
CAND-2496	UNREVIEWED	ch-86-case-study-manufacturing-company.txt	37		Revenue CAGR (8 points): the three-year revenue path — Rs 5.77 billion, Rs 6.06 billion, Rs 5.87 billion, and a nine-month run-rate implying roughly Rs 6.0 billion for the current year — works out to a multi-year CAGR in the low single digits despite a strong recent nine-month figure of 14 percent year-on-year growth.	14 percent		percent|amount	auto-extracted; assign qkey + status in triage (03)
CAND-2497	UNREVIEWED	ch-86-case-study-manufacturing-company.txt	51		Financial Strength & Profitability2014No verifiable ROE figure, scored conservatively → 4/8; gearing 0.72x and DSCR improving to 2.95x → 6/7; margin expanded 22% to 25%, no loss year despite a dip-and-rebound revenue path → 4/5	22%		percent|fraction	auto-extracted; assign qkey + status in triage (03)
CAND-2498	UNREVIEWED	ch-86-case-study-manufacturing-company.txt	52		Governance & Promoter Behaviour1510Stable three-family board, shareholding percentage unverified → 4/6; related-party exposure plausible but unconfirmed → 3/5; ICRA rating implies some scrutiny, board independence unverified → 3/4	4/6		fraction	auto-extracted; assign qkey + status in triage (03)
CAND-2499	UNREVIEWED	ch-86-case-study-manufacturing-company.txt	53		Liquidity & Tradability104No verified ADV or free-float figure for either sub-component, scored conservatively → 2/5 + 2/5	2/5		fraction	auto-extracted; assign qkey + status in triage (03)
CAND-2500	UNREVIEWED	ch-86-case-study-manufacturing-company.txt	54		Valuation Reasonableness154No current P/E or P/B available for the company itself; peer context only, scored conservatively → 2/8 + 2/7	2/8		fraction	auto-extracted; assign qkey + status in triage (03)
CAND-2501	UNREVIEWED	ch-86-case-study-manufacturing-company.txt	55		Sector & Business Model Durability1510Real transport-cost and export-recovery moat, commodity-adjacent not license-grade → 6/8; real structural capacity threat from Hongshi Shivam's expansion → 4/7	6/8		fraction	auto-extracted; assign qkey + status in triage (03)
CAND-2502	UNREVIEWED	ch-86-case-study-manufacturing-company.txt	56		Growth Trajectory155Multi-year revenue CAGR low despite a strong recent quarter → 3/8; no verified multi-year EPS series → 2/7	3/8		fraction	auto-extracted; assign qkey + status in triage (03)
CAND-2503	UNREVIEWED	ch-86-case-study-manufacturing-company.txt	57		Dividend & Capital Return Discipline102Dividend history unconfirmed across public trackers, scored conservatively rather than skipped → 1/6 + 1/4	1/6		fraction	auto-extracted; assign qkey + status in triage (03)
CAND-2504	UNREVIEWED	ch-86-case-study-manufacturing-company.txt	72		Hemisphere 1 scored Liquidity & Tradability (4/10 — no verified ADV or free-float figure), Governance & Promoter Behaviour (10/15 — a stable, credible three-family promoter base with unverified related-party and shareholding detail), and Sector & Business Model Durability (10/15 — a real transport-cost and export-recovery moat offset by a genuine structural capacity threat from a competitor's expa	4/10		fraction	auto-extracted; assign qkey + status in triage (03)
CAND-2505	UNREVIEWED	ch-86-case-study-manufacturing-company.txt	72		Hemisphere 2 scored Financial Strength & Profitability (14/20), Valuation Reasonableness (4/15 — no current P/E or P/B for the company itself), Growth Trajectory (5/15), and Dividend & Capital Return Discipline (2/10 — a dividend record that remained unconfirmed across every public tracker checked).	14/20		fraction	auto-extracted; assign qkey + status in triage (03)
CAND-2506	UNREVIEWED	ch-86-case-study-manufacturing-company.txt	74		Tallied across all seven dimensions, the score's most encouraging signals — a moderate 0.72x gearing ratio, a debt service coverage ratio improving from 2.05x to 2.95x, margin expansion from 22 to 25 percent, and a genuine, disclosed export recovery to India — sat alongside a governance picture that could not be fully verified, a valuation and liquidity picture built on peer context rather than th	25 percent		percent	auto-extracted; assign qkey + status in triage (03)
CAND-2507	UNREVIEWED	ch-87-case-study-rights-issue.txt	10		One evening in Shrawan 2080 (July 2023), he opened his Mero Share account — the online portal most Nepali investors use to see their share holdings and apply for new issues — and found a new line waiting for him: an entitlement to buy new shares of Api Power Company Limited, a hydropower company he had held for three years.	July 2023		word_date	auto-extracted; assign qkey + status in triage (03)
CAND-2508	UNREVIEWED	ch-87-case-study-rights-issue.txt	13		Scored using figures published to mid-2026, including fourth-quarter FY2081/82 results released in mid-August 2025 and CARE Ratings Nepal’s credit-watch note covering the first half of FY2025/26.	August 2025		word_date	auto-extracted; assign qkey + status in triage (03)
CAND-2509	UNREVIEWED	ch-87-case-study-rights-issue.txt	27		Rights ratio10:4 — four new shares for every ten held (40 percent of existing paid-up capital)	40 percent		percent	auto-extracted; assign qkey + status in triage (03)
CAND-2510	UNREVIEWED	ch-87-case-study-rights-issue.txt	33		Paid-up capital before issueapproximately Rs 4.13 arba	Rs 4.13		amount	auto-extracted; assign qkey + status in triage (03)
CAND-2511	UNREVIEWED	ch-87-case-study-rights-issue.txt	34		Paid-up capital after issueapproximately Rs 5.78 arba	Rs 5.78		amount	auto-extracted; assign qkey + status in triage (03)
CAND-2512	UNREVIEWED	ch-87-case-study-rights-issue.txt	41		The issue price of Rs 100 deserves its own callout, because it is one of the most consistent and most criticised features of the Nepali market.	Rs 100		amount	auto-extracted; assign qkey + status in triage (03)
CAND-2513	UNREVIEWED	ch-87-case-study-rights-issue.txt	43		Nepali rights issues are almost always priced at par value — commonly Rs 100 per share — regardless of where the stock is actually trading on NEPSE at the time.	Rs 100		amount|nepse	auto-extracted; assign qkey + status in triage (03)
CAND-2514	UNREVIEWED	ch-87-case-study-rights-issue.txt	44		Api Power's own disclosures pointed to loan repayment as the primary use of the roughly Rs 1.65 arba raised.	Rs 1.65		amount	auto-extracted; assign qkey + status in triage (03)
CAND-2515	UNREVIEWED	ch-87-case-study-rights-issue.txt	49		For Suman, holding 500 Api Power shares, a 10:4 ratio entitled him to 200 new shares at Rs 100 each — a cash outlay of Rs 20,000.	Rs 100		amount	auto-extracted; assign qkey + status in triage (03)
CAND-2516	UNREVIEWED	ch-87-case-study-rights-issue.txt	49		Full exercise preserves his percentage ownership of the company exactly as it was before the issue; if he owned 0.001 percent of Api Power before, he owns 0.001 percent after, because his share count grew by the same 40 percent that the total share count grew by.	0.001 percent		percent	auto-extracted; assign qkey + status in triage (03)
CAND-2517	UNREVIEWED	ch-87-case-study-rights-issue.txt	50		The second door is partial exercise: apply for some of the shares, but not all — say, 100 of his 200 entitled shares, paying Rs 10,000.	Rs 10,000		amount	auto-extracted; assign qkey + status in triage (03)
CAND-2518	UNREVIEWED	ch-87-case-study-rights-issue.txt	57		Shares nobody subscribes for are pooled together and sold at auction to whichever investor bids the highest price, and the difference between that auction price and the original Rs 100 issue price goes to the company, not to the shareholder who let the entitlement lapse.	Rs 100		amount	auto-extracted; assign qkey + status in triage (03)
CAND-2519	UNREVIEWED	ch-87-case-study-rights-issue.txt	58		Api Power's own numbers show this playing out at scale: of the 16,533,137 rights shares on offer, 1,194,934 units were not subscribed for by existing shareholders and went to a public auction in early October 2023.	October 2023		word_date	auto-extracted; assign qkey + status in triage (03)
CAND-2520	UNREVIEWED	ch-87-case-study-rights-issue.txt	61		A rights issue offered pro-rata — the same 10:4 ratio to every shareholder — does not change who controls the company, does not touch its power purchase agreement or its regulatory license, and does not, by itself, make the stock easier or harder to trade on NEPSE.			nepse	auto-extracted; assign qkey + status in triage (03)
CAND-2521	UNREVIEWED	ch-87-case-study-rights-issue.txt	62		Api Power trades with real, checkable depth: a 30-day average volume of roughly 128,561 shares a day at a recent price near Rs 327 works out to well over Rs 40 million of rupee turnover a day, comfortably inside Chapter 64's top band for average daily traded value.	Rs 327		amount	auto-extracted; assign qkey + status in triage (03)
CAND-2522	UNREVIEWED	ch-87-case-study-rights-issue.txt	62		Public shareholding sits at 42 percent, with the remaining 58 percent held by promoters — a real, disclosed split, and one that clears Chapter 64's 40-percent free-float threshold for full marks.	42 percent		percent	auto-extracted; assign qkey + status in triage (03)
CAND-2523	UNREVIEWED	ch-87-case-study-rights-issue.txt	65		Promoter shareholding stability and pledging (6 points): a stable 58 percent promoter block, with no pledging disclosed in the sources checked for this chapter, though a verified CDSC pledging record was not independently confirmed — scored 5 out of 6.	58 percent		percent	auto-extracted; assign qkey + status in triage (03)
CAND-2524	UNREVIEWED	ch-87-case-study-rights-issue.txt	65		Disclosure timeliness and board independence (4 points): Api Power conducted its 20th annual general meeting on schedule in mid-January 2024, and its quarterly and annual results have continued on a predictable cadence since, including the fourth-quarter results for fiscal year 2081/82 published in mid-August 2025 — scored 4 out of 4.	2081/82		fraction|word_date	auto-extracted; assign qkey + status in triage (03)
CAND-2525	UNREVIEWED	ch-87-case-study-rights-issue.txt	72		Before the rights issue, in the fiscal year immediately preceding it, Api Power's own disclosed figures showed a debt-to-equity ratio of 1.37 and a return on equity that had collapsed to 0.16 percent, down from 7.05 percent three years earlier — a three-year ROE trend Chapter 64's own band language treats the same way it would treat a loss year.	0.16 percent		percent	auto-extracted; assign qkey + status in triage (03)
CAND-2526	UNREVIEWED	ch-87-case-study-rights-issue.txt	72		Return on equity (8 points): 1 out of 8, both before and after, because even today's much-improved figure has not yet cleared Chapter 64's 7 percent floor — more on that below.	7 percent		percent	auto-extracted; assign qkey + status in triage (03)
CAND-2527	UNREVIEWED	ch-87-case-study-rights-issue.txt	73		"After the rights issue, using the most recently disclosed figures, CARE Ratings Nepal's own credit-watch note reports the overall gearing ratio improved to 0.92 times as of the first half of fiscal year 2025/26, down from 1.00 times a year earlier, and interest coverage strengthened to 3.82 times from 2.30 times — both real, verified, and explicitly attributed by the rating agency to ""the successf"	2025/26		fraction	auto-extracted; assign qkey + status in triage (03)
CAND-2528	UNREVIEWED	ch-87-case-study-rights-issue.txt	73		Earnings quality and consistency, post-issue: fourth-quarter revenue for fiscal year 2024/25 grew 53.01 percent year-on-year, though net profit for that same quarter actually fell slightly, from Rs 456.58 million to Rs 427.66 million, as net margin compressed from 36.57 percent to 25.90 percent — real growth with a real, disclosed cost, and no outright loss year — scored 4 out of 5.	53.01 percent		percent|fraction|amount	auto-extracted; assign qkey + status in triage (03)
CAND-2529	UNREVIEWED	ch-87-case-study-rights-issue.txt	73		Return on equity, post-issue: 6.49 percent, down from 8.01 percent the year before — a genuine improvement over the near-zero pre-issue figure, but Chapter 64's band language is explicit that anything under 7 percent sits in its bottom band, and the honest reading of the most recent verified year is that it still does — scored 1 out of 8, unchanged from the pre-issue score.	6.49 percent		percent	auto-extracted; assign qkey + status in triage (03)
CAND-2530	UNREVIEWED	ch-87-case-study-rights-issue.txt	75		Api Power's leverage and earnings-quality scores genuinely improved after 2023 — from 2 to 5, and from 2 to 4 — but its return on equity has not yet crossed Chapter 64's own 7 percent line, so the honest score for that sub-component stays at 1 out of 8 both before and after.	7 percent		percent	auto-extracted; assign qkey + status in triage (03)
CAND-2531	UNREVIEWED	ch-87-case-study-rights-issue.txt	76		Price-to-book (7 points): a current price-to-book ratio of about 2.74 times could not be checked against a verified hydropower-specific book-value median, so it is compared here to the broader NEPSE market's price-to-book average of roughly 2.8 times, a wider and less precise benchmark, disclosed as such — the resulting ratio of about 0.98 falls inside the 0.8x-to-1.1x band — scored 5 out of 7.			nepse	auto-extracted; assign qkey + status in triage (03)
CAND-2532	UNREVIEWED	ch-87-case-study-rights-issue.txt	77		Revenue growth (8 points): the only confirmed year-on-year figure available, a 53.01 percent jump in fourth-quarter fiscal year 2024/25 revenue, is real and strong, but it is one quarter, not a verified trailing multi-year average, so it is scored conservatively rather than as if it represented a confirmed multi-year compound growth rate — scored 4 out of 8.	53.01 percent		percent|fraction	auto-extracted; assign qkey + status in triage (03)
CAND-2533	UNREVIEWED	ch-87-case-study-rights-issue.txt	77		Earnings consistency (7 points): quarterly earnings per share slipped from Rs 7.89 to Rs 7.04 year-on-year even as full-year earnings per share reached Rs 15.06, a mixed and only partially confirmed picture without a verified five-year series — scored 3 out of 7.	Rs 7.89		amount	auto-extracted; assign qkey + status in triage (03)
CAND-2534	UNREVIEWED	ch-87-case-study-rights-issue.txt	78		Consistency of payout (6 points): Api Power has distributed a dividend — bonus shares, cash, or both — in nearly every year since starting commercial operations in 2072/73, averaging roughly 7.14 percent in bonus shares annually with a high of 10.5 percent, but its cash dividend has stayed thin throughout, running from about 0.26 to 0.55 percent in recent years, well under Chapter 64's 30-to-70-pe	7.14 percent		percent|fraction	auto-extracted; assign qkey + status in triage (03)
CAND-2535	UNREVIEWED	ch-87-case-study-rights-issue.txt	82		If the new project the debt was originally financing is not yet generating revenue — as Upper Chameliya was not, in the weeks immediately before Api Power's book closure, though it began commercial operation just days into the subscription window itself — then the company's share count grows by 40 percent before its profit has grown to match.	40 percent		percent	auto-extracted; assign qkey + status in triage (03)
CAND-2536	UNREVIEWED	ch-87-case-study-rights-issue.txt	86		Financial Strength & Profitability2010ROE 6.49%, still under Ch64's 7% floor → 1/8; gearing improved to 0.92x, interest coverage 3.82x (still under 5x) → 5/7; revenue growth with a real but non-loss margin dip → 4/5.	6.49%		percent|fraction	auto-extracted; assign qkey + status in triage (03)
CAND-2537	UNREVIEWED	ch-87-case-study-rights-issue.txt	86		(Pre-rights-issue: 1 + 2 + 2 = 5/20 — gearing was 1.37x and ROE had collapsed to 0.16%.)	0.16%		percent|fraction	auto-extracted; assign qkey + status in triage (03)
CAND-2538	UNREVIEWED	ch-87-case-study-rights-issue.txt	87		Governance & Promoter Behaviour1513Stable 58% promoter block, no pledging disclosed → 5/6; no related-party red flag, regular disclosure → 4/5; on-schedule AGM and quarterly results → 4/4	58%		percent|fraction	auto-extracted; assign qkey + status in triage (03)
CAND-2539	UNREVIEWED	ch-87-case-study-rights-issue.txt	88		Liquidity & Tradability1010~Rs 42 million/day turnover → 5/5; 42% public float clears the 40% threshold → 5/5	42%		percent|fraction|amount	auto-extracted; assign qkey + status in triage (03)
CAND-2540	UNREVIEWED	ch-87-case-study-rights-issue.txt	89		Valuation Reasonableness158P/E 21.75x vs sector ~18.37x (≈1.18x) → 3/8; P/B 2.74x vs broader-market ~2.8x (≈0.98x, sector-specific median unverified) → 5/7	3/8		fraction	auto-extracted; assign qkey + status in triage (03)
CAND-2541	UNREVIEWED	ch-87-case-study-rights-issue.txt	90		Sector & Business Model Durability1512Licensed generator with a signed PPA to NEA, Ch64's textbook full-marks case → 8/8; 100% single-buyer dependency on NEA, the acknowledged Ch64/Ch65 gap → 4/7	100%		percent|fraction	auto-extracted; assign qkey + status in triage (03)
CAND-2542	UNREVIEWED	ch-87-case-study-rights-issue.txt	91		Growth Trajectory157One confirmed strong quarter (+53% YoY), no verified multi-year CAGR → 4/8; EPS mixed quarter-on-quarter, no verified 5-year series → 3/7	53%		percent|fraction	auto-extracted; assign qkey + status in triage (03)
CAND-2543	UNREVIEWED	ch-87-case-study-rights-issue.txt	92		Dividend & Capital Return Discipline108Dividend paid nearly every year since 2072/73, but cash payout ratio persistently thin → 4/6; funded from genuine operating profit → 4/4	2072/73		fraction	auto-extracted; assign qkey + status in triage (03)
CAND-2544	UNREVIEWED	ch-87-case-study-rights-issue.txt	93		Canon Quality Score10068Band: Adequate (55–69)	55–69		score_band	auto-extracted; assign qkey + status in triage (03)
CAND-2545	UNREVIEWED	ch-87-case-study-rights-issue.txt	100		For Api Power, that meant a cost basis of Rs 100 per new share, regardless of how much higher the stock was trading.	Rs 100		amount	auto-extracted; assign qkey + status in triage (03)
CAND-2546	UNREVIEWED	ch-87-case-study-rights-issue.txt	100		Since almost the entire market value of a deeply discounted rights share sits above that Rs 100 cost basis, nearly all of it becomes taxable capital gain whenever the shares are eventually sold.	Rs 100		amount	auto-extracted; assign qkey + status in triage (03)
CAND-2547	UNREVIEWED	ch-87-case-study-rights-issue.txt	101		As this book's tax chapters have set out, individual resident investors in Nepal pay a lower rate — commonly cited at 5 percent — on gains from shares held more than 365 days, and a higher rate — commonly cited at 7.5 percent — on shares held 365 days or less.	5 percent		percent	auto-extracted; assign qkey + status in triage (03)
CAND-2548	UNREVIEWED	ch-87-case-study-rights-issue.txt	104		Using illustrative numbers close to Api Power's actual position — a cum-rights market price of roughly Rs 350 in the weeks before book closure, and the real ratio and issue price from the notice — the theoretical ex-rights price, the price the stock should mathematically settle at once the new shares are absorbed into the market, works out to a little under Rs 280.	Rs 350		amount	auto-extracted; assign qkey + status in triage (03)
CAND-2549	UNREVIEWED	ch-87-case-study-rights-issue.txt	104		That is a useful benchmark, because it lets an investor calculate the entitlement's true value: roughly Rs 178 of embedded value on every new share bought at Rs 100, or equivalently around Rs 71 of value attached to every existing share held, whether or not that shareholder chooses to act on it.	Rs 178		amount	auto-extracted; assign qkey + status in triage (03)
CAND-2550	UNREVIEWED	ch-87-case-study-rights-issue.txt	106		Full exerciseRs 20,000700approximately Rs 35,700None	Rs 35,700		amount	auto-extracted; assign qkey + status in triage (03)
CAND-2551	UNREVIEWED	ch-87-case-study-rights-issue.txt	107		Partial exercise (half)Rs 10,000600approximately Rs 17,850approximately Rs 17,850	Rs 10,000600		amount	auto-extracted; assign qkey + status in triage (03)
CAND-2552	UNREVIEWED	ch-87-case-study-rights-issue.txt	108		Renounce to a family memberRs 0 (paid by the family member)500 (family total: 700)approximately Rs 35,700 (kept within the family)None	Rs 35,700		amount	auto-extracted; assign qkey + status in triage (03)
CAND-2553	UNREVIEWED	ch-87-case-study-rights-issue.txt	109		Let the entitlement lapseRs 0500Noneapproximately Rs 35,700	Rs 35,700		amount	auto-extracted; assign qkey + status in triage (03)
CAND-2554	UNREVIEWED	ch-87-case-study-rights-issue.txt	110		It means actively forfeiting roughly the same amount of value that full exercise would have captured — value that instead flows to whoever wins the unsubscribed shares at auction, and to the company itself, which collects any auction premium above Rs 100.	Rs 100		amount	auto-extracted; assign qkey + status in triage (03)
CAND-2555	UNREVIEWED	ch-87-case-study-rights-issue.txt	114		So rather than dipping into the emergency fund this book's earlier chapters insist on keeping untouched, he sold a small, long-underperforming holding in a finance company whose own Canon Score had drifted down toward the Weak/Avoid band over the preceding year — freeing up almost exactly the Rs 20,000 his 200-share entitlement required, without disturbing either his emergency fund or his family's	Rs 20,000		amount	auto-extracted; assign qkey + status in triage (03)
CAND-2556	UNREVIEWED	ch-87-case-study-rights-issue.txt	115		He applied through the C-ASBA system at his local bank branch in Damak during the second week of the subscription window, which ran from Shrawan 31 to Bhadra 19, 2080 BS — mid-August to early September 2023 in the standard calendar.	September 2023		word_date	auto-extracted; assign qkey + status in triage (03)
CAND-2557	UNREVIEWED	ch-87-case-study-rights-issue.txt	116		Real market data shows that 1,194,934 of the 16,533,137 rights shares on offer — a little over 7 percent — went unclaimed by existing shareholders and were sold at a public auction held from October 4 to 11, 2023.	7 percent		percent	auto-extracted; assign qkey + status in triage (03)
CAND-2558	UNREVIEWED	ch-87-case-study-rights-issue.txt	118		The new shares from Api Power's rights issue were formally listed for trading on NEPSE on November 10, 2023, alongside a 35 percent rights issue from Multipurpose Finance completing on the same day — a reminder that rights issues, far from being rare events, are a routine and constant feature of the Nepali market, especially in the hydropower and financial sectors, and that the skills in this chap	35 percent		percent|nepse	auto-extracted; assign qkey + status in triage (03)
CAND-2559	UNREVIEWED	ch-87-case-study-rights-issue.txt	119		By the 2081/82 fiscal year, the company was declaring both a bonus share distribution and a cash dividend to shareholders — a sign of a business that had moved past its heaviest construction financing needs and into a more normal, profit-distributing phase.	2081/82		fraction	auto-extracted; assign qkey + status in triage (03)
CAND-2560	UNREVIEWED	ch-87-case-study-rights-issue.txt	122		This chapter took the rights-issue rules from Chapters 15, 37, and 78 and ran them against a real, verifiable NEPSE corporate action: Api Power Company Limited's 2023 rights issue, offering four new shares for every ten held, at Rs 100 per share, with subscriptions running from Shrawan 31 to Bhadra 19, 2080 BS.	Rs 100		amount|nepse	auto-extracted; assign qkey + status in triage (03)
CAND-2561	UNREVIEWED	ch-87-case-study-rights-issue.txt	122		Hemisphere 2 showed exactly what the rights issue did move: Financial Strength & Profitability rose from 5 to 10 out of 20 as gearing fell from 1.37x to 0.92x and interest coverage strengthened to 3.82x, even though return on equity has still not cleared Chapter 64's own 7 percent floor.	7 percent		percent	auto-extracted; assign qkey + status in triage (03)
CAND-2562	UNREVIEWED	ch-87-case-study-rights-issue.txt	122		Valuation Reasonableness (8/15) and Growth Trajectory (7/15) were both scored conservatively against data this chapter could not fully verify, and Dividend & Capital Return Discipline (8/10) reflected a near-unbroken payout record at a persistently thin cash ratio.	8/15		fraction	auto-extracted; assign qkey + status in triage (03)
CAND-2563	UNREVIEWED	ch-87-case-study-rights-issue.txt	123		Chapter 88, Case Study 6 — An IPO Analysis, turns from a company already listed and already known to one arriving fresh on NEPSE for the very first time.			nepse	auto-extracted; assign qkey + status in triage (03)
CAND-2564	UNREVIEWED	ch-88-case-study-ipo-analysis.txt	10		This chapter follows her through a real one: Bikash Hydropower Company Limited, ticker BHCL, which opened its public share offering in July 2025 and listed on the Nepal Stock Exchange the following month.	July 2025		word_date	auto-extracted; assign qkey + status in triage (03)
CAND-2565	UNREVIEWED	ch-88-case-study-ipo-analysis.txt	16		Nepali share prices are quoted per unit of Rs 100 face value, called the par value, and BHCL's IPO was priced exactly at par: Rs 100 per share, no premium.	Rs 100		amount	auto-extracted; assign qkey + status in triage (03)
CAND-2566	UNREVIEWED	ch-88-case-study-ipo-analysis.txt	16		The subscription window ran from 18 to 22 Ashadh 2082 on the Nepali calendar — 2 to 6 July 2025 in the Gregorian calendar most of this book uses.	6 July		word_date	auto-extracted; assign qkey + status in triage (03)
CAND-2567	UNREVIEWED	ch-88-case-study-ipo-analysis.txt	18		Par value is the fixed reference price of Rs 100 stamped on a Nepali share at issuance.	Rs 100		amount	auto-extracted; assign qkey + status in triage (03)
CAND-2568	UNREVIEWED	ch-88-case-study-ipo-analysis.txt	19		You are not being asked whether Rs 100 is a fair price for a share of a 4.55 MW hydropower plant — regulation has already fixed that number regardless of what the underlying business is actually worth.	Rs 100		amount	auto-extracted; assign qkey + status in triage (03)
CAND-2569	UNREVIEWED	ch-88-case-study-ipo-analysis.txt	32		A year after listing, BHCL trades with real, checkable numbers: a 30-day average volume near 53,497 shares a day at a recent price around Rs 553 works out to roughly Rs 29 million of daily rupee turnover — solid, though short of Chapter 64's very top band.	Rs 553		amount	auto-extracted; assign qkey + status in triage (03)
CAND-2570	UNREVIEWED	ch-88-case-study-ipo-analysis.txt	32		Free float is harder to pin down directly; BHCL's general-public IPO tranche of 2,942,760 units against 9,091,013 total shares outstanding today works out to about 32 percent of the company held outside the promoter and project-affected-local allotments — an estimate built from arithmetic on disclosed totals, not a directly reported free-float percentage, and disclosed as such.	32 percent		percent	auto-extracted; assign qkey + status in triage (03)
CAND-2571	UNREVIEWED	ch-88-case-study-ipo-analysis.txt	33		BHCL's promoter base, unlike a single dominant family group, is fragmented across several named individuals — Khagendra Neupane holding roughly 14 percent, with Krishna Prasad Ghimire, Saroj Dhital, Raj Kumar Gurung, Indra Bahadur Dhakal, and Sunil Shrestha each holding smaller stakes — a real, disclosed structure typical of a locally sponsored small hydropower project, with no pledging disclosed 	14 percent		percent	auto-extracted; assign qkey + status in triage (03)
CAND-2572	UNREVIEWED	ch-88-case-study-ipo-analysis.txt	40		Return on equity, computed from BHCL's current trailing earnings per share of Rs 10.81 against a book value per share of Rs 112.53, works out to about 9.6 percent — inside Chapter 64's 7-to-10-percent band, scored 4 out of 8.	9.6 percent		percent|amount	auto-extracted; assign qkey + status in triage (03)
CAND-2573	UNREVIEWED	ch-88-case-study-ipo-analysis.txt	40		Leverage and interest-coverage discipline is scored on the most recent independently verified figures available, from ICRA Nepal's October 2023 rating report: a project debt-to-equity structure of roughly 58:42, a total-debt-to-tangible-net-worth ratio of 1.53 times, and an interest coverage ratio of just 1.35 times — meaning operating earnings at that time barely covered the interest bill, well s	October 2023		word_date	auto-extracted; assign qkey + status in triage (03)
CAND-2574	UNREVIEWED	ch-88-case-study-ipo-analysis.txt	40		The 2025 IPO itself raised roughly Rs 294 million of fresh equity, which plausibly improved this ratio somewhat, but no updated, independently verifiable post-IPO figure could be confirmed, so this dimension is scored on the last verified data rather than an assumed improvement — 0 out of 7.	Rs 294		amount	auto-extracted; assign qkey + status in triage (03)
CAND-2575	UNREVIEWED	ch-88-case-study-ipo-analysis.txt	43		Its price-to-book ratio of about 4.91 times, checked against the broader NEPSE market's average of roughly 2.8 times (the same imprecise but disclosed benchmark used elsewhere in this Part, since no hydropower-specific book-value median could be verified), works out to a ratio of about 1.75 — again past the 1.5x ceiling — scored 1 out of 7.			nepse	auto-extracted; assign qkey + status in triage (03)
CAND-2576	UNREVIEWED	ch-88-case-study-ipo-analysis.txt	45		BHCL has not declared a dividend since listing in August 2025 — a real, disclosed absence rather than a fabricated negative, and one that may simply reflect a young, recently listed company that has not yet held the AGM cycle where a first dividend decision would appear.	August 2025		word_date	auto-extracted; assign qkey + status in triage (03)
CAND-2577	UNREVIEWED	ch-88-case-study-ipo-analysis.txt	48		Financial Strength & Profitability206ROE ~9.6% → 4/8; last verified leverage (pre-IPO, 2023) shows interest coverage of only 1.35x → 0/7; single confirmed EPS figure, no verified trend → 2/5	9.6%		percent|fraction	auto-extracted; assign qkey + status in triage (03)
CAND-2578	UNREVIEWED	ch-88-case-study-ipo-analysis.txt	49		Governance & Promoter Behaviour1510Fragmented multi-individual promoter base, no pledging disclosed → 4/6; no related-party red flag, ICRA-rated → 3/5; quarterly EPS continuing, board independence unverified → 3/4	4/6		fraction	auto-extracted; assign qkey + status in triage (03)
CAND-2579	UNREVIEWED	ch-88-case-study-ipo-analysis.txt	50		Liquidity & Tradability106~Rs 29 million/day turnover → 3/5; free float estimated at ~32% from disclosed totals, below the 40% top band → 3/5	32%		percent|fraction|amount	auto-extracted; assign qkey + status in triage (03)
CAND-2580	UNREVIEWED	ch-88-case-study-ipo-analysis.txt	51		Valuation Reasonableness152P/E 51.14x vs sector ~18.37x (≈2.78x) → 1/8; P/B 4.91x vs broader-market ~2.8x (≈1.75x) → 1/7	1/8		fraction	auto-extracted; assign qkey + status in triage (03)
CAND-2581	UNREVIEWED	ch-88-case-study-ipo-analysis.txt	52		Sector & Business Model Durability1511Licensed generator with a signed PPA, Ch64's textbook full-marks case → 8/8; single 4.55MW run-of-river plant, no reservoir, 100% NEA dependency → 3/7	100%		percent|fraction	auto-extracted; assign qkey + status in triage (03)
CAND-2582	UNREVIEWED	ch-88-case-study-ipo-analysis.txt	53		Growth Trajectory154No verified multi-year revenue or EPS series → 2/8 + 2/7	2/8		fraction	auto-extracted; assign qkey + status in triage (03)
CAND-2583	UNREVIEWED	ch-88-case-study-ipo-analysis.txt	54		Dividend & Capital Return Discipline102No dividend declared since listing; too young a track record to score positively → 1/6 + 1/4	1/6		fraction	auto-extracted; assign qkey + status in triage (03)
CAND-2584	UNREVIEWED	ch-88-case-study-ipo-analysis.txt	57		This is a strikingly different number from the informal 22 out of 30 (about 73 percent) this chapter once reported — not because BHCL's business changed, but because that number was never a real Canon Score in the first place.	73 percent		percent	auto-extracted; assign qkey + status in triage (03)
CAND-2585	UNREVIEWED	ch-88-case-study-ipo-analysis.txt	61		Ten units at Rs 100 par value meant Rs 1,000 blocked, the minimum application amount, and the amount Rukmini chose to apply for.	Rs 100		amount	auto-extracted; assign qkey + status in triage (03)
CAND-2586	UNREVIEWED	ch-88-case-study-ipo-analysis.txt	64		It would only have tied up more of her Rs 200,000 in a blocked state for the one to two weeks between application and allotment, money that could otherwise have stayed in an interest-bearing account or been used for another IPO's application window if one happened to overlap.	Rs 200,000		amount	auto-extracted; assign qkey + status in triage (03)
CAND-2587	UNREVIEWED	ch-88-case-study-ipo-analysis.txt	69		The lottery results for BHCL were published on 13 July 2025 — roughly a week after the subscription window closed.	13 July		word_date	auto-extracted; assign qkey + status in triage (03)
CAND-2588	UNREVIEWED	ch-88-case-study-ipo-analysis.txt	69		He received the flat allotment of 10 units, at a total cost of Rs 1,000, debited from his blocked ASBA amount the moment the allotment was confirmed.	Rs 1,000,		amount	auto-extracted; assign qkey + status in triage (03)
CAND-2589	UNREVIEWED	ch-88-case-study-ipo-analysis.txt	69		Rukmini's own Rs 1,000 was simply unblocked and available again the same week — no loss, no gain, just capital that had sat idle for roughly ten days.	Rs 1,000		amount	auto-extracted; assign qkey + status in triage (03)
CAND-2590	UNREVIEWED	ch-88-case-study-ipo-analysis.txt	70		Nothing was really risked, beyond the opportunity cost of ten days without access to Rs 1,000.	Rs 1,000		amount	auto-extracted; assign qkey + status in triage (03)
CAND-2591	UNREVIEWED	ch-88-case-study-ipo-analysis.txt	71		BHCL listed on NEPSE roughly five weeks later, on 19 August 2025 — the gap between allotment and listing being the ordinary administrative time it takes for share certificates to be credited to demat accounts and for NEPSE to clear the company for trading.	19 August		word_date|nepse	auto-extracted; assign qkey + status in triage (03)
CAND-2592	UNREVIEWED	ch-88-case-study-ipo-analysis.txt	71		On listing day, NEPSE set an opening price band — the range within which the very first trades of a newly listed share are allowed to occur, since there is no previous closing price to anchor a normal daily circuit band against — of Rs 97.43 to Rs 292.29.	Rs 97.43		amount|nepse	auto-extracted; assign qkey + status in triage (03)
CAND-2593	UNREVIEWED	ch-88-case-study-ipo-analysis.txt	71		That is an unusually wide band for a first trade, running from just below the Rs 100 par value all the way up to nearly three times it, and it reflects how uncertain price discovery is for a company whose fixed IPO price told the market nothing about what buyers were actually willing to pay once shares could trade freely.	Rs 100		amount	auto-extracted; assign qkey + status in triage (03)
CAND-2594	UNREVIEWED	ch-88-case-study-ipo-analysis.txt	74		BHCL's shares traded within that band and, over the weeks that followed, the stock moved well above its Rs 100 par value, in keeping with the pattern the extreme oversubscription had already signalled.	Rs 100		amount	auto-extracted; assign qkey + status in triage (03)
CAND-2595	UNREVIEWED	ch-88-case-study-ipo-analysis.txt	74		Across the twelve months after listing, BHCL's price ranged as widely as its opening band had suggested it might: a 52-week high of Rs 699 and a 52-week low of Rs 292.10, with the shares trading around Rs 553 roughly a year after listing, in August 2026.	Rs 699		amount|word_date	auto-extracted; assign qkey + status in triage (03)
CAND-2596	UNREVIEWED	ch-88-case-study-ipo-analysis.txt	74		In other words, an investor who was allotted shares near par value and held through the full year saw the price climb to almost seven times its issue price at its best point (Rs 699 ÷ Rs 100 = 6.99), and nearly triple at its worst (Rs 292.10 ÷ Rs 100 = 2.92) — but also saw it fall by roughly twenty percent from its high before this book went to print.	Rs 699		amount	auto-extracted; assign qkey + status in triage (03)
CAND-2597	UNREVIEWED	ch-88-case-study-ipo-analysis.txt	76		BHCL's shares traded as high as Rs 699 and as low as Rs 292.10 within a single year of listing — a difference of more than double, on the same business, with the same PPA, the same 4.55 megawatt plant, and the same debt load throughout.	Rs 699		amount	auto-extracted; assign qkey + status in triage (03)
CAND-2598	UNREVIEWED	ch-88-case-study-ipo-analysis.txt	82		A year later, with BHCL trading around Rs 553, that decision looked reasonable rather than brilliant, which is usually how good process actually feels in real time.	Rs 553,		amount	auto-extracted; assign qkey + status in triage (03)
CAND-2599	UNREVIEWED	ch-88-case-study-ipo-analysis.txt	84		Subscription opened2 July 20252,942,760 units offered to the general public at Rs 100 par value	Rs 100		amount	auto-extracted; assign qkey + status in triage (03)
CAND-2600	UNREVIEWED	ch-88-case-study-ipo-analysis.txt	87		Listing on NEPSE19 August 2025First-day trading band set at Rs 97.43 to Rs 292.29	Rs 97.43		amount	auto-extracted; assign qkey + status in triage (03)
CAND-2601	UNREVIEWED	ch-88-case-study-ipo-analysis.txt	88		One year after listingAugust 202652-week range Rs 292.10 to Rs 699; trading near Rs 553; real Canon Score 41/100 (Weak/Avoid)	41/100		fraction|amount	auto-extracted; assign qkey + status in triage (03)
CAND-2602	UNREVIEWED	ch-88-case-study-ipo-analysis.txt	91		This chapter followed one real, ordinary NEPSE IPO — Bikash Hydropower Company Limited, a 4.55 megawatt run-of-river plant in Gorkha district — from prospectus to a year past listing.			nepse	auto-extracted; assign qkey + status in triage (03)
CAND-2603	UNREVIEWED	ch-88-case-study-ipo-analysis.txt	91		Hemisphere 1 scored Liquidity & Tradability (6/10), Governance & Promoter Behaviour (10/15), and Sector & Business Model Durability (11/15 — a notch below this book's larger hydropower case studies, reflecting BHCL's single small run-of-river plant with no reservoir).	6/10		fraction	auto-extracted; assign qkey + status in triage (03)
CAND-2604	UNREVIEWED	ch-88-case-study-ipo-analysis.txt	91		Hemisphere 2 scored Financial Strength & Profitability (6/20, held down by a weak pre-IPO interest-coverage figure that could not be confirmed as improved), Valuation Reasonableness (2/15, against a P/E of 51.14x and a P/B of 4.91x), Growth Trajectory (4/15, scored conservatively against an unverified multi-year track record), and Dividend & Capital Return Discipline (2/10, no dividend declared si	6/20		fraction	auto-extracted; assign qkey + status in triage (03)
CAND-2605	UNREVIEWED	ch-89-case-study-bank-failure.txt	10		But in the spring of 2081 (2024 in the calendar most of the world uses), that is almost exactly how he found Karnali Development Bank Limited, ticker KRBL on NEPSE.			nepse	auto-extracted; assign qkey + status in triage (03)
CAND-2606	UNREVIEWED	ch-89-case-study-bank-failure.txt	13		Start with what Karnali Development Bank actually was, because most Kathmandu-based investors had never heard of it before December 2024, and that fact is itself the first lesson.	December 2024		word_date	auto-extracted; assign qkey + status in triage (03)
CAND-2607	UNREVIEWED	ch-89-case-study-bank-failure.txt	14		Its paid-up capital — the money shareholders had actually put in, the base a bank is required to hold before NRB will let it operate — stood at roughly Rs 502.8 million.	Rs 502.8		amount	auto-extracted; assign qkey + status in triage (03)
CAND-2608	UNREVIEWED	ch-89-case-study-bank-failure.txt	14		Its deposits, meaning the money ordinary savers had placed with it, stood at about Rs 5.21 billion.	Rs 5.21		amount	auto-extracted; assign qkey + status in triage (03)
CAND-2609	UNREVIEWED	ch-89-case-study-bank-failure.txt	14		Its loan book, the total it had lent out, stood at about Rs 3.81 billion.	Rs 3.81		amount	auto-extracted; assign qkey + status in triage (03)
CAND-2610	UNREVIEWED	ch-89-case-study-bank-failure.txt	14		On paper, at the end of the first quarter of the 2024/25 fiscal year, it had posted a modest net loss of about Rs 19.8 million and reported a non-performing loan (NPL) ratio — the share of its loans that borrowers were not repaying on schedule — of 7.27 percent.	7.27 percent		percent|fraction|amount	auto-extracted; assign qkey + status in triage (03)
CAND-2611	UNREVIEWED	ch-89-case-study-bank-failure.txt	16		First, book value: a bank with Rs 502.8 million in paid-up capital and a stated net worth per share often trades at a price close to or even below its book value, which looks, on the surface, like a bargain compared to the richly priced commercial banks.	Rs 502.8		amount	auto-extracted; assign qkey + status in triage (03)
CAND-2612	UNREVIEWED	ch-89-case-study-bank-failure.txt	27		What was visible in real time, to anyone reading board composition and AGM records before December 2024: Rajendra Bir Raya, the bank's founding promoter, held both the chairman and chief executive roles from roughly 2019 to 2022 — an unusual concentration of power at a small development bank in itself — before a subsequent chairman, Pashupati Dayal Mishra, a sitting member of a major political par	December 2024		word_date	auto-extracted; assign qkey + status in triage (03)
CAND-2613	UNREVIEWED	ch-89-case-study-bank-failure.txt	27		What was only established later, after NRB's takeover, is the criminal case: in June 2025, roughly six months after the takeover, the Central Investigation Bureau arrested Raya at Belahiya, near the Nepal–India border in Rupandehi district, as he attempted to cross out of the country — not an extradition from abroad, but a domestic arrest of someone who had gone underground inside Nepal after the 	June 2025		word_date	auto-extracted; assign qkey + status in triage (03)
CAND-2614	UNREVIEWED	ch-89-case-study-bank-failure.txt	27		Mishra and several former executives, including a former finance chief, were separately investigated and, in some cases, later remanded in judicial custody in connection with an alleged embezzlement exceeding Rs 3 billion.	Rs 3		amount	auto-extracted; assign qkey + status in triage (03)
CAND-2615	UNREVIEWED	ch-89-case-study-bank-failure.txt	33		In July 2025, Nepal's Central Investigation Bureau arrested a Nepal Rastra Bank inspection officer, Bhuvan Basnet, on allegations that he had submitted favourable supervisory assessments of Karnali Development Bank despite its severe financial distress, and that suspicious deposits connected to the case had been traced to his personal bank account.	July 2025		word_date	auto-extracted; assign qkey + status in triage (03)
CAND-2616	UNREVIEWED	ch-89-case-study-bank-failure.txt	33		The amount under investigation in that strand of the case was reported at roughly Rs 2.5 billion.	Rs 2.5		amount	auto-extracted; assign qkey + status in triage (03)
CAND-2617	UNREVIEWED	ch-89-case-study-bank-failure.txt	36		"When Nepal Rastra Bank placed Karnali Development Bank under Prompt Corrective Action in late November 2024, and then formally declared it a troubled, or ""problematic,"" institution in late December 2024, the bank's own reported non-performing loan ratio — the figure it had been disclosing to shareholders and to the market — was 7.27 percent."	7.27 percent		percent|word_date	auto-extracted; assign qkey + status in triage (03)
CAND-2618	UNREVIEWED	ch-89-case-study-bank-failure.txt	36		NRB's own supervisory assessment, once regulators looked underneath the reported numbers, found the true figure to be 40.85 percent.	40.85 percent		percent	auto-extracted; assign qkey + status in triage (03)
CAND-2619	UNREVIEWED	ch-89-case-study-bank-failure.txt	41		A bank that cannot maintain its regulatory capital cushion while also reporting a modest, single-digit NPL ratio is presenting two numbers that do not sit comfortably together: if only 7 percent of loans were bad, the capital math should have been much easier to satisfy.	7 percent		percent	auto-extracted; assign qkey + status in triage (03)
CAND-2620	UNREVIEWED	ch-89-case-study-bank-failure.txt	42		Karnali Development Bank was mobilizing Rs 5.21 billion in deposits against Rs 3.81 billion in loans, and by the time of the takeover, it could not reliably meet deposit repayment obligations — meaning depositors coming to withdraw money were, in effect, running into a liquidity wall.	Rs 5.21		amount	auto-extracted; assign qkey + status in triage (03)
CAND-2621	UNREVIEWED	ch-89-case-study-bank-failure.txt	43		Third, and this is the forensic detail that eventually broke the case open publicly: Nepal's Central Investigation Bureau found evidence of financial irregularities exceeding Rs 3 billion, and investigators specifically pointed to a mismatch between the bank's actual deposit records and the figures recorded in its own core banking system — the software platform that is supposed to be the single so	Rs 3		amount	auto-extracted; assign qkey + status in triage (03)
CAND-2622	UNREVIEWED	ch-89-case-study-bank-failure.txt	45		Reported NPL ratioConsistent with capital adequacy math7.27 percent reported vs 40.85 percent actual	7.27 percent		percent	auto-extracted; assign qkey + status in triage (03)
CAND-2623	UNREVIEWED	ch-89-case-study-bank-failure.txt	53		Applied retrospectively and in real time to Karnali Development Bank, several of those flags would have triggered well before the December 2024 takeover, for an investor doing the reading rather than relying on a relative's tip.	December 2024		word_date	auto-extracted; assign qkey + status in triage (03)
CAND-2624	UNREVIEWED	ch-89-case-study-bank-failure.txt	57		A five-minute red-flag pass for any NEPSE-listed bank or finance company, before you buy: (1) Has the chairman or CEO changed more than once in the past three years, and is the reason stated clearly in the AGM minutes?			nepse	auto-extracted; assign qkey + status in triage (03)
CAND-2625	UNREVIEWED	ch-89-case-study-bank-failure.txt	65		When a bank's assets turn out to be worth much less than its liabilities — which is exactly what a real 40.85 percent non-performing loan ratio implies for a bank that had reported 7.27 percent — the loss has to land somewhere, and the legal and regulatory framework in Nepal, as in most countries, puts shareholders ahead of depositors in absorbing that loss.	40.85 percent		percent	auto-extracted; assign qkey + status in triage (03)
CAND-2626	UNREVIEWED	ch-89-case-study-bank-failure.txt	68		In the months around the Karnali Development Bank takeover, NRB's third-quarter inspection cycle for fiscal year 2081/82 produced a wave of corrective actions across multiple institutions, at varying levels of severity.	2081/82		fraction	auto-extracted; assign qkey + status in triage (03)
CAND-2627	UNREVIEWED	ch-89-case-study-bank-failure.txt	70		Karnali Development BankClass B development bankNPL 40.85 percent actual vs 7.27 percent reported, capital shortfall, liquidity failure, alleged fraudDeclared troubled institution; NRB took over management under Section 86	40.85 percent		percent	auto-extracted; assign qkey + status in triage (03)
CAND-2628	UNREVIEWED	ch-89-case-study-bank-failure.txt	74		Pokhara FinanceClass C finance companyCash reserve violations, NPL ratio of 33.44 percentPrompt Corrective Action; CEO fined and dismissed	33.44 percent		percent	auto-extracted; assign qkey + status in triage (03)
CAND-2629	UNREVIEWED	ch-89-case-study-bank-failure.txt	78		A reported non-performing loan ratio of 33.44 percent is bad, but it was the bank's own disclosed figure — not a number regulators had to dig underneath a falsified report to find.	33.44 percent		percent	auto-extracted; assign qkey + status in triage (03)
CAND-2630	UNREVIEWED	ch-89-case-study-bank-failure.txt	81		That means using the bank's own reported Q1 fiscal-year-2024/25 numbers (the Rs 19.8 million net loss, the 7.27 percent reported NPL ratio, deposits of Rs 5.21 billion against loans of Rs 3.81 billion) and the governance history that was already on the public record by mid-2024 (two chairman-level transitions, one of them combining the chairman and CEO roles, the second a sitting politician).	7.27 percent		percent|fraction|amount	auto-extracted; assign qkey + status in triage (03)
CAND-2631	UNREVIEWED	ch-89-case-study-bank-failure.txt	81		It deliberately does not use the 40.85 percent true NPL figure, which only became public at the moment of NRB's own December 2024 declaration, and it does not use anything from the 2025 criminal investigation — because using those would be scoring hindsight, not the framework.	40.85 percent		percent|word_date	auto-extracted; assign qkey + status in triage (03)
CAND-2632	UNREVIEWED	ch-89-case-study-bank-failure.txt	89		Loan and deposit growth: deposits of Rs 5.21 billion sitting well above a loan book of Rs 3.81 billion is not, on its own, a sign of healthy growth — Lesson 89.4 already named this exact mismatch as the second red flag a disciplined investor should have checked, because deposit growth outrunning verifiable, well-distributed lending is precisely the pattern that invites a related-party-lending chec	Rs 5.21		amount	auto-extracted; assign qkey + status in triage (03)
CAND-2633	UNREVIEWED	ch-89-case-study-bank-failure.txt	92		Financial Strength & Profitability202Q1 FY2024/25 net loss → 1/8; capital adequacy already below NRB's minimum → 0/7; loss contradicted by an implausibly clean NPL figure → 1/5	1/8		fraction	auto-extracted; assign qkey + status in triage (03)
CAND-2634	UNREVIEWED	ch-89-case-study-bank-failure.txt	93		Governance & Promoter Behaviour153Two chairman-level transitions, one combining chairman and CEO → 1/6; no related-party or concentration disclosure → 1/5; compliant-but-shallow filings → 1/4	1/6		fraction	auto-extracted; assign qkey + status in triage (03)
CAND-2635	UNREVIEWED	ch-89-case-study-bank-failure.txt	94		Liquidity & Tradability104No verified ADV or free float for a barely-covered regional bank → 2/5 + 2/5	2/5		fraction	auto-extracted; assign qkey + status in triage (03)
CAND-2636	UNREVIEWED	ch-89-case-study-bank-failure.txt	95		Valuation Reasonableness154No verified P/E or P/B available → 2/8 + 2/7	2/8		fraction	auto-extracted; assign qkey + status in triage (03)
CAND-2637	UNREVIEWED	ch-89-case-study-bank-failure.txt	96		Sector & Business Model Durability156A real but modest Class B licensing barrier → 4/8; single-region concentration in Karnali → 2/7	4/8		fraction	auto-extracted; assign qkey + status in triage (03)
CAND-2638	UNREVIEWED	ch-89-case-study-bank-failure.txt	97		Growth Trajectory153Deposits (Rs 5.21bn) far outrunning loans (Rs 3.81bn), an unexplained-growth red flag rather than a strength → 2/8; a disclosed net loss → 1/7	2/8		fraction|amount	auto-extracted; assign qkey + status in triage (03)
CAND-2639	UNREVIEWED	ch-89-case-study-bank-failure.txt	98		Dividend & Capital Return Discipline102A dividend-paying reputation sitting next to a capital-adequacy shortfall, per Ch65's bank-specific dividend-vs-CAR check → 1/6 + 1/4	1/6		fraction	auto-extracted; assign qkey + status in triage (03)
CAND-2640	UNREVIEWED	ch-89-case-study-bank-failure.txt	101		The governance dimension alone, scored honestly in early-to-mid 2024, was already low enough to trigger the override and land Karnali Development Bank in Weak/Avoid, well before Prompt Corrective Action in November 2024 and the takeover in December.	November 2024		word_date	auto-extracted; assign qkey + status in triage (03)
CAND-2641	UNREVIEWED	ch-89-case-study-bank-failure.txt	101		The specific, damning 40.85 percent NPL figure, by contrast, only became public at the moment of the takeover itself — it confirmed the framework's earlier verdict, but arrived too late to be the thing that triggered an exit, since trading was suspended at essentially the same moment.	40.85 percent		percent	auto-extracted; assign qkey + status in triage (03)
CAND-2642	UNREVIEWED	ch-89-case-study-bank-failure.txt	106		"This chapter also corrected an error in its own earlier telling: an unconfirmed claim that the bank's founding chairman was ""extradited from India"" — he was in fact arrested inside Nepal, at the border in Rupandehi, in June 2025, roughly six months after the takeover, not extradited from abroad."	June 2025		word_date	auto-extracted; assign qkey + status in triage (03)
CAND-2643	UNREVIEWED	ch-89-case-study-bank-failure.txt	107		Case Study 8 examines the 2021 NEPSE mania — the extraordinary run-up in Nepal's stock market during and after the pandemic years, when the NEPSE index and trading volumes reached levels the market had never seen, retail participation exploded through newly digitized demat and online trading access, and a very different kind of risk took hold: not the risk of one bank's hidden fraud, but the risk 			nepse	auto-extracted; assign qkey + status in triage (03)
CAND-2644	UNREVIEWED	ch-89-case-study-bank-failure.txt	109		Case Study 8 — The 2021 NEPSE Mania →			nepse	auto-extracted; assign qkey + status in triage (03)
CAND-2645	UNREVIEWED	ch-90-case-study-nepse-mania.txt	9		Case Study 8 — The 2021 NEPSE Mania			nepse	auto-extracted; assign qkey + status in triage (03)
CAND-2646	UNREVIEWED	ch-90-case-study-nepse-mania.txt	11		I am telling you this story now, several years later, because NEPSE — the Nepal Stock Exchange, the single exchange where all publicly listed Nepali shares trade — went through one of the most dramatic bull-and-bust cycles of any market, anywhere, between 2020 and 2023.			nepse	auto-extracted; assign qkey + status in triage (03)
CAND-2647	UNREVIEWED	ch-90-case-study-nepse-mania.txt	11		The benchmark NEPSE index fell to roughly 1,100 points in the panic of March and April 2020, when the country went into its first COVID-19 lockdown and the market itself closed its doors for weeks.	April 2020		word_date|nepse	auto-extracted; assign qkey + status in triage (03)
CAND-2648	UNREVIEWED	ch-90-case-study-nepse-mania.txt	11		Then it climbed, almost without pausing to catch its breath, past 2,000, past 2,800, and finally to an all-time closing high of 3,198.60 points in early August 2021.	August 2021		word_date	auto-extracted; assign qkey + status in triage (03)
CAND-2649	UNREVIEWED	ch-90-case-study-nepse-mania.txt	11		Then it fell for the better part of two years, grinding down toward the 1,900–2,000 range by mid-2022, drifting into the high 1,800s by the end of that year, and staying depressed well into 2023.	900–2		score_band	auto-extracted; assign qkey + status in triage (03)
CAND-2650	UNREVIEWED	ch-90-case-study-nepse-mania.txt	12		This chapter connects most directly to Chapters 50 through 53, where we studied the specific behavioural biases that make Nepali investors — not foreign investors, not institutional investors, but ordinary NEPSE retail investors like me — lose money even in markets that are, overall, rising.			nepse	auto-extracted; assign qkey + status in triage (03)
CAND-2651	UNREVIEWED	ch-90-case-study-nepse-mania.txt	14		To understand why NEPSE went from roughly 1,100 points to over 3,000 points in about sixteen months, you have to understand four things that were happening in the Nepali economy at the same time, none of which had anything to do with company earnings.			nepse	auto-extracted; assign qkey + status in triage (03)
CAND-2652	UNREVIEWED	ch-90-case-study-nepse-mania.txt	15		Fixed deposit rates at commercial banks, which had been a comfortable 9 to 11 percent for ordinary savers in earlier years, fell toward 5 to 7 percent and in some cases lower.	11 percent		percent	auto-extracted; assign qkey + status in triage (03)
CAND-2653	UNREVIEWED	ch-90-case-study-nepse-mania.txt	27		Nepali investors who had only ever experienced NEPSE as an index that went from 1,100 to 3,000 quite reasonably, if you only look at that one stretch of time, assumed the next move was also up.			nepse	auto-extracted; assign qkey + status in triage (03)
CAND-2654	UNREVIEWED	ch-90-case-study-nepse-mania.txt	27		Very few new entrants in 2020 and 2021 had any personal memory of NEPSE's previous major bust — the 2016 correction, or the much larger 2008 to 2011 crash, when the index fell for years after an earlier boom.			nepse	auto-extracted; assign qkey + status in triage (03)
CAND-2655	UNREVIEWED	ch-90-case-study-nepse-mania.txt	30		CDSC data shows demat accounts rising from roughly 1.7 million before the pandemic to well over four million by 2021 — meaning a very large share of NEPSE's active retail base in 2021 had never experienced a full market cycle.			nepse	auto-extracted; assign qkey + status in triage (03)
CAND-2656	UNREVIEWED	ch-90-case-study-nepse-mania.txt	41		NEPSE closed at 3,198.60 points on August 8, 2021 — its highest level in the exchange's history at that time, and a figure that market commentators still cite today as the symbolic top of the mania.			nepse	auto-extracted; assign qkey + status in triage (03)
CAND-2657	UNREVIEWED	ch-90-case-study-nepse-mania.txt	43		Individual scripts on NEPSE are subject to daily price bands, commonly cited at up to about 10 percent in either direction depending on the rules in force at the time, and the exchange has historically triggered market-wide circuit halts on unusually sharp single-day index moves.	10 percent		percent|nepse	auto-extracted; assign qkey + status in triage (03)
CAND-2658	UNREVIEWED	ch-90-case-study-nepse-mania.txt	47		In August 2021, new demat account openings and margin lending growth had become self-referential: people were opening accounts and borrowing to buy shares because share prices were rising, and share prices were rising in part because people kept opening accounts and borrowing to buy shares.	August 2021		word_date	auto-extracted; assign qkey + status in triage (03)
CAND-2659	UNREVIEWED	ch-90-case-study-nepse-mania.txt	63		By the middle of 2022, NEPSE had fallen from its 3,198.60 peak to roughly the 1,900 to 2,000 range — a decline of well over a third from the top — and it spent the rest of 2022 and part of 2023 grinding lower still, dipping into the high 1,800s by December 2022 (closing at 1,899.70 that December, per contemporary reporting) and staying in a depressed band roughly between 1,800 and 2,000 for much o	December 2022		word_date|nepse	auto-extracted; assign qkey + status in triage (03)
CAND-2660	UNREVIEWED	ch-90-case-study-nepse-mania.txt	66		Through 2022, many small and mid-sized scripts on NEPSE experienced extended stretches of hitting lower circuit with thin or nonexistent buy-side order books — the mirror image of the upper-circuit pattern seen in 2021.			nepse	auto-extracted; assign qkey + status in triage (03)
CAND-2661	UNREVIEWED	ch-90-case-study-nepse-mania.txt	81		Financial Strength & Profitability207Modest ROE typical of a small, newly operating hydropower developer → 3/8; heavy project debt, the sector norm → 2/7; thin, early-stage earnings history → 2/5	3/8		fraction	auto-extracted; assign qkey + status in triage (03)
CAND-2662	UNREVIEWED	ch-90-case-study-nepse-mania.txt	82		Governance & Promoter Behaviour157A local promoter group with no independent verification available → 3/6; thin related-party disclosure → 2/5; compliant-but-shallow quarterly filings → 2/4	3/6		fraction	auto-extracted; assign qkey + status in triage (03)
CAND-2663	UNREVIEWED	ch-90-case-study-nepse-mania.txt	83		Liquidity & Tradability105Raw trading volume looked strong during the mania → 4/5; but real free float had effectively vanished behind an unfillable, one-directional buy queue at upper circuit → 1/5	4/5		fraction	auto-extracted; assign qkey + status in triage (03)
CAND-2664	UNREVIEWED	ch-90-case-study-nepse-mania.txt	84		Valuation Reasonableness152A price-to-earnings and price-to-book multiple stretched well past any level the sector's own earnings history could support → 1/8 + 1/7	1/8		fraction	auto-extracted; assign qkey + status in triage (03)
CAND-2665	UNREVIEWED	ch-90-case-study-nepse-mania.txt	85		Sector & Business Model Durability1512Licensed generator with a signed PPA, Ch64's textbook full-marks case → 8/8; single-buyer NEA dependency, the acknowledged gap this book's other hydropower case studies also flag → 4/7	8/8		fraction	auto-extracted; assign qkey + status in triage (03)
CAND-2666	UNREVIEWED	ch-90-case-study-nepse-mania.txt	86		Growth Trajectory154Ordinary underlying revenue and earnings growth, nowhere close to the pace of the share-price move → 2/8 + 2/7	2/8		fraction	auto-extracted; assign qkey + status in triage (03)
CAND-2667	UNREVIEWED	ch-90-case-study-nepse-mania.txt	87		Dividend & Capital Return Discipline102Little or no dividend track record yet at this stage of a small operator's life, the same pattern this book's real IPO case study also found → 1/6 + 1/4	1/6		fraction	auto-extracted; assign qkey + status in triage (03)
CAND-2668	UNREVIEWED	ch-90-case-study-nepse-mania.txt	94		I want to be careful here not to claim the Canon Score would have called the exact top of 3,198.60 in August 2021; no honest framework claims to call tops.	August 2021		word_date	auto-extracted; assign qkey + status in triage (03)
CAND-2669	UNREVIEWED	ch-90-case-study-nepse-mania.txt	98		Valuation screeningBought based on recent price momentum, ignoring earnings multiplesFlagged stretched valuations in popular scripts well before the August 2021 peak	August 2021		word_date	auto-extracted; assign qkey + status in triage (03)
CAND-2670	UNREVIEWED	ch-90-case-study-nepse-mania.txt	106		The 2021 NEPSE mania was a genuinely national event, not a niche financial story: a pandemic that emptied out interest rates and ordinary life at the same time, remittance flows that kept arriving even when the world expected them to stop, an exchange made suddenly accessible to millions of new participants through Mero Share and TMS, and a wave of margin lending that connected those new participa			nepse	auto-extracted; assign qkey + status in triage (03)
CAND-2671	UNREVIEWED	ch-91-case-study-hydropower-overrun.txt	11		Upper Tamakoshi Hydropower Limited, commonly traded on NEPSE under the symbol UPPER, is a 456 megawatt (MW) run-of-river hydropower project on the Tamakoshi River in Dolakha district.			nepse	auto-extracted; assign qkey + status in triage (03)
CAND-2672	UNREVIEWED	ch-91-case-study-hydropower-overrun.txt	15		Scored using Upper Tamakoshi’s publicly reported figures to August 2026, including FY2024/25 results.	August 2026		word_date	auto-extracted; assign qkey + status in triage (03)
CAND-2673	UNREVIEWED	ch-91-case-study-hydropower-overrun.txt	15		Market figures cited — a price near NPR 185 and a trailing P/E near 43 — were re-checked against NEPSE data providers on 27 August 2026 and remained accurate at that date.	NPR 185		amount|word_date|nepse	auto-extracted; assign qkey + status in triage (03)
CAND-2674	UNREVIEWED	ch-91-case-study-hydropower-overrun.txt	19		A run-of-river plant on a glacier-fed Himalayan river might have a capacity factor anywhere from 45 to 60 percent, because winter flows are a fraction of monsoon flows.	60 percent		percent	auto-extracted; assign qkey + status in triage (03)
CAND-2675	UNREVIEWED	ch-91-case-study-hydropower-overrun.txt	23		If a project was financed 70 percent by debt at, say, a 10 percent annual interest rate, and it is delayed by two extra years, the IDC alone on that debt — compounding, since unpaid interest is often itself capitalised and grows in subsequent periods — can add a cost equivalent to 14 to 20 percent or more of the original loan amount, before you even count the extra cost of remobilizing contractors	70 percent		percent	auto-extracted; assign qkey + status in triage (03)
CAND-2676	UNREVIEWED	ch-91-case-study-hydropower-overrun.txt	33		Then, in April 2015, the Gorkha earthquake struck.	April 2015		word_date	auto-extracted; assign qkey + status in triage (03)
CAND-2677	UNREVIEWED	ch-91-case-study-hydropower-overrun.txt	45		Upper Tamakoshi's original approved project cost was NPR 35 billion, financed with a debt-to-equity structure weighted toward debt — a common pattern in Nepali hydropower, where debt makes up 70 percent or more of total financing, with the remainder coming from equity contributed by NEA and, eventually, public shareholders including project-affected locals.	70 percent		percent|amount	auto-extracted; assign qkey + status in triage (03)
CAND-2678	UNREVIEWED	ch-91-case-study-hydropower-overrun.txt	47		Loans were carrying an interest rate of roughly 11 percent, and by mid-2019 — with the project still years from commissioning — cumulative interest charges on the project's debt had climbed from about NPR 6.7 billion in 2016 to roughly NPR 14.4 billion.	11 percent		percent|amount	auto-extracted; assign qkey + status in triage (03)
CAND-2679	UNREVIEWED	ch-91-case-study-hydropower-overrun.txt	47		By that point, the project's cost excluding capitalised interest stood near NPR 49 billion, but including that capitalised interest the figure was already closer to NPR 69 billion, on a project that had not yet produced a single billable unit of electricity.	NPR 49		amount	auto-extracted; assign qkey + status in triage (03)
CAND-2680	UNREVIEWED	ch-91-case-study-hydropower-overrun.txt	47		The rupee's roughly 25 percent depreciation against the dollar and euro over the same period made imported equipment and contractor payments more expensive still, and a crane failure during penstock installation in May 2019 added yet another few months of delay on top of everything else.	25 percent		percent|word_date	auto-extracted; assign qkey + status in triage (03)
CAND-2681	UNREVIEWED	ch-91-case-study-hydropower-overrun.txt	47		By the time the project was finally reconciled after commissioning, the per-megawatt cost had risen from an original NPR 77 million per MW to roughly NPR 196 million per MW — a 154 percent increase, putting total project cost at approximately NPR 89 billion against the original NPR 35 billion budget, roughly two and a half times the original estimate.	154 percent		percent|amount	auto-extracted; assign qkey + status in triage (03)
CAND-2682	UNREVIEWED	ch-91-case-study-hydropower-overrun.txt	53		Even if Upper Tamakoshi generates precisely the electricity its engineers originally projected, its shareholders are now servicing a debt load roughly proportional to a NPR 89 billion project rather than a NPR 35 billion one.	NPR 89		amount	auto-extracted; assign qkey + status in triage (03)
CAND-2683	UNREVIEWED	ch-91-case-study-hydropower-overrun.txt	58		Upper Tamakoshi is one of the largest hydropower listings on NEPSE by market value — roughly NPR 40 billion in market capitalisation on 211.8 million shares, all of it publicly held with no separate promoter block locking up supply.	NPR 40		amount|nepse	auto-extracted; assign qkey + status in triage (03)
CAND-2684	UNREVIEWED	ch-91-case-study-hydropower-overrun.txt	58		Against that, the share has been in a clear downtrend for over a year, sliding from a 52-week high near NPR 243 to the mid-NPR 180s, which tends to thin out willing buyers even in a large-cap name.	NPR 243		amount	auto-extracted; assign qkey + status in triage (03)
CAND-2685	UNREVIEWED	ch-91-case-study-hydropower-overrun.txt	59		That said, execution difficulty is itself a governance fact: the project missed its commissioning deadline five separate times, and its per-megawatt cost rose 154 percent before the project was finally reconciled.	154 percent		percent	auto-extracted; assign qkey + status in triage (03)
CAND-2686	UNREVIEWED	ch-91-case-study-hydropower-overrun.txt	59		On the positive side of the ledger, management has shown real capital discipline once the plant was operating — most notably renegotiating its long-term loan rate down from 8.25 percent to 6.75 percent for three years, a concrete, provable action rather than a promise.	8.25 percent		percent	auto-extracted; assign qkey + status in triage (03)
CAND-2687	UNREVIEWED	ch-91-case-study-hydropower-overrun.txt	66		"It posted losses for four consecutive fiscal years, driven by the interest burden on its now-roughly-doubled-and-a-half debt load and by ""hydrology penalties"" — contractual charges NEA can levy when a plant's actual generation falls short of its contracted design energy in a given season — which cost the company close to NPR 1 billion in total across those four years, rising from a token NPR 3.3 m"	2021/22		fraction|amount	auto-extracted; assign qkey + status in triage (03)
CAND-2688	UNREVIEWED	ch-91-case-study-hydropower-overrun.txt	66		In fiscal year 2024/25 alone, revenue was a healthy NPR 6.92 billion, up 19.4 percent year over year, yet the company still posted a net loss of NPR 2.57 billion — a net margin of negative 37 percent — on earnings per share of negative NPR 12.15 and a return on equity of negative 22.8 percent.	19.4 percent		percent|fraction|amount	auto-extracted; assign qkey + status in triage (03)
CAND-2689	UNREVIEWED	ch-91-case-study-hydropower-overrun.txt	66		Only in the most recent fiscal year did the picture turn, after management renegotiated its loan rate down and posted a rare penalty-free year, with the company projecting roughly NPR 1 billion in profit and trailing EPS turning positive at NPR 4.37.	NPR 1		amount	auto-extracted; assign qkey + status in triage (03)
CAND-2690	UNREVIEWED	ch-91-case-study-hydropower-overrun.txt	66		We score the sub-components as follows: return on equity 2 out of 8 (a single quarter's worth of positive earnings after four straight loss years does not yet make a trend), leverage 2 out of 7 (the balance sheet is still carrying the debt built up by the overrun, now serviced at a lower but still meaningful rate), and earnings quality 1 out of 5 (revenue is genuinely strong and growing, but the s	NPR 2.57		amount	auto-extracted; assign qkey + status in triage (03)
CAND-2691	UNREVIEWED	ch-91-case-study-hydropower-overrun.txt	67		At a recent price near NPR 185, Upper Tamakoshi trades at a trailing price-to-earnings ratio of roughly 43 times — more than double the hydropower sector's average of about 18 times, according to recent sector-wide NEPSE valuation data — despite a company that has just emerged from four consecutive loss-making years.	NPR 185,		amount|nepse	auto-extracted; assign qkey + status in triage (03)
CAND-2692	UNREVIEWED	ch-91-case-study-hydropower-overrun.txt	67		Its price-to-book ratio of roughly 4.25 times is being applied to a book value per share, near NPR 44, that has itself already been eroded by those years of accumulated losses (book value per share was above NPR 56 before the loss years took their toll).	NPR 44,		amount	auto-extracted; assign qkey + status in triage (03)
CAND-2693	UNREVIEWED	ch-91-case-study-hydropower-overrun.txt	68		Nepal's electricity demand genuinely has grown steadily, and Upper Tamakoshi's own revenue grew a healthy 19.4 percent in its most recent reported fiscal year — that part of Suman's original instinct was sound.	19.4 percent		percent	auto-extracted; assign qkey + status in triage (03)
CAND-2694	UNREVIEWED	ch-91-case-study-hydropower-overrun.txt	69		As of August 2026 that remains true: NEPSE data providers return an empty dividend history for UPPER, and the only capital action since listing has been the 1:1 rights issue of FY2080/81 — a call for more shareholder money rather than a return of it.	August 2026		word_date|nepse	auto-extracted; assign qkey + status in triage (03)
CAND-2695	UNREVIEWED	ch-91-case-study-hydropower-overrun.txt	75		Governance & Promoter Behaviour1115Credible state sponsor, no misconduct, but a five-time-delayed, 154%-overrun execution record	154%		percent	auto-extracted; assign qkey + status in triage (03)
CAND-2696	UNREVIEWED	ch-91-case-study-hydropower-overrun.txt	76		Sector & Business Model Durability1215Full marks for the PPA moat (8/8); capped at 4/7 for near-total NEA concentration	8/8		fraction	auto-extracted; assign qkey + status in triage (03)
CAND-2697	UNREVIEWED	ch-91-case-study-hydropower-overrun.txt	77		Financial Strength & Profitability520Four straight loss years, ROE -22.8% in FY 2024/25, only just turning positive	22.8%		percent|fraction	auto-extracted; assign qkey + status in triage (03)
CAND-2698	UNREVIEWED	ch-91-case-study-hydropower-overrun.txt	85		Suppose Suman had bought his shares at the original IPO price, built on the original NPR 35 billion cost assumption and the original commissioning timeline.	NPR 35		amount	auto-extracted; assign qkey + status in triage (03)
CAND-2699	UNREVIEWED	ch-91-case-study-hydropower-overrun.txt	87		First, update the cost assumption using the best available public information — in this case, contemporaneous reporting showing cost escalating from NPR 49 billion excluding capitalised interest in 2019 (already NPR 69 billion including it) toward an eventual reconciled total near NPR 89 billion.	NPR 49		amount	auto-extracted; assign qkey + status in triage (03)
CAND-2700	UNREVIEWED	ch-91-case-study-hydropower-overrun.txt	97		Upper Tamakoshi was eventually commissioned, with its units connected to the national grid in July 2021 — roughly five to six years after the original mid-decade target, and at a total cost that would eventually reconcile near NPR 89 billion, roughly two and a half times the original approved budget.	NPR 89		amount|word_date	auto-extracted; assign qkey + status in triage (03)
CAND-2701	UNREVIEWED	ch-91-case-study-hydropower-overrun.txt	97		The plant began generating substantial revenue — NPR 6.92 billion in fiscal year 2024/25 alone, still growing — yet the company posted a net loss in each of its first four fiscal years of operation, driven by interest on the enlarged debt load and by hydrology penalties NEA charged when generation fell short of contracted design energy in a given season, together totalling close to NPR 1 billion o	2024/25		fraction|amount	auto-extracted; assign qkey + status in triage (03)
CAND-2702	UNREVIEWED	ch-91-case-study-hydropower-overrun.txt	97		Book value per share fell from above NPR 56 to the mid-NPR 40s as those losses ate into shareholders' equity.	NPR 56		amount	auto-extracted; assign qkey + status in triage (03)
CAND-2703	UNREVIEWED	ch-91-case-study-hydropower-overrun.txt	97		Only in the most recent fiscal year, after management renegotiated its long-term loan rate down from 8.25 percent to 6.75 percent and the plant finally had a penalty-free year, did the company turn a projected profit of roughly NPR 1 billion — a genuine but fragile turnaround, arriving a full four years after commissioning, not at commissioning.	8.25 percent		percent|amount	auto-extracted; assign qkey + status in triage (03)
CAND-2704	UNREVIEWED	ch-91-case-study-hydropower-overrun.txt	105		This case study followed a fictional retail investor's holding in Upper Tamakoshi Hydropower Limited, a real 456 MW run-of-river project on the Tamakoshi River in Dolakha district, through a construction period disrupted first by the 2015 Gorkha earthquake and then by monsoon flood damage in 2016 and 2017 — delays that pushed commissioning from an original mid-decade target to July 2021, and that 	154 percent		percent|amount|word_date	auto-extracted; assign qkey + status in triage (03)
CAND-2705	UNREVIEWED	ch-91-case-study-hydropower-overrun.txt	107		← Case Study 8 — The 2021 NEPSE Mania			nepse	auto-extracted; assign qkey + status in triage (03)
CAND-2706	UNREVIEWED	ch-92-case-study-insurance-company.txt	11		Nepal Life Insurance Company Limited, traded on NEPSE under the ticker NLIC, is Nepal's oldest private-sector life insurer, incorporated in 2058 BS (2001 AD), and for most of its history the largest life insurer in the country by number of policies in force.			nepse	auto-extracted; assign qkey + status in triage (03)
CAND-2707	UNREVIEWED	ch-92-case-study-insurance-company.txt	11		It is a fitting subject for Case Study 10, because insurance companies break almost every analytical habit a NEPSE investor has built up from studying banks and manufacturers.			nepse	auto-extracted; assign qkey + status in triage (03)
CAND-2708	UNREVIEWED	ch-92-case-study-insurance-company.txt	14		By the fiscal year ending mid-July 2024 (FY 2080/81 in the Bikram Sambat calendar NEPSE reports use), the company had 1,467,128 policies in force, up 26.5 percent in a single year — a number swollen partly by smaller polices and partly by the aftermath of a merger wave the regulator forced across the industry, which we will come back to in Lesson 92.4.	26.5 percent		percent|fraction|word_date|nepse	auto-extracted; assign qkey + status in triage (03)
CAND-2709	UNREVIEWED	ch-92-case-study-insurance-company.txt	14		Net premium collected in that year came to roughly Rs 40.11 arba (a NEPSE-disclosure term worth pausing on: 1 arba = 100 crore = 1 billion rupees in the Nepali numbering system, so Rs 40.11 arba means about Rs 40.11 billion), up 9.9 percent on the year before.	9.9 percent		percent|amount|nepse	auto-extracted; assign qkey + status in triage (03)
CAND-2710	UNREVIEWED	ch-92-case-study-insurance-company.txt	14		Paid-up capital — the money shareholders have actually put into the company, at face value — stood at roughly Rs 8.2 arba that year and had grown to about Rs 9.48 arba after a bonus share issue the following year, comfortably above the regulator's minimum.	Rs 8.2		amount	auto-extracted; assign qkey + status in triage (03)
CAND-2711	UNREVIEWED	ch-92-case-study-insurance-company.txt	14		The stock traded, through 2025 and into 2026, in a band roughly between Rs 700 and Rs 870 per share, against a book value per share of only around Rs 126 to 129.	Rs 700		amount	auto-extracted; assign qkey + status in triage (03)
CAND-2712	UNREVIEWED	ch-92-case-study-insurance-company.txt	14		That last comparison — price near Rs 700, book value near Rs 127 — is the first number that should make a disciplined investor's eyebrow rise, and we will return to it in Lesson 92.3.	Rs 700,		amount	auto-extracted; assign qkey + status in triage (03)
CAND-2713	UNREVIEWED	ch-92-case-study-insurance-company.txt	21		NLIC's life insurance fund — the accumulated pool backing all outstanding policies — stood at roughly Rs 198.33 arba (nearly Rs 2 kharba, where 1 kharba = 100 arba = 100 billion) by mid-2024, up over 21 percent on the year, and total investments held against it came to about Rs 164.16 arba, up over 18 percent.	21 percent		percent|amount	auto-extracted; assign qkey + status in triage (03)
CAND-2714	UNREVIEWED	ch-92-case-study-insurance-company.txt	28		A non-life insurer with a combined ratio comfortably under 100 percent is making an underwriting profit before it ever touches its investment income — it is being paid to hold other people's risk.	100 percent		percent	auto-extracted; assign qkey + status in triage (03)
CAND-2715	UNREVIEWED	ch-92-case-study-insurance-company.txt	28		A combined ratio above 100 percent means the insurer is losing money on the insurance itself and depends entirely on investment returns on the float to stay profitable, which is a much shakier position, because investment markets are cyclical and claims are not always.	100 percent		percent	auto-extracted; assign qkey + status in triage (03)
CAND-2716	UNREVIEWED	ch-92-case-study-insurance-company.txt	31		In FY 2080/81, NLIC's net claims came to about Rs 49.46 arba against net premium of about Rs 40.11 arba — claims were roughly 123 percent of premium that year.	123 percent		percent|fraction|amount	auto-extracted; assign qkey + status in triage (03)
CAND-2717	UNREVIEWED	ch-92-case-study-insurance-company.txt	31		Read correctly, for a maturing book of long-duration life policies, it mostly reflects a large cohort of older policies reaching their maturity date and being paid out as designed, funded by decades of accumulated reserves and investment income (Rs 15.20 arba of investment income that year, up almost 19 percent) rather than by the current year's premium alone.	19 percent		percent|amount	auto-extracted; assign qkey + status in triage (03)
CAND-2718	UNREVIEWED	ch-92-case-study-insurance-company.txt	34		Metric (FY 2080/81, year ended mid-July 2024)ValueYear-on-year change	2080/81		fraction|word_date	auto-extracted; assign qkey + status in triage (03)
CAND-2719	UNREVIEWED	ch-92-case-study-insurance-company.txt	35		Net premium collectedRs 40.11 arba+9.86%	9.86%		percent	auto-extracted; assign qkey + status in triage (03)
CAND-2720	UNREVIEWED	ch-92-case-study-insurance-company.txt	36		Investment incomeRs 15.20 arba+18.97%	18.97%		percent	auto-extracted; assign qkey + status in triage (03)
CAND-2721	UNREVIEWED	ch-92-case-study-insurance-company.txt	37		Net claims and benefits paidRs 49.46 arba+12.65%	12.65%		percent	auto-extracted; assign qkey + status in triage (03)
CAND-2722	UNREVIEWED	ch-92-case-study-insurance-company.txt	38		Life insurance fund (reserve)Rs 198.33 arba+21.39%	21.39%		percent|amount	auto-extracted; assign qkey + status in triage (03)
CAND-2723	UNREVIEWED	ch-92-case-study-insurance-company.txt	39		Total investmentsRs 164.16 arba+18.31%	18.31%		percent	auto-extracted; assign qkey + status in triage (03)
CAND-2724	UNREVIEWED	ch-92-case-study-insurance-company.txt	40		Policies in force1,467,128+26.52%	26.52%		percent	auto-extracted; assign qkey + status in triage (03)
CAND-2725	UNREVIEWED	ch-92-case-study-insurance-company.txt	41		Fourth-quarter net profitRs 51.39 crore+30.81%	30.81%		percent	auto-extracted; assign qkey + status in triage (03)
CAND-2726	UNREVIEWED	ch-92-case-study-insurance-company.txt	42		Annualized EPSRs 6.26+30.81%	30.81%		percent	auto-extracted; assign qkey + status in triage (03)
CAND-2727	UNREVIEWED	ch-92-case-study-insurance-company.txt	43		Book value per shareRs 129.11-15.23%	15.23%		percent|score_band	auto-extracted; assign qkey + status in triage (03)
CAND-2728	UNREVIEWED	ch-92-case-study-insurance-company.txt	45		First, premium growth (9.9 percent) is running well below policy count growth (26.5 percent), which usually means the newer policies being sold are smaller in size — cheaper, shorter-duration, or lower sum-assured products — even as the customer base widens.	9.9 percent		percent	auto-extracted; assign qkey + status in triage (03)
CAND-2729	UNREVIEWED	ch-92-case-study-insurance-company.txt	46		Second, book value per share fell 15 percent even as profit rose 31 percent — an odd combination for a bank or manufacturer, but a normal feature of a life insurer, because a bonus share issue increases the share count faster than retained profit increases total equity, diluting book value per share even while the underlying business is compounding, and because actuarial revaluation of the life fu	15 percent		percent	auto-extracted; assign qkey + status in triage (03)
CAND-2730	UNREVIEWED	ch-92-case-study-insurance-company.txt	47		Third — and this is the number that stopped Anjali cold — the stock, at a price around Rs 700 to Rs 750 through 2025 and into 2026, was trading at somewhere between 5 and 6 times its own recently reported book value, and at a price-to-earnings ratio that ranged, across different quarters' trailing-twelve-month EPS, from roughly 116 times to nearly 194 times annual earnings.	Rs 700		amount	auto-extracted; assign qkey + status in triage (03)
CAND-2731	UNREVIEWED	ch-92-case-study-insurance-company.txt	47		The most recent quarterly disclosure available (FY 2082/83, Q4) showed EPS at somewhere between Rs 3.64 and Rs 4.91 depending on which annualization convention the data provider used, against a book value per share that had slipped to about Rs 126 — meaning the market was, at that moment, paying somewhere between roughly 145 and close to 195 times a single year's reported profit, for a company who	15 percent		percent|fraction|amount	auto-extracted; assign qkey + status in triage (03)
CAND-2732	UNREVIEWED	ch-92-case-study-insurance-company.txt	50		Fourth, and most important: the solvency ratio of 3.22 reported for FY 2080/81 looked, on its face, comfortably healthy — roughly double the regulatory minimum.	2080/81		fraction	auto-extracted; assign qkey + status in triage (03)
CAND-2733	UNREVIEWED	ch-92-case-study-insurance-company.txt	55		In March 2025, industry reporting on life insurers' second-quarter solvency positions for FY 2081/82 (the fiscal year that began in mid-2024) showed the sector's average solvency ratio at 2.53, comfortably above the floor and slightly better than the 2.47 average a year earlier.	2081/82		fraction|word_date	auto-extracted; assign qkey + status in triage (03)
CAND-2734	UNREVIEWED	ch-92-case-study-insurance-company.txt	58		It is also possible that a genuinely large single event — a spike in claims, a mark-to-market hit on the equity portion of the investment book during a NEPSE downturn, or the phasing-in of the stricter Risk-Based Capital and Solvency Directive the Nepal Insurance Authority approved in 2082 (2025), which replaces the older, simpler factor-based solvency test with a more granular risk-weighted frame			nepse	auto-extracted; assign qkey + status in triage (03)
CAND-2735	UNREVIEWED	ch-92-case-study-insurance-company.txt	61		The regulator raised minimum paid-up capital requirements sharply — to Rs 5 arba for life insurers and Rs 2.5 arba for non-life insurers, with a deadline that was extended into Chaitra 2079 and then further to Ashad 2080 (roughly mid-2023) — forcing smaller, thinly capitalised insurers to either merge, issue rights shares, issue bonus shares, or exit the market.	Rs 5		amount	auto-extracted; assign qkey + status in triage (03)
CAND-2736	UNREVIEWED	ch-92-case-study-insurance-company.txt	63		Its balance sheet tells a different story from NLIC's: paid-up capital of roughly Rs 3.1 arba, book value per share that has moved between roughly Rs 190 and Rs 335 across recent reporting periods, and a business where the whole point of the claims ratio is to test whether the company is pricing risk correctly year to year, because non-life policies are short-tail — a fire policy or a motor policy	Rs 3.1		amount	auto-extracted; assign qkey + status in triage (03)
CAND-2737	UNREVIEWED	ch-92-case-study-insurance-company.txt	68		NLIC's roughly Rs 164 arba investment book, and every non-life insurer's smaller equivalent, sits mostly in government securities and bank fixed deposits, with a modest allocation to listed equities and real estate, all subject to Nepal Insurance Authority rules on permitted asset classes and concentration limits.	Rs 164		amount	auto-extracted; assign qkey + status in triage (03)
CAND-2738	UNREVIEWED	ch-92-case-study-insurance-company.txt	68		Investment income of Rs 15.20 arba growing at nearly 19 percent in FY 2080/81 was, in part, a story of where Nepal's interest rate cycle happened to be that year, not solely a story of NLIC's investment skill — another reason to look at a multi-year trend rather than one flattering year.	19 percent		percent|fraction|amount	auto-extracted; assign qkey + status in triage (03)
CAND-2739	UNREVIEWED	ch-92-case-study-insurance-company.txt	71		NLIC is a large, actively traded NEPSE name: roughly 94.8 million shares outstanding, with 51 percent held by promoters and 49 percent — about 46.4 million shares — genuinely floated to the public, a substantial free float for a company of this size.	51 percent		percent|nepse	auto-extracted; assign qkey + status in triage (03)
CAND-2740	UNREVIEWED	ch-92-case-study-insurance-company.txt	71		Daily turnover has run in the tens of thousands of units, respectable for a large-cap financial name, though the price has drifted from a 52-week high near Rs 872 to the low Rs 700s, a soft one-year trend.	Rs 872		amount	auto-extracted; assign qkey + status in triage (03)
CAND-2741	UNREVIEWED	ch-92-case-study-insurance-company.txt	72		Against that: a majority promoter block (51 percent) concentrates control in ways worth watching, and — the specific fact that opened this case study's eyes — the solvency ratio's fall from 3.22 to 1.45 arrived without a clear public explanation reaching ordinary shareholders at the time.	51 percent		percent	auto-extracted; assign qkey + status in triage (03)
CAND-2742	UNREVIEWED	ch-92-case-study-insurance-company.txt	78		Return on equity has run in a thin band of roughly 3 to 5 percent across recent quarters — well below what a company trading at multiple times book value would need to justify that premium — and we score the return-on-equity sub-component 2 out of 8.	5 percent		percent	auto-extracted; assign qkey + status in triage (03)
CAND-2743	UNREVIEWED	ch-92-case-study-insurance-company.txt	78		Earnings quality is also weak: the most recent quarter's profit fell 15 percent year on year even as premium income kept growing, a sign that claims, reserving, or investment income — not the underlying insurance franchise — are currently driving the bottom line, so we score this 1 out of 5.	15 percent		percent	auto-extracted; assign qkey + status in triage (03)
CAND-2744	UNREVIEWED	ch-92-case-study-insurance-company.txt	79		A price near Rs 700 to Rs 750 against a book value of roughly Rs 126, and a trailing price-to-earnings ratio ranging from around 116 to nearly 194 depending on the quarter and data source, is expensive by any standard — and doubly so set against the Life Insurance sector's own average P/E of roughly 64 times, itself the richest of NEPSE's eleven sectors.	Rs 700		amount|nepse	auto-extracted; assign qkey + status in triage (03)
CAND-2745	UNREVIEWED	ch-92-case-study-insurance-company.txt	80		The top line is genuinely strong: policies in force and premium income have both grown at healthy double-digit rates across recent fiscal years, and total revenue rose over 25 percent in one recent year.	25 percent		percent	auto-extracted; assign qkey + status in triage (03)
CAND-2746	UNREVIEWED	ch-92-case-study-insurance-company.txt	80		But Chapter 64's Growth Trajectory dimension asks about revenue and earnings growth together, and NLIC's earnings growth has recently reversed — from profit up over 30 percent in FY 2080/81 to a 15 percent year-on-year profit decline in the most recent quarter reported.	30 percent		percent|fraction	auto-extracted; assign qkey + status in triage (03)
CAND-2747	UNREVIEWED	ch-92-case-study-insurance-company.txt	81		NLIC does have a genuine multi-year dividend record — distributions in the range of roughly 11 to 21 percent across most of the past several fiscal years, including a combined cash-and-bonus distribution of just over 21 percent for one recent year — a real track record, unlike some of the other case studies in this Part.	21 percent		percent	auto-extracted; assign qkey + status in triage (03)
CAND-2748	UNREVIEWED	ch-92-case-study-insurance-company.txt	85		Liquidity & Tradability710Large, genuinely floated (49% public), but a cooling price trend	49%		percent	auto-extracted; assign qkey + status in triage (03)
CAND-2749	UNREVIEWED	ch-92-case-study-insurance-company.txt	87		Sector & Business Model Durability1015Real moat (6/8) offset by unavoidable pandemic-type mortality concentration (4/7)	6/8		fraction	auto-extracted; assign qkey + status in triage (03)
CAND-2750	UNREVIEWED	ch-92-case-study-insurance-company.txt	88		Financial Strength & Profitability420ROE ~3-5%, solvency ratio at/below the 1.5 regulatory floor, profit falling	5%		percent|score_band	auto-extracted; assign qkey + status in triage (03)
CAND-2751	UNREVIEWED	ch-92-case-study-insurance-company.txt	96		Reserves are not a cash fact but an actuarial estimate, revised as assumptions change; float is the investable pool of collected premium sitting between the sale of a policy and the payment of a claim; a claims ratio must be read differently for a life insurer, where maturity and survival benefits funded by an accumulated life fund can push claims above a single year's premium without signalling d	100 percent		percent	auto-extracted; assign qkey + status in triage (03)
CAND-2752	UNREVIEWED	ch-92-case-study-insurance-company.txt	96		Nepal Life Insurance Company, NLIC on NEPSE, showed all of this in one real, live worked score: a strong 26 out of 40 across the structurally stable dimensions of Liquidity, Governance, and Durability, but only 20 out of 40 across Financial Strength, Valuation, Growth, and Dividend discipline — a stretched valuation near five to six times book value and up to nearly 194 times trailing earnings, a 			nepse	auto-extracted; assign qkey + status in triage (03)
CAND-2753	UNREVIEWED	ch-93-case-study-hotel-investment.txt	18		A hotel with 200 rooms that sells 140 of them on average has a 70 percent occupancy rate.	70 percent		percent	auto-extracted; assign qkey + status in triage (03)
CAND-2754	UNREVIEWED	ch-93-case-study-hotel-investment.txt	28		The Soaltee Kathmandu opened its doors in 1966, making it Nepal's first five-star hotel and one of the oldest listed companies of any kind on NEPSE.			nepse	auto-extracted; assign qkey + status in triage (03)
CAND-2755	UNREVIEWED	ch-93-case-study-hotel-investment.txt	43		Recovery has been real but gradual: arrivals in 2023 crossed the one-million mark again, and 2024 brought roughly 1.14 million foreign visitors, a reported 13 percent increase over 2023 — encouraging, but still not fully back to the 2019 peak, five years on.	13 percent		percent	auto-extracted; assign qkey + status in triage (03)
CAND-2756	UNREVIEWED	ch-93-case-study-hotel-investment.txt	49		2024About 1.14 millionUp roughly 13 percent year-on-year, still below 2019	13 percent		percent	auto-extracted; assign qkey + status in triage (03)
CAND-2757	UNREVIEWED	ch-93-case-study-hotel-investment.txt	51		Between 2019 and 2021, the single most important input into Soaltee's room revenue — the number of foreign visitors physically present in Kathmandu — fell by something like 85 to 90 percent, for reasons entirely outside the company's control, its promoters' skill, or Nepal's domestic economy.	90 percent		percent	auto-extracted; assign qkey + status in triage (03)
CAND-2758	UNREVIEWED	ch-93-case-study-hotel-investment.txt	54		In early September 2025, violent anti-corruption demonstrations — widely referred to as the Gen-Z protests — swept Kathmandu, and several of the city's best-known hotels were directly caught up in the unrest.	September 2025		word_date	auto-extracted; assign qkey + status in triage (03)
CAND-2759	UNREVIEWED	ch-93-case-study-hotel-investment.txt	54		The Hyatt Regency Kathmandu (operated by the listed company Taragaon Regency Hotel Limited) suffered vandalism, looting, and arson, and remained closed for roughly a year afterward; it posted a net loss for the first quarter of fiscal year 2082/83 after a 48 percent profit collapse.	48 percent		percent|fraction	auto-extracted; assign qkey + status in triage (03)
CAND-2760	UNREVIEWED	ch-93-case-study-hotel-investment.txt	54		Across the eight listed hotel companies on NEPSE, the sector as a whole flipped from a combined profit of roughly Rs 1.02 billion to a combined net loss of roughly Rs 255.9 million — even as full-year foreign tourist arrivals for 2025 still reached a record 1,209,357, the highest on record, a reminder that a headline arrivals number and a hotel's actual profitability can move in completely opposit	Rs 1.02		amount|nepse	auto-extracted; assign qkey + status in triage (03)
CAND-2761	UNREVIEWED	ch-93-case-study-hotel-investment.txt	56		Soaltee Hotel itself stayed open and stayed profitable through the September 2025 unrest — posting a net profit of roughly Rs 123.58 million for the quarter, revenue of about Rs 627.94 million, a decline of only 8.32 percent from the same quarter a year earlier — while several of its five-star peers posted outright losses.	8.32 percent		percent|amount|word_date	auto-extracted; assign qkey + status in triage (03)
CAND-2762	UNREVIEWED	ch-93-case-study-hotel-investment.txt	73		SHL has roughly 117.5 million shares outstanding, but only 31 percent of them — about 36.4 million shares — are in public hands, with the remaining 69 percent held by promoters, a considerably more concentrated ownership structure than several other case studies in this Part.	31 percent		percent	auto-extracted; assign qkey + status in triage (03)
CAND-2763	UNREVIEWED	ch-93-case-study-hotel-investment.txt	73		Daily traded volume runs in the tens of thousands of units, respectable for a company of its size but not exceptional, and the price has drifted from a 52-week high near Rs 575 to the low Rs 500s.	Rs 575		amount	auto-extracted; assign qkey + status in triage (03)
CAND-2764	UNREVIEWED	ch-93-case-study-hotel-investment.txt	74		SHL's transition to full Nepali ownership after its foreign brand partner's exit around 2020 was a governance event worth investigating on its own terms, and the company navigated both the pandemic and the September 2025 unrest without needing a rescue or a forced merger — a real point in its favour.	September 2025		word_date	auto-extracted; assign qkey + status in triage (03)
CAND-2765	UNREVIEWED	ch-93-case-study-hotel-investment.txt	74		Set against that: a 69 percent promoter block concentrates control tightly, and for a company built around a single flagship physical asset, the question of whether the hotel's land is owned outright by the company or leased from a promoter-linked entity remains, on the public record available to an ordinary retail investor, unconfirmed — exactly the kind of related-party question that deserves a 	69 percent		percent	auto-extracted; assign qkey + status in triage (03)
CAND-2766	UNREVIEWED	ch-93-case-study-hotel-investment.txt	75		For Soaltee, the moat is real: a prime, effectively unrepeatable central Kathmandu location, brand recognition built over nearly six decades, function and banquet space that smaller newer properties cannot easily match, and — demonstrated directly in September 2025 — an ability to stay open and profitable through a shock that closed at least one direct five-star competitor for the better part of a	September 2025		word_date	auto-extracted; assign qkey + status in triage (03)
CAND-2767	UNREVIEWED	ch-93-case-study-hotel-investment.txt	78		On the numbers available, SHL's return on equity works out to a genuinely strong figure — earnings per share of roughly Rs 6.48 against a book value per share of about Rs 28.52, or close to 23 percent — well clear of the return-on-equity floor this Canon has applied elsewhere, and we score this sub-component 6 out of 8.	23 percent		percent|amount	auto-extracted; assign qkey + status in triage (03)
CAND-2768	UNREVIEWED	ch-93-case-study-hotel-investment.txt	78		Earnings quality gets real credit for resilience: profit fell only 8.32 percent in the quarter the September 2025 unrest hit, while at least three listed five-star peers swung to outright losses in the same period — a demonstrated ability to stay profitable through a genuine shock, worth 4 out of 5.	8.32 percent		percent|word_date	auto-extracted; assign qkey + status in triage (03)
CAND-2769	UNREVIEWED	ch-93-case-study-hotel-investment.txt	79		At a recent price of Rs 508, SHL trades at a trailing price-to-earnings ratio of roughly 78 times — more than double the hotel sector's own average of about 38 times, itself already the fifth-richest of NEPSE's eleven sectors — and a price-to-book ratio of nearly 18 times, reflecting a company whose book value per share has been kept small by decades of dividend payouts against a low, Rs 10 face v	Rs 508,		amount|nepse	auto-extracted; assign qkey + status in triage (03)
CAND-2770	UNREVIEWED	ch-93-case-study-hotel-investment.txt	80		SHL's post-pandemic recovery has been real, but Chapter 64's Growth Trajectory dimension asks about a demonstrated, ongoing trend, and the most recent reported quarter showed profit declining 8.32 percent year on year, a direct consequence of the September 2025 unrest rather than a structural change in the business.	8.32 percent		percent|word_date	auto-extracted; assign qkey + status in triage (03)
CAND-2771	UNREVIEWED	ch-93-case-study-hotel-investment.txt	81		SHL has a genuinely long dividend record, distributing between roughly 21 and 58 percent most years across the 2010s — but it paid nothing at all for two consecutive fiscal years during the pandemic (2019/20 and 2020/21), a direct, real demonstration of tourism dependency translating into an interrupted capital return.	58 percent		percent|fraction	auto-extracted; assign qkey + status in triage (03)
CAND-2772	UNREVIEWED	ch-93-case-study-hotel-investment.txt	81		Since then the distribution recovered: 26.32 percent (2021/22), 31.58 percent (2022/23), a peak of 36.84 percent (2023/24), before easing back to 31.58 percent in the most recent year (2024/25).	26.32 percent		percent|fraction	auto-extracted; assign qkey + status in triage (03)
CAND-2773	UNREVIEWED	ch-93-case-study-hotel-investment.txt	85		Liquidity & Tradability610Tradable, but only 31% public float against a 69% promoter block	31%		percent	auto-extracted; assign qkey + status in triage (03)
CAND-2774	UNREVIEWED	ch-93-case-study-hotel-investment.txt	87		Sector & Business Model Durability1115Strong, demonstrated moat (7/8); tourism-concentration risk capped at 4/7	7/8		fraction	auto-extracted; assign qkey + status in triage (03)
CAND-2775	UNREVIEWED	ch-93-case-study-hotel-investment.txt	88		Financial Strength & Profitability1320ROE ~23%, resilient earnings through the Sept.	23%		percent	auto-extracted; assign qkey + status in triage (03)
CAND-2776	UNREVIEWED	ch-93-case-study-hotel-investment.txt	100		"Having done the work, Kabita had to decide not just whether SHL was a ""good company"" — by several measures, it plainly was, with a long operating history, real brand equity, a Canon Score of 56 clearing the Adequate floor, and a post-pandemic dividend recovery that climbed from 26.32 percent in 2021/22 to a peak of 36.84 percent in 2023/24, before easing back slightly to 31.58 percent in 2024/25 —"	26.32 percent		percent|fraction	auto-extracted; assign qkey + status in triage (03)
CAND-2777	UNREVIEWED	ch-93-case-study-hotel-investment.txt	102		A well-run, well-located, historically resilient hotel can still be an inappropriate holding to concentrate savings in, simply because its earnings can swing by 80 or 90 percent in a single year for reasons no analysis could have predicted.	90 percent		percent	auto-extracted; assign qkey + status in triage (03)
CAND-2778	UNREVIEWED	ch-93-case-study-hotel-investment.txt	110		Along the way, this chapter built out the specific vocabulary and logic of hotel-sector investing that extends the manufacturing, trading, and hotel accounting principles first introduced in Chapter 34: occupancy rate, average daily rate (ADR), and revenue per available room (RevPAR) as the core measures of hotel performance, even where Nepali companies disclose them only indirectly; the operating	September 2025		word_date|nepse	auto-extracted; assign qkey + status in triage (03)
CAND-2779	UNREVIEWED	ch-94-daily-weekly-monthly-annual-routines.txt	9		Anjana Shrestha checks her phone at 10:58 in the morning, two minutes before NEPSE opens.			nepse	auto-extracted; assign qkey + status in triage (03)
CAND-2780	UNREVIEWED	ch-94-daily-weekly-monthly-annual-routines.txt	15		A circuit filter is a rule that automatically halts trading in a stock (or halts the whole market) once its price moves up or down by a fixed percentage in a single day — in Nepal this is commonly a 5 percent daily move for individual scrips relative to the previous closing price, with different, tighter bands for close-to-open moves, and a market-wide circuit breaker that can pause the entire exc	5 percent		percent|nepse	auto-extracted; assign qkey + status in triage (03)
CAND-2781	UNREVIEWED	ch-94-daily-weekly-monthly-annual-routines.txt	49		Because share prices move at different rates, a portfolio that started as 40 percent banking, 25 percent hydropower, 20 percent insurance, and 15 percent microfinance can quietly become 55 percent banking simply because your banking shares had a strong run while everything else was flat — not because you made any new decision to concentrate that heavily.	40 percent		percent	auto-extracted; assign qkey + status in triage (03)
CAND-2782	UNREVIEWED	ch-94-daily-weekly-monthly-annual-routines.txt	50		Anjana rebalances using a simple threshold rule: she only takes action if any single sector has drifted more than eight percentage points away from her intended target, or if any single company has grown to represent more than 20 percent of her total portfolio value regardless of sector.	20 percent		percent	auto-extracted; assign qkey + status in triage (03)
CAND-2783	UNREVIEWED	ch-94-daily-weekly-monthly-annual-routines.txt	52		"Set a personal rebalancing threshold before you need one — for example, ""no single stock above 20 percent of portfolio value, no single sector above 45 percent"" — and write it down."	20 percent		percent	auto-extracted; assign qkey + status in triage (03)
CAND-2784	UNREVIEWED	ch-94-daily-weekly-monthly-annual-routines.txt	60		Himal Bank LtdCommercial Banking9 percent79/1002nd of 6 tracked banks	9 percent		percent	auto-extracted; assign qkey + status in triage (03)
CAND-2785	UNREVIEWED	ch-94-daily-weekly-monthly-annual-routines.txt	61		Reliable InsuranceLife Insurance14 percent83/1001st of 4 tracked insurers	14 percent		percent	auto-extracted; assign qkey + status in triage (03)
CAND-2786	UNREVIEWED	ch-94-daily-weekly-monthly-annual-routines.txt	62		Everest MicrofinanceMicrofinancenegative 3 percent59/1005th of 5 tracked MFIs	3 percent		percent	auto-extracted; assign qkey + status in triage (03)
CAND-2787	UNREVIEWED	ch-94-daily-weekly-monthly-annual-routines.txt	63		Sunkoshi HydroHydropower21 percent (monsoon quarter)74/1003rd of 7 tracked hydro companies	21 percent		percent	auto-extracted; assign qkey + status in triage (03)
CAND-2788	UNREVIEWED	ch-95-investment-constitution.txt	14		on a Tuesday when the index has dropped 6 percent in three sessions and your broker's TMS (Trading Management System, the online platform brokers give clients to place buy and sell orders) app is lighting up with red numbers.	6 percent		percent	auto-extracted; assign qkey + status in triage (03)
CAND-2789	UNREVIEWED	ch-95-investment-constitution.txt	23		"Telling your spouse ""I have a rule that I never put more than 10 percent of my portfolio into one stock"" is a very different commitment than merely believing it privately, because now breaking it means either hiding it from someone or explaining yourself."	10 percent		percent	auto-extracted; assign qkey + status in triage (03)
CAND-2790	UNREVIEWED	ch-95-investment-constitution.txt	25		It is a mood, and moods change with every 500-point swing in the NEPSE index.			nepse	auto-extracted; assign qkey + status in triage (03)
CAND-2791	UNREVIEWED	ch-95-investment-constitution.txt	42		"Everyone believes, in a calm month, that they can tolerate a 30 percent portfolio decline ""because it's long term."" Very few people discover this is true only after they have actually lived through a 30 percent decline and did not sell."	30 percent		percent	auto-extracted; assign qkey + status in triage (03)
CAND-2792	UNREVIEWED	ch-95-investment-constitution.txt	42		If you have never lived through a real NEPSE correction, borrow from history — the 2021-2022 correction, when the index fell by roughly 40 percent from its peak, is a fair benchmark to imagine yourself inside of, position by position, rather than as an abstract percentage.	40 percent		percent|nepse	auto-extracted; assign qkey + status in triage (03)
CAND-2793	UNREVIEWED	ch-95-investment-constitution.txt	44		During the sharp NEPSE decline of 2021 into 2022, the benchmark index fell from a peak above 3,200 to below 2,000 — a drop of well over a third in value within roughly a year.			nepse	auto-extracted; assign qkey + status in triage (03)
CAND-2794	UNREVIEWED	ch-95-investment-constitution.txt	58		A 55-year-old sole earner supporting elderly parents and two children in college has low risk capacity, no matter how bold he feels when NEPSE is rallying.			nepse	auto-extracted; assign qkey + status in triage (03)
CAND-2795	UNREVIEWED	ch-95-investment-constitution.txt	62		"A practical way to write the risk tolerance section is to complete two sentences honestly: ""If my portfolio fell by [X] percent, I would feel [describe the feeling] and I would be tempted to [describe the action]."" Then write a second sentence: ""The maximum decline I am willing to commit, in writing, to sit through without selling is [Y] percent."" For most investors with a genuinely long horizon a"	40 percent		percent	auto-extracted; assign qkey + status in triage (03)
CAND-2796	UNREVIEWED	ch-95-investment-constitution.txt	67		Most investors spend 95 percent of their attention picking stocks and 5 percent thinking about allocation.	95 percent		percent	auto-extracted; assign qkey + status in triage (03)
CAND-2797	UNREVIEWED	ch-95-investment-constitution.txt	68		"For example: ""Equities: target 55 percent, acceptable range 45 to 65 percent."	55 percent		percent	auto-extracted; assign qkey + status in triage (03)
CAND-2798	UNREVIEWED	ch-95-investment-constitution.txt	68		Fixed deposits and government bonds: target 30 percent, range 20 to 40 percent.	30 percent		percent	auto-extracted; assign qkey + status in triage (03)
CAND-2799	UNREVIEWED	ch-95-investment-constitution.txt	68		Gold: target 10 percent, range 5 to 15 percent.	10 percent		percent	auto-extracted; assign qkey + status in triage (03)
CAND-2800	UNREVIEWED	ch-95-investment-constitution.txt	68		"Cash and emergency reserve: target 5 percent, range 3 to 10 percent."" When your actual holdings drift outside the stated range — because equities rallied hard and now make up 70 percent of the portfolio, say — that drift itself becomes the trigger for a specific, pre-agreed action: rebalancing, meaning selling a slice of the category that has grown too large and buying more of the category that ha"	5 percent		percent	auto-extracted; assign qkey + status in triage (03)
CAND-2801	UNREVIEWED	ch-95-investment-constitution.txt	71		Conservative25 to 35 percent45 to 55 percent10 to 15 percent8 to 12 percent	35 percent		percent	auto-extracted; assign qkey + status in triage (03)
CAND-2802	UNREVIEWED	ch-95-investment-constitution.txt	72		Balanced45 to 55 percent25 to 35 percent8 to 12 percent5 to 8 percent	55 percent		percent	auto-extracted; assign qkey + status in triage (03)
CAND-2803	UNREVIEWED	ch-95-investment-constitution.txt	73		Growth60 to 70 percent10 to 20 percent5 to 10 percent5 percent	70 percent		percent	auto-extracted; assign qkey + status in triage (03)
CAND-2804	UNREVIEWED	ch-95-investment-constitution.txt	76		A simple, workable position-sizing rule for most retail investors looks like this: no single stock may exceed 10 to 15 percent of total equity holdings at the time of purchase; no single sector — banks, hydropower, insurance, microfinance, hotels, manufacturing — may exceed 30 to 35 percent of total equity holdings at the time of purchase.	15 percent		percent	auto-extracted; assign qkey + status in triage (03)
CAND-2805	UNREVIEWED	ch-95-investment-constitution.txt	76		"Note the phrase ""at the time of purchase."" A stock you bought at 10 percent that later rallies to 20 percent of your portfolio through no additional buying on your part is not automatically a rule violation; it is a signal to consider rebalancing, per the rule above, not a sign you did something wrong when you bought it."	10 percent		percent	auto-extracted; assign qkey + status in triage (03)
CAND-2806	UNREVIEWED	ch-95-investment-constitution.txt	78		A single hydropower stock that grows from 10 percent to 40 percent of a portfolio during a sector rally feels like success while it is happening.	10 percent		percent	auto-extracted; assign qkey + status in triage (03)
CAND-2807	UNREVIEWED	ch-95-investment-constitution.txt	104		She has been investing in NEPSE for four years, started with a small inheritance and a habit of saving from her monthly salary, and has just finished reading Chapters 90 through 95 of this book.			nepse	auto-extracted; assign qkey + status in triage (03)
CAND-2808	UNREVIEWED	ch-95-investment-constitution.txt	107		My portfolio fell by about 35 percent at its worst point.	35 percent		percent	auto-extracted; assign qkey + status in triage (03)
CAND-2809	UNREVIEWED	ch-95-investment-constitution.txt	107		Based on that experience, I state honestly: I can sit through a decline of up to 35 to 40 percent without selling, provided no single company-specific bad news justifies otherwise.	40 percent		percent	auto-extracted; assign qkey + status in triage (03)
CAND-2810	UNREVIEWED	ch-95-investment-constitution.txt	108		Equities: target 50 percent of investable savings (excluding Goal A's emergency reserve), acceptable range 40 to 60 percent.	50 percent		percent	auto-extracted; assign qkey + status in triage (03)
CAND-2811	UNREVIEWED	ch-95-investment-constitution.txt	108		Fixed deposits and government bonds: target 35 percent, range 25 to 45 percent.	35 percent		percent	auto-extracted; assign qkey + status in triage (03)
CAND-2812	UNREVIEWED	ch-95-investment-constitution.txt	108		Gold, held as jewelry-equivalent value or gold-backed savings: target 10 percent, range 5 to 15 percent.	10 percent		percent	auto-extracted; assign qkey + status in triage (03)
CAND-2813	UNREVIEWED	ch-95-investment-constitution.txt	108		Cash held within the investment account for opportunities and near-term Goal B needs: target 5 percent, range 3 to 8 percent.	5 percent		percent	auto-extracted; assign qkey + status in triage (03)
CAND-2814	UNREVIEWED	ch-95-investment-constitution.txt	109		No single company shall exceed 12 percent of my total equity holdings at time of purchase.	12 percent		percent	auto-extracted; assign qkey + status in triage (03)
CAND-2815	UNREVIEWED	ch-95-investment-constitution.txt	109		No single sector shall exceed 30 percent of my total equity holdings at time of purchase.	30 percent		percent	auto-extracted; assign qkey + status in triage (03)
CAND-2816	UNREVIEWED	ch-95-investment-constitution.txt	112		No amendment to this document may be made during a period when NEPSE has moved more than 10 percent, up or down, within the trailing thirty days.	10 percent		percent|nepse	auto-extracted; assign qkey + status in triage (03)
CAND-2817	UNREVIEWED	ch-97-drawdown-loss-rules.txt	14		"A stop-loss, covered in Chapter 81, is an order or a rule attached to one position: ""If Company X falls to Rs 450, I sell Company X."" It is stock-specific."	Rs 450,		amount	auto-extracted; assign qkey + status in triage (03)
CAND-2818	UNREVIEWED	ch-97-drawdown-loss-rules.txt	15		If your portfolio was worth Rs 25 lakh at its highest point and is now worth Rs 20 lakh, your portfolio has experienced a drawdown of 20 percent, regardless of which individual holdings caused it.	20 percent		percent|amount	auto-extracted; assign qkey + status in triage (03)
CAND-2819	UNREVIEWED	ch-97-drawdown-loss-rules.txt	17		If you invested Rs 10 lakh, it grew to Rs 16 lakh, and then fell back to Rs 13 lakh, you are still sitting on an overall profit versus your original capital — but you have suffered a drawdown of nearly 19 percent from your peak.	19 percent		percent|amount	auto-extracted; assign qkey + status in triage (03)
CAND-2820	UNREVIEWED	ch-97-drawdown-loss-rules.txt	18		Imagine an investor who owns eight different NEPSE-listed companies, each with its own sensible stop-loss rule set according to Chapter 81's method.			nepse	auto-extracted; assign qkey + status in triage (03)
CAND-2821	UNREVIEWED	ch-97-drawdown-loss-rules.txt	18		"Every individual position is ""under control."" But six of those eight companies are hydropower producers, and NEPSE's entire hydropower sub-index falls 30 percent over two months because of a change in the government's power purchase agreement policy, or a bad monsoon season that damages river flow forecasts and spooks the sector."	30 percent		percent|nepse	auto-extracted; assign qkey + status in triage (03)
CAND-2822	UNREVIEWED	ch-97-drawdown-loss-rules.txt	24		By the time your total portfolio has fallen 25 percent, the damage that got you there was already visible weeks earlier at the sector or position level.	25 percent		percent	auto-extracted; assign qkey + status in triage (03)
CAND-2823	UNREVIEWED	ch-97-drawdown-loss-rules.txt	29		NEPSE's history includes the 2016 correction, the 2021 to 2022 bear market that took the NEPSE index down more than 50 percent from its peak, and various sharper but shorter corrections in between.	50 percent		percent|nepse	auto-extracted; assign qkey + status in triage (03)
CAND-2824	UNREVIEWED	ch-97-drawdown-loss-rules.txt	34		2 to 5 yearsModerate (some flexibility on timing)10 to 15 percent before a full allocation review	15 percent		percent	auto-extracted; assign qkey + status in triage (03)
CAND-2825	UNREVIEWED	ch-97-drawdown-loss-rules.txt	35		5 to 10 yearsLow (other income covers near-term needs)20 to 30 percent before a full allocation review	30 percent		percent	auto-extracted; assign qkey + status in triage (03)
CAND-2826	UNREVIEWED	ch-97-drawdown-loss-rules.txt	36		Over 10 years, strong other incomeVery low30 to 40 percent before a full allocation review, with position and sector limits still enforced throughout	40 percent		percent	auto-extracted; assign qkey + status in triage (03)
CAND-2827	UNREVIEWED	ch-97-drawdown-loss-rules.txt	39		A 30 percent drawdown ceiling that is correct for a bank manager in his late twenties with fifteen years of salary ahead of him is reckless for his retired father living off the same portfolio's dividends.	30 percent		percent	auto-extracted; assign qkey + status in triage (03)
CAND-2828	UNREVIEWED	ch-97-drawdown-loss-rules.txt	40		"They set a 30 percent threshold in their head while having never sat through even a 10 percent one without panic-selling or panic-buying more to ""average down"" without a plan."	30 percent		percent	auto-extracted; assign qkey + status in triage (03)
CAND-2829	UNREVIEWED	ch-97-drawdown-loss-rules.txt	40		If you are newer to NEPSE, set your first real threshold lower than you think you need, and revisit it — as Chapter 98 will describe — once you have actually lived through at least one real correction and observed your own behaviour rather than your intentions.			nepse	auto-extracted; assign qkey + status in triage (03)
CAND-2830	UNREVIEWED	ch-97-drawdown-loss-rules.txt	45		You bought a stock at Rs 600, it now trades at Rs 450, so your holding shows a loss of Rs 150 per share — but you have not sold.	Rs 600,		amount	auto-extracted; assign qkey + status in triage (03)
CAND-2831	UNREVIEWED	ch-97-drawdown-loss-rules.txt	46		Once you sell at Rs 450, the Rs 150 per share is locked in.	Rs 450,		amount	auto-extracted; assign qkey + status in triage (03)
CAND-2832	UNREVIEWED	ch-97-drawdown-loss-rules.txt	46		It no longer matters what the stock does afterward — whether it recovers to Rs 700 the following month or falls further to Rs 300.	Rs 700		amount	auto-extracted; assign qkey + status in triage (03)
CAND-2833	UNREVIEWED	ch-97-drawdown-loss-rules.txt	53		During the NEPSE correction that ran from its 2021 peak into 2022, the benchmark index fell from levels above 3,200 to below 1,900 — a drawdown exceeding 40 percent for anyone who had bought near the top.	40 percent		percent|nepse	auto-extracted; assign qkey + status in triage (03)
CAND-2834	UNREVIEWED	ch-97-drawdown-loss-rules.txt	56		"Do not confuse ""the price fell 25 percent"" with ""the company is now worth 25 percent less."" Sometimes it is."	25 percent		percent	auto-extracted; assign qkey + status in triage (03)
CAND-2835	UNREVIEWED	ch-97-drawdown-loss-rules.txt	58		Chapter 90 covered NEPSE's circuit-breaker mechanics in the context of market-wide volatility controls.			nepse	auto-extracted; assign qkey + status in triage (03)
CAND-2836	UNREVIEWED	ch-97-drawdown-loss-rules.txt	63		"Your portfolio-level drawdown rule says: ""If my total portfolio falls 20 percent from its peak, I will reduce my equity exposure by a third."" On the day your portfolio actually crosses that threshold, it is very plausible that a meaningful number of your individual holdings are themselves down their daily circuit limit, meaning trading in them is halted or severely thinned for that session."	20 percent		percent	auto-extracted; assign qkey + status in triage (03)
CAND-2837	UNREVIEWED	ch-97-drawdown-loss-rules.txt	69		"A well-built rule says something like: ""Once my portfolio drawdown crosses 20 percent, I begin the re-underwriting review immediately, and I execute any resulting sales across whichever sessions allow me to, prioritizing the positions I have already decided to exit, without waiting for a 'better' day to start."""	20 percent		percent	auto-extracted; assign qkey + status in triage (03)
CAND-2838	UNREVIEWED	ch-97-drawdown-loss-rules.txt	72		"If your rule had said ""sell everything the instant the portfolio falls 20 percent,"" the circuit-breaker system would have partially protected you from executing that reflexive decision at the worst possible moment, by simply making it impossible to do so instantly."	20 percent		percent	auto-extracted; assign qkey + status in triage (03)
CAND-2839	UNREVIEWED	ch-97-drawdown-loss-rules.txt	75		Decide, in calm conditions, the maximum percentage of your total portfolio that any single stock should represent — a common range for individual investors is 10 to 20 percent per position, tighter for less liquid or more speculative names, looser for a small number of core holdings you have researched deeply and hold with high conviction.	20 percent		percent	auto-extracted; assign qkey + status in triage (03)
CAND-2840	UNREVIEWED	ch-97-drawdown-loss-rules.txt	75		Separately, decide what a severe single-position loss — say, a stock you hold falling 30 to 40 percent on its own, independent of the wider market — should trigger: not necessarily an automatic sale, since Chapter 81's stop-loss framework already governs mechanical stock-specific exits, but at minimum a mandatory re-underwriting review of that specific holding within a set number of days.	40 percent		percent	auto-extracted; assign qkey + status in triage (03)
CAND-2841	UNREVIEWED	ch-97-drawdown-loss-rules.txt	76		Set a maximum percentage of total portfolio value for any single sector, commonly somewhere between 25 and 40 percent depending on how correlated you judge your other holdings to be with that sector, and set a rule for what happens if that sector as a whole — tracked through NEPSE's published sub-indices — falls sharply: a mandatory review of every holding in that sector together, since a sector-w	40 percent		percent|nepse	auto-extracted; assign qkey + status in triage (03)
CAND-2842	UNREVIEWED	ch-97-drawdown-loss-rules.txt	77		"""I will reduce my equity exposure by moving 20 percent of remaining equity value into fixed deposits or government securities"" is concrete."	20 percent		percent	auto-extracted; assign qkey + status in triage (03)
CAND-2843	UNREVIEWED	ch-97-drawdown-loss-rules.txt	79		PositionSingle stock falls 30 to 40 percent independent of marketMandatory re-underwriting within 5 trading daysRe-underwriting checklist below	40 percent		percent	auto-extracted; assign qkey + status in triage (03)
CAND-2844	UNREVIEWED	ch-97-drawdown-loss-rules.txt	80		SectorSector sub-index falls 20 percent or portfolio sector weight exceeds set capReview every holding in that sector as a groupSame checklist, applied sector-wide	20 percent		percent	auto-extracted; assign qkey + status in triage (03)
CAND-2845	UNREVIEWED	ch-97-drawdown-loss-rules.txt	91		Based on that honest assessment, she set her portfolio-level maximum drawdown threshold at 25 percent from peak value, with a pre-committed action: at 25 percent, reduce total equity exposure by moving one-quarter of remaining equity value into a fixed deposit at her bank, and conduct a full re-underwriting review of every remaining holding.	25 percent		percent	auto-extracted; assign qkey + status in triage (03)
CAND-2846	UNREVIEWED	ch-97-drawdown-loss-rules.txt	91		She also set a position-level rule (no single stock above 15 percent of portfolio value; any stock falling more than 35 percent on its own triggers review) and a sector rule (no sector above 35 percent of portfolio value; a 20 percent sub-index decline in any sector she held triggers a group review).	15 percent		percent	auto-extracted; assign qkey + status in triage (03)
CAND-2847	UNREVIEWED	ch-97-drawdown-loss-rules.txt	91		She wrote all of this in a notebook, dated it March 2021, and did not look at it again for months, because the market was doing well and there was no reason to.	March 2021		word_date	auto-extracted; assign qkey + status in triage (03)
CAND-2848	UNREVIEWED	ch-97-drawdown-loss-rules.txt	92		By late 2021, NEPSE had reached record highs, and Rupa's portfolio, which had grown to include several banking stocks, two hydropower companies, and one life insurance holding, had grown well past her original contributions.			nepse	auto-extracted; assign qkey + status in triage (03)
CAND-2849	UNREVIEWED	ch-97-drawdown-loss-rules.txt	92		Her peak portfolio value, reached in September 2021, became the reference point her drawdown rule would measure against going forward.	September 2021		word_date	auto-extracted; assign qkey + status in triage (03)
CAND-2850	UNREVIEWED	ch-97-drawdown-loss-rules.txt	94		By January 2022, Rupa's portfolio had fallen 22 percent from its September peak.	22 percent		percent|word_date	auto-extracted; assign qkey + status in triage (03)
CAND-2851	UNREVIEWED	ch-97-drawdown-loss-rules.txt	94		This was, in its own way, useful information: she was watching the number weekly (not daily — she had also decided, wisely, that checking a falling portfolio every single day was its own form of self-harm and had committed to a weekly check-in instead), and she noticed that at 22 percent, her instinct was already to want to sell everything, well before her own pre-committed 25 percent line.	22 percent		percent	auto-extracted; assign qkey + status in triage (03)
CAND-2852	UNREVIEWED	ch-97-drawdown-loss-rules.txt	95		By March 2022, the portfolio had fallen 27 percent from peak.	27 percent		percent|word_date	auto-extracted; assign qkey + status in triage (03)
CAND-2853	UNREVIEWED	ch-97-drawdown-loss-rules.txt	98		She sold this one, realising a loss of roughly 40 percent on that specific position — a loss that had existed on paper for weeks but that she now, deliberately, converted into a realised one because the re-underwriting review showed the original investment case no longer held.	40 percent		percent	auto-extracted; assign qkey + status in triage (03)
CAND-2854	UNREVIEWED	ch-97-drawdown-loss-rules.txt	99		The proceeds from the sale, together with the pre-committed quarter of her remaining equity value, went into a fixed deposit at her bank, exactly as her March 2021 rule had specified.	March 2021		word_date	auto-extracted; assign qkey + status in triage (03)
CAND-2855	UNREVIEWED	ch-97-drawdown-loss-rules.txt	101		By the second half of 2022 and into 2023, as NEPSE stabilised and began a slow recovery, Rupa's remaining holdings — the two banks, the insurer, and the surviving hydropower stock — recovered a meaningful portion of their drawdown.			nepse	auto-extracted; assign qkey + status in triage (03)
CAND-2856	UNREVIEWED	ch-97-drawdown-loss-rules.txt	102		The lesson from Rupa's experience is not that a 25 percent threshold, or her specific sector and position rules, are the correct numbers for every investor.	25 percent		percent	auto-extracted; assign qkey + status in triage (03)
CAND-2857	UNREVIEWED	ch-98-constitution-review-protocol.txt	13		"His constitution said: ""I am young, I have decades before I need this money, I can tolerate large swings, so I will hold 80 percent equity and 20 percent debt (fixed-income instruments like bonds, debentures, and fixed deposits that pay a predictable return), and I will not touch the equity portion for at least ten years."""	80 percent		percent	auto-extracted; assign qkey + status in triage (03)
CAND-2858	UNREVIEWED	ch-98-constitution-review-protocol.txt	14		If, at 34, this man is still running the identical constitution he wrote at 24 — 80 percent equity, ten-year lockup mentality, no separate emergency fund line item, no thought given to what happens if he loses his job for six months — he is not being disciplined.	80 percent		percent|score_band	auto-extracted; assign qkey + status in triage (03)
CAND-2859	UNREVIEWED	ch-98-constitution-review-protocol.txt	43		Rebalancing means bringing your actual mix of assets back toward your target mix — for example, if your constitution says 70 percent equity and 30 percent debt, and a strong year in NEPSE has pushed you to 82 percent equity because the equity portion grew faster, you sell a slice of equity and add to debt to get back to 70/30.	70 percent		percent|fraction|nepse	auto-extracted; assign qkey + status in triage (03)
CAND-2860	UNREVIEWED	ch-98-constitution-review-protocol.txt	77		"Rule A: ""I will not invest more than 10 percent of my portfolio in a single company, regardless of how confident I feel,"" written after calmly studying diversification and concentration risk."	10 percent		percent	auto-extracted; assign qkey + status in triage (03)
CAND-2861	UNREVIEWED	ch-98-constitution-review-protocol.txt	80		Her Chapter 95 constitution states: goal is long-term wealth building with no fixed near-term target; time horizon is at least fifteen years; risk tolerance is high given her age, health, and lack of dependents; target allocation is 75 percent equity across a diversified mix of banking, hydropower, and a few manufacturing counters, and 25 percent in fixed deposits and a small cash buffer equal to 	75 percent		percent	auto-extracted; assign qkey + status in triage (03)
CAND-2862	UNREVIEWED	ch-98-constitution-review-protocol.txt	82		At the next scheduled review — and notably, the timing happens to fall only two months after the birth, which is close enough to the annual date that Sushila folds it into the same review rather than treating it as a separate emergency session — she adds a dedicated education goal with an eighteen-year horizon, raises the household emergency buffer again to account for a dependent child, confirms 	70 percent		percent	auto-extracted; assign qkey + status in triage (03)
CAND-2863	UNREVIEWED	ch-98-constitution-review-protocol.txt	83		She rebalances mechanically back toward her 70/30 target, since the correction had actually pushed her below target equity weight, meaning her own rule now tells her to buy modestly into the weakness, not sell out of fear.	70/30		fraction	auto-extracted; assign qkey + status in triage (03)
CAND-2864	UNREVIEWED	ch-98-constitution-review-protocol.txt	84		She increases her monthly investment contribution substantially, following the exact same 70/30 allocation and the same 12-percent single-stock rule as before.	70/30		fraction	auto-extracted; assign qkey + status in triage (03)
CAND-2865	UNREVIEWED	ch-99-full-investment-memo.txt	15		When the stock falls 15 percent, the investor has no way to check whether the original reasoning has broken, because there was no original reasoning written down to check against.	15 percent		percent	auto-extracted; assign qkey + status in triage (03)
CAND-2866	UNREVIEWED	ch-99-full-investment-memo.txt	19		"But for anything you intend to hold for more than a few months, anything that will occupy more than 2 or 3 percent of your portfolio, and certainly anything you are tempted to call a ""core holding,"" a memo is not optional."	3 percent		percent	auto-extracted; assign qkey + status in triage (03)
CAND-2867	UNREVIEWED	ch-99-full-investment-memo.txt	24		ValuationWhat is a fair price, and where is the market pricing it nowChapters 45-49	45-49		score_band	auto-extracted; assign qkey + status in triage (03)
CAND-2868	UNREVIEWED	ch-99-full-investment-memo.txt	31		The first section of a memo is short — half a page, no more — and it does one job: it forces you to say, in plain words, what the company actually does and why you are spending your evening on it instead of on one of the other 270-odd companies listed on NEPSE.			nepse	auto-extracted; assign qkey + status in triage (03)
CAND-2869	UNREVIEWED	ch-99-full-investment-memo.txt	46		A thinly traded counter where your own order would move the price by 3 percent is a real cost that a memo must acknowledge, not a footnote to ignore.	3 percent		percent	auto-extracted; assign qkey + status in triage (03)
CAND-2870	UNREVIEWED	ch-99-full-investment-memo.txt	56		A trading company growing revenue 15 percent a year while inventory grows 25 percent a year is burning cash to grow, and a DCF will catch that even when a simple P/E multiple will not.	15 percent		percent	auto-extracted; assign qkey + status in triage (03)
CAND-2871	UNREVIEWED	ch-99-full-investment-memo.txt	76		Cap any single position, however confident the memo, at a level your Investment Constitution already fixed in advance (commonly somewhere in the 5 to 10 percent of portfolio range for a high-conviction name, lower for anything with weaker governance or thinner trading liquidity), and do not let the quality of your own homework talk you into raising that cap in the moment.	10 percent		percent	auto-extracted; assign qkey + status in triage (03)
CAND-2872	UNREVIEWED	ch-99-full-investment-memo.txt	81		Paid-up capital: Rs 1.2 arba.	Rs 1.2		amount	auto-extracted; assign qkey + status in triage (03)
CAND-2873	UNREVIEWED	ch-99-full-investment-memo.txt	81		Current market price: Rs 486.	Rs 486		amount	auto-extracted; assign qkey + status in triage (03)
CAND-2874	UNREVIEWED	ch-99-full-investment-memo.txt	81		Market capitalisation: Rs 5.83 arba.	Rs 5.83		amount	auto-extracted; assign qkey + status in triage (03)
CAND-2875	UNREVIEWED	ch-99-full-investment-memo.txt	81		Date of memo: Ashoj 2082 (mid-September 2026).	September 2026		word_date	auto-extracted; assign qkey + status in triage (03)
CAND-2876	UNREVIEWED	ch-99-full-investment-memo.txt	82		It holds an LPG bottling and distribution license, owns its own bonded warehouse facility near the Birgunj dry port, and operates a small captive customs-clearing subsidiary that handles roughly 60 percent of its own import volume, with the remainder cleared through third-party agents.	60 percent		percent	auto-extracted; assign qkey + status in triage (03)
CAND-2877	UNREVIEWED	ch-99-full-investment-memo.txt	86		DimensionScore (1-5)Justification	1-5		score_band	auto-extracted; assign qkey + status in triage (03)
CAND-2878	UNREVIEWED	ch-99-full-investment-memo.txt	93		Liquidity and tradability3Average daily traded value is moderate; a position above roughly 0.5 percent of daily turnover would need to be built over several sessions to avoid moving the price	0.5 percent		percent	auto-extracted; assign qkey + status in triage (03)
CAND-2879	UNREVIEWED	ch-99-full-investment-memo.txt	95		The related-party item flagged above deserves a specific note: the customs-clearing subsidiary that handles 60 percent of NGTL's import volume is majority owned by the same promoter family outside the listed company.	60 percent		percent	auto-extracted; assign qkey + status in triage (03)
CAND-2880	UNREVIEWED	ch-99-full-investment-memo.txt	99		Three-year average normalised EPS: Rs 34.20 (smoothing out an unusually strong year driven by a one-off inventory gain during a period of rising edible oil prices, and a weak year affected by Birgunj customs disruption).	Rs 34.20		amount	auto-extracted; assign qkey + status in triage (03)
CAND-2881	UNREVIEWED	ch-99-full-investment-memo.txt	99		At the current price of Rs 486, this gives a normalised P/E of 14.2x, compared to a trading-sector average on NEPSE closer to 16-17x over the trailing three years, and compared to the two closest listed peers trading at 15.8x and 17.1x respectively on the same normalised basis.	Rs 486,		amount|nepse	auto-extracted; assign qkey + status in triage (03)
CAND-2882	UNREVIEWED	ch-99-full-investment-memo.txt	100		Book value per share: Rs 268.	Rs 268		amount	auto-extracted; assign qkey + status in triage (03)
CAND-2883	UNREVIEWED	ch-99-full-investment-memo.txt	101		Dividend history: NGTL has paid a cash dividend in nine of the last ten years, averaging a payout ratio near 40 percent of normalised earnings, with the one skipped year explained by the customs disruption event above rather than by a change in policy.	40 percent		percent	auto-extracted; assign qkey + status in triage (03)
CAND-2884	UNREVIEWED	ch-99-full-investment-memo.txt	101		Applying a dividend discount approach with a conservative long-run growth assumption of 7 percent (roughly tracking nominal GDP growth plus a modest margin for volume growth in LPG and packaged foods) and a discount rate of 13 percent (reflecting the sector's macro sensitivity noted in the Canon Score) produces a fair value estimate near Rs 470 in the base case, Rs 410 in a conservative case assum	7 percent		percent|amount	auto-extracted; assign qkey + status in triage (03)
CAND-2885	UNREVIEWED	ch-99-full-investment-memo.txt	102		Discounted cash flow, built on free cash flow after accounting for the working-capital drag of inventory and receivable growth (both trending up over the last two years, a point flagged in the financial strength row above and treated here as a real cost, not ignored), produces a base-case fair value estimate near Rs 455, with the model notably more sensitive to the working-capital assumption than 	Rs 455,		amount	auto-extracted; assign qkey + status in triage (03)
CAND-2886	UNREVIEWED	ch-99-full-investment-memo.txt	104		Relative valuation (P/E vs peers)Rs 420Rs 480Rs 545	Rs 420		amount	auto-extracted; assign qkey + status in triage (03)
CAND-2887	UNREVIEWED	ch-99-full-investment-memo.txt	105		Dividend discount modelRs 410Rs 470Rs 560	Rs 470		amount	auto-extracted; assign qkey + status in triage (03)
CAND-2888	UNREVIEWED	ch-99-full-investment-memo.txt	106		Discounted cash flowRs 395Rs 455Rs 520	Rs 455		amount	auto-extracted; assign qkey + status in triage (03)
CAND-2889	UNREVIEWED	ch-99-full-investment-memo.txt	107		Asset-based (price-to-book sanity check)Rs 400Rs 460Rs 510	Rs 400		amount	auto-extracted; assign qkey + status in triage (03)
CAND-2890	UNREVIEWED	ch-99-full-investment-memo.txt	108		The three independent methods (relative, DDM, DCF) cluster in a fairly tight base-case range of roughly Rs 455 to Rs 480, against a current market price of Rs 486.	Rs 455		amount	auto-extracted; assign qkey + status in triage (03)
CAND-2891	UNREVIEWED	ch-99-full-investment-memo.txt	121		Fair value cluster (Section Three): approximately Rs 455 to Rs 480 across three independent methods.	Rs 455		amount	auto-extracted; assign qkey + status in triage (03)
CAND-2892	UNREVIEWED	ch-99-full-investment-memo.txt	121		Current market price: Rs 486.	Rs 486		amount	auto-extracted; assign qkey + status in triage (03)
CAND-2893	UNREVIEWED	ch-99-full-investment-memo.txt	124		Action: Add NGTL to a watchlist with a target entry zone of Rs 410 to Rs 430 — near the conservative-case low end across the DCF and DDM methods — where a genuine margin of safety would open up.	Rs 410		amount	auto-extracted; assign qkey + status in triage (03)
CAND-2894	UNREVIEWED	ch-99-full-investment-memo.txt	124		If the price reaches that zone without a change in the underlying thesis, initiate a starter position sized at roughly 3 percent of portfolio, reflecting the moderate (not high) Canon Score, with a plan to review sizing upward toward a fuller 5 to 6 percent position only after the next annual report resolves the related-party clearing-fee question with clearer disclosure.	3 percent		percent	auto-extracted; assign qkey + status in triage (03)
CAND-2895	UNREVIEWED	framework.txt	15		0The Foundational Frameworks0.1–0.3	1–0		score_band	auto-extracted; assign qkey + status in triage (03)
CAND-2896	UNREVIEWED	framework.txt	58		Chapters 63–66 combine both sides into a single Canon Score out of 100.	63–66		score_band	auto-extracted; assign qkey + status in triage (03)
CAND-2897	UNREVIEWED	index.txt	31		4Nepal’s External Sector and NEPSE ImplicationsRead now →			nepse	auto-extracted; assign qkey + status in triage (03)
CAND-2898	UNREVIEWED	index.txt	35		7What Is NEPSE and Why It Behaves DifferentlyRead now →			nepse	auto-extracted; assign qkey + status in triage (03)
CAND-2899	UNREVIEWED	index.txt	39		11The Liquidity Problem — NEPSE’s Most Critical Structural CharacteristicRead now →			nepse	auto-extracted; assign qkey + status in triage (03)
CAND-2900	UNREVIEWED	index.txt	53		23Governance Scoring for NEPSE CompaniesRead now →			nepse	auto-extracted; assign qkey + status in triage (03)
CAND-2901	UNREVIEWED	index.txt	72		38Tax Planning for the Long-Term NEPSE InvestorRead now →			nepse	auto-extracted; assign qkey + status in triage (03)
CAND-2902	UNREVIEWED	index.txt	73		39Valuation Ratios in the NEPSE ContextRead now →			nepse	auto-extracted; assign qkey + status in triage (03)
CAND-2903	UNREVIEWED	index.txt	89		51Core Behavioural Biases for the NEPSE InvestorRead now →			nepse	auto-extracted; assign qkey + status in triage (03)
CAND-2904	UNREVIEWED	index.txt	105		64The Seven-Dimension Company Quality Score (0–100)Read now →	0–100		score_band	auto-extracted; assign qkey + status in triage (03)
CAND-2905	UNREVIEWED	index.txt	123		80Calibrating Your Scoring Model Against NEPSE HistoryRead now →			nepse	auto-extracted; assign qkey + status in triage (03)
CAND-2906	UNREVIEWED	index.txt	135		90Case Study 8 — The 2021 NEPSE ManiaRead now →			nepse	auto-extracted; assign qkey + status in triage (03)
CAND-2907	UNREVIEWED	index.txt	153		106The NEPSE Data Handbook — Historical AlmanacRead now →			nepse	auto-extracted; assign qkey + status in triage (03)
CAND-2908	UNREVIEWED	index.txt	157		110The NEPSE Regulatory Change TrackerRead now →			nepse	auto-extracted; assign qkey + status in triage (03)
CAND-2909	UNREVIEWED	index.txt	159		112Technology Tools for the NEPSE InvestorRead now →			nepse	auto-extracted; assign qkey + status in triage (03)
CAND-2910	UNREVIEWED	research-chilime-hydropower.txt	10		Rasuwa district — commissioned in August 2003, and a useful test of whether a	August 2003		word_date	auto-extracted; assign qkey + status in triage (03)
CAND-2911	UNREVIEWED	research-chilime-hydropower.txt	13		Scored on 25 August 2026, one day before the Bhotekoshi flood damaged the	25 August		word_date	auto-extracted; assign qkey + status in triage (03)
CAND-2912	UNREVIEWED	research-chilime-hydropower.txt	16		Analysis dated August 2026, using CHCL’s publicly reported figures at that time.	August 2026		word_date	auto-extracted; assign qkey + status in triage (03)
CAND-2913	UNREVIEWED	research-chilime-hydropower.txt	20		Material event — 26 August 2026	26 August		word_date	auto-extracted; assign qkey + status in triage (03)
CAND-2914	UNREVIEWED	research-chilime-hydropower.txt	22		of 26 August 2026 a sudden flash flood surged down the Bhotekoshi from the Tibet side of	26 August		word_date	auto-extracted; assign qkey + status in triage (03)
CAND-2915	UNREVIEWED	research-chilime-hydropower.txt	32		Every score below was assigned on 25 August	25 August		word_date	auto-extracted; assign qkey + status in triage (03)
CAND-2916	UNREVIEWED	research-chilime-hydropower.txt	34		62/100 as a historical record of how the company scored beforehand, not as a current	62/100		fraction	auto-extracted; assign qkey + status in triage (03)
CAND-2917	UNREVIEWED	research-chilime-hydropower.txt	41		Chilime lands in the Adequate band (55–69): investable, but size	55–69		score_band	auto-extracted; assign qkey + status in triage (03)
CAND-2918	UNREVIEWED	research-chilime-hydropower.txt	76		that one location.” The August 2026 flood is precisely that scenario.	August 2026		word_date	auto-extracted; assign qkey + status in triage (03)
CAND-2919	UNREVIEWED	research-chilime-hydropower.txt	84		royalty from roughly NPR 100 to NPR 1,000 per kW per year, and energy royalty from	NPR 100		amount	auto-extracted; assign qkey + status in triage (03)
CAND-2920	UNREVIEWED	research-chilime-hydropower.txt	85		about 2 percent to about 10 percent of revenue.	2 percent		percent	auto-extracted; assign qkey + status in triage (03)
CAND-2921	UNREVIEWED	research-nabil-bank.txt	15		of fiscal year 2082/83.	2082/83		fraction	auto-extracted; assign qkey + status in triage (03)
CAND-2922	UNREVIEWED	research-nabil-bank.txt	21		Strong band (70–84): a solid long-term holding candidate worth	70–84		score_band	auto-extracted; assign qkey + status in triage (03)
CAND-2923	UNREVIEWED	research-nabil-bank.txt	35		of roughly Rs 2.5–2.8 crore clears the rubric’s top volume band comfortably,	Rs 2.5		amount|score_band	auto-extracted; assign qkey + status in triage (03)
CAND-2924	UNREVIEWED	research-nabil-bank.txt	36		and a free float near 41.56 percent clears the 40 percent threshold for full marks.	41.56 percent		percent	auto-extracted; assign qkey + status in triage (03)
CAND-2925	UNREVIEWED	research-nabil-bank.txt	41		Nabil trades around 19.5–20.5 times	5–20		score_band	auto-extracted; assign qkey + status in triage (03)
CAND-2926	UNREVIEWED	research-nabil-bank.txt	43		Both sit at roughly 1.3–1.5	3–1		score_band	auto-extracted; assign qkey + status in triage (03)
